2026-02-03 11:17:47,678 [INFO] apscheduler.scheduler: Adding job tentatively -- it will be properly scheduled when the scheduler starts
2026-02-03 11:17:47,678 [INFO] apscheduler.scheduler: Adding job tentatively -- it will be properly scheduled when the scheduler starts
2026-02-03 11:17:47,679 [INFO] apscheduler.scheduler: Adding job tentatively -- it will be properly scheduled when the scheduler starts
2026-02-03 11:17:47,679 [INFO] apscheduler.scheduler: Adding job tentatively -- it will be properly scheduled when the scheduler starts
2026-02-03 11:17:47,679 [INFO] apscheduler.scheduler: Added job "Scheduler._check_invoices_job" to job store "default"
2026-02-03 11:17:47,680 [INFO] apscheduler.scheduler: Added job "Scheduler._broadcast_job" to job store "default"
2026-02-03 11:17:47,684 [INFO] apscheduler.scheduler: Added job "Scheduler._hold_and_overdue_job" to job store "default"
2026-02-03 11:17:47,684 [INFO] apscheduler.scheduler: Added job "Scheduler._backup_job" to job store "default"
2026-02-03 11:17:47,684 [INFO] apscheduler.scheduler: Scheduler started
2026-02-03 11:17:47,685 [INFO] core.scheduler: Scheduler started
2026-02-03 11:17:47,685 [INFO] core.bot: Bot starting (polling)
2026-02-03 11:17:47,685 [INFO] aiogram.dispatcher: Start polling
2026-02-03 11:17:48,078 [INFO] aiogram.dispatcher: Run polling for bot @sosybuchybot id=8510295030 - 'otsos y buchy'
2026-02-03 11:18:02,166 [INFO] aiogram.event: Update id=514790666 is handled. Duration 280 ms by bot id=8510295030
2026-02-03 11:18:04,748 [INFO] aiogram.event: Update id=514790667 is handled. Duration 342 ms by bot id=8510295030
2026-02-03 11:18:17,689 [INFO] apscheduler.executors.default: Running job "Scheduler._check_invoices_job (trigger: interval[0:00:30], next run at: 2026-02-03 11:18:47 +05)" (scheduled at 2026-02-03 11:18:17.678138+05:00)
2026-02-03 11:18:17,690 [INFO] apscheduler.executors.default: Job "Scheduler._check_invoices_job (trigger: interval[0:00:30], next run at: 2026-02-03 11:18:47 +05)" executed successfully
2026-02-03 11:18:28,459 [INFO] aiogram.event: Update id=514790668 is handled. Duration 155 ms by bot id=8510295030
2026-02-03 11:18:43,260 [INFO] aiogram.event: Update id=514790669 is handled. Duration 109 ms by bot id=8510295030
2026-02-03 11:18:47,690 [INFO] apscheduler.executors.default: Running job "Scheduler._broadcast_job (trigger: interval[0:01:00], next run at: 2026-02-03 11:19:47 +05)" (scheduled at 2026-02-03 11:18:47.678138+05:00)
2026-02-03 11:18:47,691 [INFO] apscheduler.executors.default: Running job "Scheduler._check_invoices_job (trigger: interval[0:00:30], next run at: 2026-02-03 11:19:17 +05)" (scheduled at 2026-02-03 11:18:47.678138+05:00)
2026-02-03 11:18:47,691 [INFO] apscheduler.executors.default: Running job "Scheduler._hold_and_overdue_job (trigger: interval[0:01:00], next run at: 2026-02-03 11:19:47 +05)" (scheduled at 2026-02-03 11:18:47.678138+05:00)
2026-02-03 11:18:47,692 [INFO] apscheduler.executors.default: Job "Scheduler._broadcast_job (trigger: interval[0:01:00], next run at: 2026-02-03 11:19:47 +05)" executed successfully
2026-02-03 11:18:47,693 [INFO] apscheduler.executors.default: Job "Scheduler._check_invoices_job (trigger: interval[0:00:30], next run at: 2026-02-03 11:19:17 +05)" executed successfully
2026-02-03 11:18:47,694 [INFO] apscheduler.executors.default: Job "Scheduler._hold_and_overdue_job (trigger: interval[0:01:00], next run at: 2026-02-03 11:19:47 +05)" executed successfully
2026-02-03 11:18:48,011 [INFO] aiogram.event: Update id=514790670 is handled. Duration 655 ms by bot id=8510295030
2026-02-03 11:18:50,034 [INFO] aiogram.event: Update id=514790671 is handled. Duration 140 ms by bot id=8510295030
2026-02-03 11:18:51,368 [INFO] aiogram.event: Update id=514790672 is handled. Duration 296 ms by bot id=8510295030
2026-02-03 11:19:15,717 [INFO] aiogram.event: Update id=514790673 is handled. Duration 530 ms by bot id=8510295030
2026-02-03 11:19:17,682 [INFO] apscheduler.executors.default: Running job "Scheduler._check_invoices_job (trigger: interval[0:00:30], next run at: 2026-02-03 11:19:47 +05)" (scheduled at 2026-02-03 11:19:17.678138+05:00)
2026-02-03 11:19:17,683 [INFO] apscheduler.executors.default: Job "Scheduler._check_invoices_job (trigger: interval[0:00:30], next run at: 2026-02-03 11:19:47 +05)" executed successfully
2026-02-03 11:19:21,554 [INFO] aiogram.event: Update id=514790674 is handled. Duration 109 ms by bot id=8510295030
2026-02-03 11:19:24,831 [INFO] aiogram.event: Update id=514790675 is handled. Duration 92 ms by bot id=8510295030
2026-02-03 11:19:26,534 [INFO] aiogram.event: Update id=514790676 is handled. Duration 188 ms by bot id=8510295030
2026-02-03 11:19:34,361 [INFO] handlers.user_handler: New loan application 1 from user 7946893985
2026-02-03 11:19:34,361 [INFO] aiogram.event: Update id=514790677 is handled. Duration 563 ms by bot id=8510295030
2026-02-03 11:19:47,682 [INFO] apscheduler.executors.default: Running job "Scheduler._broadcast_job (trigger: interval[0:01:00], next run at: 2026-02-03 11:20:47 +05)" (scheduled at 2026-02-03 11:19:47.678138+05:00)
2026-02-03 11:19:47,682 [INFO] apscheduler.executors.default: Running job "Scheduler._check_invoices_job (trigger: interval[0:00:30], next run at: 2026-02-03 11:20:17 +05)" (scheduled at 2026-02-03 11:19:47.678138+05:00)
2026-02-03 11:19:47,683 [INFO] apscheduler.executors.default: Running job "Scheduler._hold_and_overdue_job (trigger: interval[0:01:00], next run at: 2026-02-03 11:20:47 +05)" (scheduled at 2026-02-03 11:19:47.678138+05:00)
2026-02-03 11:19:47,683 [INFO] apscheduler.executors.default: Job "Scheduler._broadcast_job (trigger: interval[0:01:00], next run at: 2026-02-03 11:20:47 +05)" executed successfully
2026-02-03 11:19:47,684 [INFO] apscheduler.executors.default: Job "Scheduler._check_invoices_job (trigger: interval[0:00:30], next run at: 2026-02-03 11:20:17 +05)" executed successfully
2026-02-03 11:19:47,685 [INFO] apscheduler.executors.default: Job "Scheduler._hold_and_overdue_job (trigger: interval[0:01:00], next run at: 2026-02-03 11:20:47 +05)" executed successfully
2026-02-03 11:20:17,694 [INFO] apscheduler.executors.default: Running job "Scheduler._check_invoices_job (trigger: interval[0:00:30], next run at: 2026-02-03 11:20:47 +05)" (scheduled at 2026-02-03 11:20:17.678138+05:00)
2026-02-03 11:20:17,695 [INFO] apscheduler.executors.default: Job "Scheduler._check_invoices_job (trigger: interval[0:00:30], next run at: 2026-02-03 11:20:47 +05)" executed successfully
2026-02-03 11:20:47,684 [INFO] apscheduler.executors.default: Running job "Scheduler._broadcast_job (trigger: interval[0:01:00], next run at: 2026-02-03 11:21:47 +05)" (scheduled at 2026-02-03 11:20:47.678138+05:00)
2026-02-03 11:20:47,685 [INFO] apscheduler.executors.default: Running job "Scheduler._check_invoices_job (trigger: interval[0:00:30], next run at: 2026-02-03 11:21:17 +05)" (scheduled at 2026-02-03 11:20:47.678138+05:00)
2026-02-03 11:20:47,685 [INFO] apscheduler.executors.default: Running job "Scheduler._hold_and_overdue_job (trigger: interval[0:01:00], next run at: 2026-02-03 11:21:47 +05)" (scheduled at 2026-02-03 11:20:47.678138+05:00)
2026-02-03 11:20:47,685 [INFO] apscheduler.executors.default: Job "Scheduler._broadcast_job (trigger: interval[0:01:00], next run at: 2026-02-03 11:21:47 +05)" executed successfully
2026-02-03 11:20:47,686 [INFO] apscheduler.executors.default: Job "Scheduler._check_invoices_job (trigger: interval[0:00:30], next run at: 2026-02-03 11:21:17 +05)" executed successfully
2026-02-03 11:20:47,687 [INFO] apscheduler.executors.default: Job "Scheduler._hold_and_overdue_job (trigger: interval[0:01:00], next run at: 2026-02-03 11:21:47 +05)" executed successfully
2026-02-03 11:21:17,698 [INFO] apscheduler.executors.default: Running job "Scheduler._check_invoices_job (trigger: interval[0:00:30], next run at: 2026-02-03 11:21:47 +05)" (scheduled at 2026-02-03 11:21:17.678138+05:00)
2026-02-03 11:21:17,699 [INFO] apscheduler.executors.default: Job "Scheduler._check_invoices_job (trigger: interval[0:00:30], next run at: 2026-02-03 11:21:47 +05)" executed successfully
2026-02-03 11:21:47,680 [INFO] apscheduler.executors.default: Running job "Scheduler._broadcast_job (trigger: interval[0:01:00], next run at: 2026-02-03 11:22:47 +05)" (scheduled at 2026-02-03 11:21:47.678138+05:00)
2026-02-03 11:21:47,680 [INFO] apscheduler.executors.default: Running job "Scheduler._check_invoices_job (trigger: interval[0:00:30], next run at: 2026-02-03 11:22:17 +05)" (scheduled at 2026-02-03 11:21:47.678138+05:00)
2026-02-03 11:21:47,681 [INFO] apscheduler.executors.default: Running job "Scheduler._hold_and_overdue_job (trigger: interval[0:01:00], next run at: 2026-02-03 11:22:47 +05)" (scheduled at 2026-02-03 11:21:47.678138+05:00)
2026-02-03 11:21:47,682 [INFO] apscheduler.executors.default: Job "Scheduler._broadcast_job (trigger: interval[0:01:00], next run at: 2026-02-03 11:22:47 +05)" executed successfully
2026-02-03 11:21:47,682 [INFO] apscheduler.executors.default: Job "Scheduler._check_invoices_job (trigger: interval[0:00:30], next run at: 2026-02-03 11:22:17 +05)" executed successfully
2026-02-03 11:21:47,683 [INFO] apscheduler.executors.default: Job "Scheduler._hold_and_overdue_job (trigger: interval[0:01:00], next run at: 2026-02-03 11:22:47 +05)" executed successfully
2026-02-03 11:22:17,679 [INFO] apscheduler.executors.default: Running job "Scheduler._check_invoices_job (trigger: interval[0:00:30], next run at: 2026-02-03 11:22:47 +05)" (scheduled at 2026-02-03 11:22:17.678138+05:00)
2026-02-03 11:22:17,680 [INFO] apscheduler.executors.default: Job "Scheduler._check_invoices_job (trigger: interval[0:00:30], next run at: 2026-02-03 11:22:47 +05)" executed successfully
2026-02-03 11:22:47,691 [INFO] apscheduler.executors.default: Running job "Scheduler._broadcast_job (trigger: interval[0:01:00], next run at: 2026-02-03 11:23:47 +05)" (scheduled at 2026-02-03 11:22:47.678138+05:00)
2026-02-03 11:22:47,691 [INFO] apscheduler.executors.default: Running job "Scheduler._check_invoices_job (trigger: interval[0:00:30], next run at: 2026-02-03 11:23:17 +05)" (scheduled at 2026-02-03 11:22:47.678138+05:00)
2026-02-03 11:22:47,692 [INFO] apscheduler.executors.default: Running job "Scheduler._hold_and_overdue_job (trigger: interval[0:01:00], next run at: 2026-02-03 11:23:47 +05)" (scheduled at 2026-02-03 11:22:47.678138+05:00)
2026-02-03 11:22:47,692 [INFO] apscheduler.executors.default: Job "Scheduler._broadcast_job (trigger: interval[0:01:00], next run at: 2026-02-03 11:23:47 +05)" executed successfully
2026-02-03 11:22:47,693 [INFO] apscheduler.executors.default: Job "Scheduler._check_invoices_job (trigger: interval[0:00:30], next run at: 2026-02-03 11:23:17 +05)" executed successfully
2026-02-03 11:22:47,694 [INFO] apscheduler.executors.default: Job "Scheduler._hold_and_overdue_job (trigger: interval[0:01:00], next run at: 2026-02-03 11:23:47 +05)" executed successfully
2026-02-03 11:23:17,693 [INFO] apscheduler.executors.default: Running job "Scheduler._check_invoices_job (trigger: interval[0:00:30], next run at: 2026-02-03 11:23:47 +05)" (scheduled at 2026-02-03 11:23:17.678138+05:00)
2026-02-03 11:23:17,694 [INFO] apscheduler.executors.default: Job "Scheduler._check_invoices_job (trigger: interval[0:00:30], next run at: 2026-02-03 11:23:47 +05)" executed successfully
2026-02-03 11:23:47,699 [INFO] apscheduler.executors.default: Running job "Scheduler._broadcast_job (trigger: interval[0:01:00], next run at: 2026-02-03 11:24:47 +05)" (scheduled at 2026-02-03 11:23:47.678138+05:00)
2026-02-03 11:23:47,700 [INFO] apscheduler.executors.default: Running job "Scheduler._check_invoices_job (trigger: interval[0:00:30], next run at: 2026-02-03 11:24:17 +05)" (scheduled at 2026-02-03 11:23:47.678138+05:00)
2026-02-03 11:23:47,700 [INFO] apscheduler.executors.default: Running job "Scheduler._hold_and_overdue_job (trigger: interval[0:01:00], next run at: 2026-02-03 11:24:47 +05)" (scheduled at 2026-02-03 11:23:47.678138+05:00)
2026-02-03 11:23:47,700 [INFO] apscheduler.executors.default: Job "Scheduler._broadcast_job (trigger: interval[0:01:00], next run at: 2026-02-03 11:24:47 +05)" executed successfully
2026-02-03 11:23:47,701 [INFO] apscheduler.executors.default: Job "Scheduler._check_invoices_job (trigger: interval[0:00:30], next run at: 2026-02-03 11:24:17 +05)" executed successfully
2026-02-03 11:23:47,702 [INFO] apscheduler.executors.default: Job "Scheduler._hold_and_overdue_job (trigger: interval[0:01:00], next run at: 2026-02-03 11:24:47 +05)" executed successfully
2026-02-03 11:24:17,688 [INFO] apscheduler.executors.default: Running job "Scheduler._check_invoices_job (trigger: interval[0:00:30], next run at: 2026-02-03 11:24:47 +05)" (scheduled at 2026-02-03 11:24:17.678138+05:00)
2026-02-03 11:24:17,689 [INFO] apscheduler.executors.default: Job "Scheduler._check_invoices_job (trigger: interval[0:00:30], next run at: 2026-02-03 11:24:47 +05)" executed successfully
2026-02-03 11:24:47,683 [INFO] apscheduler.executors.default: Running job "Scheduler._broadcast_job (trigger: interval[0:01:00], next run at: 2026-02-03 11:25:47 +05)" (scheduled at 2026-02-03 11:24:47.678138+05:00)
2026-02-03 11:24:47,683 [INFO] apscheduler.executors.default: Running job "Scheduler._check_invoices_job (trigger: interval[0:00:30], next run at: 2026-02-03 11:25:17 +05)" (scheduled at 2026-02-03 11:24:47.678138+05:00)
2026-02-03 11:24:47,684 [INFO] apscheduler.executors.default: Running job "Scheduler._hold_and_overdue_job (trigger: interval[0:01:00], next run at: 2026-02-03 11:25:47 +05)" (scheduled at 2026-02-03 11:24:47.678138+05:00)
2026-02-03 11:24:47,684 [INFO] apscheduler.executors.default: Job "Scheduler._broadcast_job (trigger: interval[0:01:00], next run at: 2026-02-03 11:25:47 +05)" executed successfully
2026-02-03 11:24:47,685 [INFO] apscheduler.executors.default: Job "Scheduler._check_invoices_job (trigger: interval[0:00:30], next run at: 2026-02-03 11:25:17 +05)" executed successfully
2026-02-03 11:24:47,686 [INFO] apscheduler.executors.default: Job "Scheduler._hold_and_overdue_job (trigger: interval[0:01:00], next run at: 2026-02-03 11:25:47 +05)" executed successfully
2026-02-03 11:25:16,511 [INFO] aiogram.dispatcher: Polling stopped
2026-02-03 11:25:16,512 [ERROR] aiogram.dispatcher: Failed to fetch updates - TelegramNetworkError: HTTP Client says - ServerDisconnectedError: Server disconnected
2026-02-03 11:25:16,513 [WARNING] aiogram.dispatcher: Sleep for 1.000000 seconds and try again... (tryings = 0, bot id = 8510295030)
2026-02-03 11:25:16,775 [INFO] core.scheduler: Scheduler stopped
2026-02-03 11:25:16,775 [INFO] apscheduler.scheduler: Scheduler has been shut down
2026-02-03 11:25:16,777 [INFO] aiogram.dispatcher: Polling stopped for bot @sosybuchybot id=8510295030 - 'otsos y buchy'
2026-02-03 11:25:25,094 [INFO] apscheduler.scheduler: Adding job tentatively -- it will be properly scheduled when the scheduler starts
2026-02-03 11:25:25,095 [INFO] apscheduler.scheduler: Adding job tentatively -- it will be properly scheduled when the scheduler starts
2026-02-03 11:25:25,095 [INFO] apscheduler.scheduler: Adding job tentatively -- it will be properly scheduled when the scheduler starts
2026-02-03 11:25:25,095 [INFO] apscheduler.scheduler: Adding job tentatively -- it will be properly scheduled when the scheduler starts
2026-02-03 11:25:25,095 [INFO] apscheduler.scheduler: Added job "Scheduler._check_invoices_job" to job store "default"
2026-02-03 11:25:25,096 [INFO] apscheduler.scheduler: Added job "Scheduler._broadcast_job" to job store "default"
2026-02-03 11:25:25,096 [INFO] apscheduler.scheduler: Added job "Scheduler._hold_and_overdue_job" to job store "default"
2026-02-03 11:25:25,096 [INFO] apscheduler.scheduler: Added job "Scheduler._backup_job" to job store "default"
2026-02-03 11:25:25,096 [INFO] apscheduler.scheduler: Scheduler started
2026-02-03 11:25:25,096 [INFO] core.scheduler: Scheduler started
2026-02-03 11:25:25,096 [INFO] core.bot: Bot starting (polling)
2026-02-03 11:25:25,096 [INFO] aiogram.dispatcher: Start polling
2026-02-03 11:25:25,369 [INFO] aiogram.dispatcher: Run polling for bot @sosybuchybot id=8510295030 - 'otsos y buchy'
2026-02-03 11:25:34,434 [INFO] aiogram.event: Update id=514790678 is not handled. Duration 0 ms by bot id=8510295030
2026-02-03 11:25:34,434 [ERROR] aiogram.event: Cause exception while process update id=514790678 by bot id=8510295030
AttributeError: 'sqlite3.Row' object has no attribute 'get'
Traceback (most recent call last):
  File "C:\Users\no0ba\AppData\Local\Programs\Python\Python312\Lib\site-packages\aiogram\dispatcher\dispatcher.py", line 309, in _process_update
    response = await self.feed_update(bot, update, **kwargs)
               ^^^^^^^^^^^^^^^^^^^^^^^^^^^^^^^^^^^^^^^^^^^^^
  File "C:\Users\no0ba\AppData\Local\Programs\Python\Python312\Lib\site-packages\aiogram\dispatcher\dispatcher.py", line 158, in feed_update
    response = await self.update.wrap_outer_middleware(
               ^^^^^^^^^^^^^^^^^^^^^^^^^^^^^^^^^^^^^^^^
  File "C:\Users\no0ba\AppData\Local\Programs\Python\Python312\Lib\site-packages\aiogram\dispatcher\middlewares\error.py", line 25, in __call__
    return await handler(event, data)
           ^^^^^^^^^^^^^^^^^^^^^^^^^^
  File "C:\Users\no0ba\AppData\Local\Programs\Python\Python312\Lib\site-packages\aiogram\dispatcher\middlewares\user_context.py", line 49, in __call__
    return await handler(event, data)
           ^^^^^^^^^^^^^^^^^^^^^^^^^^
  File "C:\Users\no0ba\AppData\Local\Programs\Python\Python312\Lib\site-packages\aiogram\fsm\middleware.py", line 42, in __call__
    return await handler(event, data)
           ^^^^^^^^^^^^^^^^^^^^^^^^^^
  File "C:\Users\no0ba\AppData\Local\Programs\Python\Python312\Lib\site-packages\aiogram\dispatcher\event\telegram.py", line 121, in trigger
    return await wrapped_inner(event, kwargs)
           ^^^^^^^^^^^^^^^^^^^^^^^^^^^^^^^^^^
  File "C:\Users\no0ba\AppData\Local\Programs\Python\Python312\Lib\site-packages\aiogram\dispatcher\event\handler.py", line 43, in call
    return await wrapped()
           ^^^^^^^^^^^^^^^
  File "C:\Users\no0ba\AppData\Local\Programs\Python\Python312\Lib\site-packages\aiogram\dispatcher\dispatcher.py", line 276, in _listen_update
    return await self.propagate_event(update_type=update_type, event=event, **kwargs)
           ^^^^^^^^^^^^^^^^^^^^^^^^^^^^^^^^^^^^^^^^^^^^^^^^^^^^^^^^^^^^^^^^^^^^^^^^^^
  File "C:\Users\no0ba\AppData\Local\Programs\Python\Python312\Lib\site-packages\aiogram\dispatcher\router.py", line 142, in propagate_event
    return await observer.wrap_outer_middleware(_wrapped, event=event, data=kwargs)
           ^^^^^^^^^^^^^^^^^^^^^^^^^^^^^^^^^^^^^^^^^^^^^^^^^^^^^^^^^^^^^^^^^^^^^^^^
  File "C:\Users\no0ba\AppData\Local\Programs\Python\Python312\Lib\site-packages\aiogram\dispatcher\router.py", line 137, in _wrapped
    return await self._propagate_event(
           ^^^^^^^^^^^^^^^^^^^^^^^^^^^^
  File "C:\Users\no0ba\AppData\Local\Programs\Python\Python312\Lib\site-packages\aiogram\dispatcher\router.py", line 170, in _propagate_event
    response = await router.propagate_event(update_type=update_type, event=event, **kwargs)
               ^^^^^^^^^^^^^^^^^^^^^^^^^^^^^^^^^^^^^^^^^^^^^^^^^^^^^^^^^^^^^^^^^^^^^^^^^^^^
  File "C:\Users\no0ba\AppData\Local\Programs\Python\Python312\Lib\site-packages\aiogram\dispatcher\router.py", line 142, in propagate_event
    return await observer.wrap_outer_middleware(_wrapped, event=event, data=kwargs)
           ^^^^^^^^^^^^^^^^^^^^^^^^^^^^^^^^^^^^^^^^^^^^^^^^^^^^^^^^^^^^^^^^^^^^^^^^
  File "C:\Users\no0ba\AppData\Local\Programs\Python\Python312\Lib\site-packages\aiogram\dispatcher\router.py", line 137, in _wrapped
    return await self._propagate_event(
           ^^^^^^^^^^^^^^^^^^^^^^^^^^^^
  File "C:\Users\no0ba\AppData\Local\Programs\Python\Python312\Lib\site-packages\aiogram\dispatcher\router.py", line 162, in _propagate_event
    response = await observer.trigger(event, **kwargs)
               ^^^^^^^^^^^^^^^^^^^^^^^^^^^^^^^^^^^^^^^
  File "C:\Users\no0ba\AppData\Local\Programs\Python\Python312\Lib\site-packages\aiogram\dispatcher\event\telegram.py", line 121, in trigger
    return await wrapped_inner(event, kwargs)
           ^^^^^^^^^^^^^^^^^^^^^^^^^^^^^^^^^^
  File "C:\Users\no0ba\AppData\Local\Programs\Python\Python312\Lib\site-packages\aiogram\dispatcher\event\handler.py", line 43, in call
    return await wrapped()
           ^^^^^^^^^^^^^^^
  File "C:\Users\no0ba\Desktop\bard\handlers\user_handler.py", line 92, in cmd_start
    if message.from_user and message.from_user.username != user.get("username"):
                                                           ^^^^^^^^
AttributeError: 'sqlite3.Row' object has no attribute 'get'
2026-02-03 11:25:55,096 [INFO] apscheduler.executors.default: Running job "Scheduler._check_invoices_job (trigger: interval[0:00:30], next run at: 2026-02-03 11:26:25 +05)" (scheduled at 2026-02-03 11:25:55.094427+05:00)
2026-02-03 11:25:55,097 [INFO] apscheduler.executors.default: Job "Scheduler._check_invoices_job (trigger: interval[0:00:30], next run at: 2026-02-03 11:26:25 +05)" executed successfully
2026-02-03 11:26:25,095 [INFO] apscheduler.executors.default: Running job "Scheduler._broadcast_job (trigger: interval[0:01:00], next run at: 2026-02-03 11:27:25 +05)" (scheduled at 2026-02-03 11:26:25.094427+05:00)
2026-02-03 11:26:25,095 [INFO] apscheduler.executors.default: Running job "Scheduler._check_invoices_job (trigger: interval[0:00:30], next run at: 2026-02-03 11:26:55 +05)" (scheduled at 2026-02-03 11:26:25.094427+05:00)
2026-02-03 11:26:25,096 [INFO] apscheduler.executors.default: Running job "Scheduler._hold_and_overdue_job (trigger: interval[0:01:00], next run at: 2026-02-03 11:27:25 +05)" (scheduled at 2026-02-03 11:26:25.095427+05:00)
2026-02-03 11:26:25,096 [INFO] apscheduler.executors.default: Job "Scheduler._broadcast_job (trigger: interval[0:01:00], next run at: 2026-02-03 11:27:25 +05)" executed successfully
2026-02-03 11:26:25,097 [INFO] apscheduler.executors.default: Job "Scheduler._check_invoices_job (trigger: interval[0:00:30], next run at: 2026-02-03 11:26:55 +05)" executed successfully
2026-02-03 11:26:25,098 [INFO] apscheduler.executors.default: Job "Scheduler._hold_and_overdue_job (trigger: interval[0:01:00], next run at: 2026-02-03 11:27:25 +05)" executed successfully
2026-02-03 11:26:55,094 [INFO] apscheduler.executors.default: Running job "Scheduler._check_invoices_job (trigger: interval[0:00:30], next run at: 2026-02-03 11:27:25 +05)" (scheduled at 2026-02-03 11:26:55.094427+05:00)
2026-02-03 11:26:55,095 [INFO] apscheduler.executors.default: Job "Scheduler._check_invoices_job (trigger: interval[0:00:30], next run at: 2026-02-03 11:27:25 +05)" executed successfully
2026-02-03 11:27:25,105 [INFO] apscheduler.executors.default: Running job "Scheduler._broadcast_job (trigger: interval[0:01:00], next run at: 2026-02-03 11:28:25 +05)" (scheduled at 2026-02-03 11:27:25.094427+05:00)
2026-02-03 11:27:25,105 [INFO] apscheduler.executors.default: Running job "Scheduler._check_invoices_job (trigger: interval[0:00:30], next run at: 2026-02-03 11:27:55 +05)" (scheduled at 2026-02-03 11:27:25.094427+05:00)
2026-02-03 11:27:25,106 [INFO] apscheduler.executors.default: Running job "Scheduler._hold_and_overdue_job (trigger: interval[0:01:00], next run at: 2026-02-03 11:28:25 +05)" (scheduled at 2026-02-03 11:27:25.095427+05:00)
2026-02-03 11:27:25,106 [INFO] apscheduler.executors.default: Job "Scheduler._broadcast_job (trigger: interval[0:01:00], next run at: 2026-02-03 11:28:25 +05)" executed successfully
2026-02-03 11:27:25,107 [INFO] apscheduler.executors.default: Job "Scheduler._check_invoices_job (trigger: interval[0:00:30], next run at: 2026-02-03 11:27:55 +05)" executed successfully
2026-02-03 11:27:25,108 [INFO] apscheduler.executors.default: Job "Scheduler._hold_and_overdue_job (trigger: interval[0:01:00], next run at: 2026-02-03 11:28:25 +05)" executed successfully
2026-02-03 11:27:55,110 [INFO] apscheduler.executors.default: Running job "Scheduler._check_invoices_job (trigger: interval[0:00:30], next run at: 2026-02-03 11:28:25 +05)" (scheduled at 2026-02-03 11:27:55.094427+05:00)
2026-02-03 11:27:55,111 [INFO] apscheduler.executors.default: Job "Scheduler._check_invoices_job (trigger: interval[0:00:30], next run at: 2026-02-03 11:28:25 +05)" executed successfully
2026-02-03 11:27:55,517 [INFO] aiogram.dispatcher: Polling stopped
2026-02-03 11:27:55,517 [ERROR] aiogram.dispatcher: Failed to fetch updates - TelegramNetworkError: HTTP Client says - ServerDisconnectedError: Server disconnected
2026-02-03 11:27:55,518 [WARNING] aiogram.dispatcher: Sleep for 1.000000 seconds and try again... (tryings = 0, bot id = 8510295030)
2026-02-03 11:27:55,780 [INFO] core.scheduler: Scheduler stopped
2026-02-03 11:27:55,780 [INFO] apscheduler.scheduler: Scheduler has been shut down
2026-02-03 11:27:55,782 [INFO] aiogram.dispatcher: Polling stopped for bot @sosybuchybot id=8510295030 - 'otsos y buchy'
2026-02-03 11:28:03,173 [INFO] apscheduler.scheduler: Adding job tentatively -- it will be properly scheduled when the scheduler starts
2026-02-03 11:28:03,173 [INFO] apscheduler.scheduler: Adding job tentatively -- it will be properly scheduled when the scheduler starts
2026-02-03 11:28:03,174 [INFO] apscheduler.scheduler: Adding job tentatively -- it will be properly scheduled when the scheduler starts
2026-02-03 11:28:03,174 [INFO] apscheduler.scheduler: Adding job tentatively -- it will be properly scheduled when the scheduler starts
2026-02-03 11:28:03,175 [INFO] apscheduler.scheduler: Added job "Scheduler._check_invoices_job" to job store "default"
2026-02-03 11:28:03,175 [INFO] apscheduler.scheduler: Added job "Scheduler._broadcast_job" to job store "default"
2026-02-03 11:28:03,175 [INFO] apscheduler.scheduler: Added job "Scheduler._hold_and_overdue_job" to job store "default"
2026-02-03 11:28:03,175 [INFO] apscheduler.scheduler: Added job "Scheduler._backup_job" to job store "default"
2026-02-03 11:28:03,175 [INFO] apscheduler.scheduler: Scheduler started
2026-02-03 11:28:03,176 [INFO] core.scheduler: Scheduler started
2026-02-03 11:28:03,176 [INFO] core.bot: Bot starting (polling)
2026-02-03 11:28:03,176 [INFO] aiogram.dispatcher: Start polling
2026-02-03 11:28:03,422 [INFO] aiogram.dispatcher: Run polling for bot @sosybuchybot id=8510295030 - 'otsos y buchy'
2026-02-03 11:28:07,901 [INFO] aiogram.event: Update id=514790679 is handled. Duration 282 ms by bot id=8510295030
2026-02-03 11:28:09,682 [INFO] aiogram.event: Update id=514790680 is handled. Duration 202 ms by bot id=8510295030
2026-02-03 11:28:11,830 [INFO] aiogram.event: Update id=514790681 is handled. Duration 250 ms by bot id=8510295030
2026-02-03 11:28:13,816 [INFO] aiogram.event: Update id=514790682 is handled. Duration 140 ms by bot id=8510295030
2026-02-03 11:28:15,547 [INFO] aiogram.event: Update id=514790683 is handled. Duration 125 ms by bot id=8510295030
2026-02-03 11:28:17,029 [INFO] aiogram.event: Update id=514790684 is handled. Duration 203 ms by bot id=8510295030
2026-02-03 11:28:24,395 [INFO] handlers.user_handler: New loan application 2 from user 7946893985
2026-02-03 11:28:24,396 [INFO] aiogram.event: Update id=514790685 is handled. Duration 609 ms by bot id=8510295030
2026-02-03 11:28:33,175 [INFO] apscheduler.executors.default: Running job "Scheduler._check_invoices_job (trigger: interval[0:00:30], next run at: 2026-02-03 11:29:03 +05)" (scheduled at 2026-02-03 11:28:33.173880+05:00)
2026-02-03 11:28:33,176 [INFO] apscheduler.executors.default: Job "Scheduler._check_invoices_job (trigger: interval[0:00:30], next run at: 2026-02-03 11:29:03 +05)" executed successfully
2026-02-03 11:28:36,133 [INFO] aiogram.event: Update id=514790686 is handled. Duration 94 ms by bot id=8510295030
2026-02-03 11:28:45,281 [INFO] aiogram.event: Update id=514790687 is handled. Duration 78 ms by bot id=8510295030
2026-02-03 11:28:47,531 [INFO] aiogram.event: Update id=514790688 is handled. Duration 109 ms by bot id=8510295030
2026-02-03 11:28:50,766 [INFO] aiogram.event: Update id=514790689 is not handled. Duration 0 ms by bot id=8510295030
2026-02-03 11:29:03,183 [INFO] apscheduler.executors.default: Running job "Scheduler._broadcast_job (trigger: interval[0:01:00], next run at: 2026-02-03 11:30:03 +05)" (scheduled at 2026-02-03 11:29:03.173880+05:00)
2026-02-03 11:29:03,183 [INFO] apscheduler.executors.default: Running job "Scheduler._check_invoices_job (trigger: interval[0:00:30], next run at: 2026-02-03 11:29:33 +05)" (scheduled at 2026-02-03 11:29:03.173880+05:00)
2026-02-03 11:29:03,184 [INFO] apscheduler.executors.default: Running job "Scheduler._hold_and_overdue_job (trigger: interval[0:01:00], next run at: 2026-02-03 11:30:03 +05)" (scheduled at 2026-02-03 11:29:03.174879+05:00)
2026-02-03 11:29:03,184 [INFO] apscheduler.executors.default: Job "Scheduler._broadcast_job (trigger: interval[0:01:00], next run at: 2026-02-03 11:30:03 +05)" executed successfully
2026-02-03 11:29:03,185 [INFO] apscheduler.executors.default: Job "Scheduler._check_invoices_job (trigger: interval[0:00:30], next run at: 2026-02-03 11:29:33 +05)" executed successfully
2026-02-03 11:29:03,186 [INFO] apscheduler.executors.default: Job "Scheduler._hold_and_overdue_job (trigger: interval[0:01:00], next run at: 2026-02-03 11:30:03 +05)" executed successfully
2026-02-03 11:29:33,189 [INFO] apscheduler.executors.default: Running job "Scheduler._check_invoices_job (trigger: interval[0:00:30], next run at: 2026-02-03 11:30:03 +05)" (scheduled at 2026-02-03 11:29:33.173880+05:00)
2026-02-03 11:29:33,190 [INFO] apscheduler.executors.default: Job "Scheduler._check_invoices_job (trigger: interval[0:00:30], next run at: 2026-02-03 11:30:03 +05)" executed successfully
2026-02-03 11:30:03,177 [INFO] apscheduler.executors.default: Running job "Scheduler._broadcast_job (trigger: interval[0:01:00], next run at: 2026-02-03 11:31:03 +05)" (scheduled at 2026-02-03 11:30:03.173880+05:00)
2026-02-03 11:30:03,177 [INFO] apscheduler.executors.default: Running job "Scheduler._check_invoices_job (trigger: interval[0:00:30], next run at: 2026-02-03 11:30:33 +05)" (scheduled at 2026-02-03 11:30:03.173880+05:00)
2026-02-03 11:30:03,178 [INFO] apscheduler.executors.default: Running job "Scheduler._hold_and_overdue_job (trigger: interval[0:01:00], next run at: 2026-02-03 11:31:03 +05)" (scheduled at 2026-02-03 11:30:03.174879+05:00)
2026-02-03 11:30:03,178 [INFO] apscheduler.executors.default: Job "Scheduler._broadcast_job (trigger: interval[0:01:00], next run at: 2026-02-03 11:31:03 +05)" executed successfully
2026-02-03 11:30:03,179 [INFO] apscheduler.executors.default: Job "Scheduler._check_invoices_job (trigger: interval[0:00:30], next run at: 2026-02-03 11:30:33 +05)" executed successfully
2026-02-03 11:30:03,180 [INFO] apscheduler.executors.default: Job "Scheduler._hold_and_overdue_job (trigger: interval[0:01:00], next run at: 2026-02-03 11:31:03 +05)" executed successfully
2026-02-03 11:30:33,176 [INFO] apscheduler.executors.default: Running job "Scheduler._check_invoices_job (trigger: interval[0:00:30], next run at: 2026-02-03 11:31:03 +05)" (scheduled at 2026-02-03 11:30:33.173880+05:00)
2026-02-03 11:30:33,177 [INFO] apscheduler.executors.default: Job "Scheduler._check_invoices_job (trigger: interval[0:00:30], next run at: 2026-02-03 11:31:03 +05)" executed successfully
2026-02-03 11:31:03,196 [INFO] apscheduler.executors.default: Running job "Scheduler._broadcast_job (trigger: interval[0:01:00], next run at: 2026-02-03 11:32:03 +05)" (scheduled at 2026-02-03 11:31:03.173880+05:00)
2026-02-03 11:31:03,196 [INFO] apscheduler.executors.default: Running job "Scheduler._check_invoices_job (trigger: interval[0:00:30], next run at: 2026-02-03 11:31:33 +05)" (scheduled at 2026-02-03 11:31:03.173880+05:00)
2026-02-03 11:31:03,197 [INFO] apscheduler.executors.default: Running job "Scheduler._hold_and_overdue_job (trigger: interval[0:01:00], next run at: 2026-02-03 11:32:03 +05)" (scheduled at 2026-02-03 11:31:03.174879+05:00)
2026-02-03 11:31:03,197 [INFO] apscheduler.executors.default: Job "Scheduler._broadcast_job (trigger: interval[0:01:00], next run at: 2026-02-03 11:32:03 +05)" executed successfully
2026-02-03 11:31:03,198 [INFO] apscheduler.executors.default: Job "Scheduler._check_invoices_job (trigger: interval[0:00:30], next run at: 2026-02-03 11:31:33 +05)" executed successfully
2026-02-03 11:31:03,199 [INFO] apscheduler.executors.default: Job "Scheduler._hold_and_overdue_job (trigger: interval[0:01:00], next run at: 2026-02-03 11:32:03 +05)" executed successfully
2026-02-03 11:31:33,186 [INFO] apscheduler.executors.default: Running job "Scheduler._check_invoices_job (trigger: interval[0:00:30], next run at: 2026-02-03 11:32:03 +05)" (scheduled at 2026-02-03 11:31:33.173880+05:00)
2026-02-03 11:31:33,187 [INFO] apscheduler.executors.default: Job "Scheduler._check_invoices_job (trigger: interval[0:00:30], next run at: 2026-02-03 11:32:03 +05)" executed successfully
2026-02-03 11:32:03,188 [INFO] apscheduler.executors.default: Running job "Scheduler._broadcast_job (trigger: interval[0:01:00], next run at: 2026-02-03 11:33:03 +05)" (scheduled at 2026-02-03 11:32:03.173880+05:00)
2026-02-03 11:32:03,188 [INFO] apscheduler.executors.default: Running job "Scheduler._check_invoices_job (trigger: interval[0:00:30], next run at: 2026-02-03 11:32:33 +05)" (scheduled at 2026-02-03 11:32:03.173880+05:00)
2026-02-03 11:32:03,189 [INFO] apscheduler.executors.default: Running job "Scheduler._hold_and_overdue_job (trigger: interval[0:01:00], next run at: 2026-02-03 11:33:03 +05)" (scheduled at 2026-02-03 11:32:03.174879+05:00)
2026-02-03 11:32:03,189 [INFO] apscheduler.executors.default: Job "Scheduler._broadcast_job (trigger: interval[0:01:00], next run at: 2026-02-03 11:33:03 +05)" executed successfully
2026-02-03 11:32:03,190 [INFO] apscheduler.executors.default: Job "Scheduler._check_invoices_job (trigger: interval[0:00:30], next run at: 2026-02-03 11:32:33 +05)" executed successfully
2026-02-03 11:32:03,191 [INFO] apscheduler.executors.default: Job "Scheduler._hold_and_overdue_job (trigger: interval[0:01:00], next run at: 2026-02-03 11:33:03 +05)" executed successfully
2026-02-03 11:32:06,860 [INFO] aiogram.dispatcher: Polling stopped
2026-02-03 11:32:06,861 [ERROR] aiogram.dispatcher: Failed to fetch updates - TelegramNetworkError: HTTP Client says - ServerDisconnectedError: Server disconnected
2026-02-03 11:32:06,861 [WARNING] aiogram.dispatcher: Sleep for 1.000000 seconds and try again... (tryings = 0, bot id = 8510295030)
2026-02-03 11:32:07,123 [INFO] core.scheduler: Scheduler stopped
2026-02-03 11:32:07,123 [INFO] apscheduler.scheduler: Scheduler has been shut down
2026-02-03 11:32:07,124 [INFO] aiogram.dispatcher: Polling stopped for bot @sosybuchybot id=8510295030 - 'otsos y buchy'
2026-02-03 11:32:14,951 [INFO] apscheduler.scheduler: Adding job tentatively -- it will be properly scheduled when the scheduler starts
2026-02-03 11:32:14,952 [INFO] apscheduler.scheduler: Adding job tentatively -- it will be properly scheduled when the scheduler starts
2026-02-03 11:32:14,952 [INFO] apscheduler.scheduler: Adding job tentatively -- it will be properly scheduled when the scheduler starts
2026-02-03 11:32:14,952 [INFO] apscheduler.scheduler: Adding job tentatively -- it will be properly scheduled when the scheduler starts
2026-02-03 11:32:14,953 [INFO] apscheduler.scheduler: Added job "Scheduler._check_invoices_job" to job store "default"
2026-02-03 11:32:14,953 [INFO] apscheduler.scheduler: Added job "Scheduler._broadcast_job" to job store "default"
2026-02-03 11:32:14,953 [INFO] apscheduler.scheduler: Added job "Scheduler._hold_and_overdue_job" to job store "default"
2026-02-03 11:32:14,953 [INFO] apscheduler.scheduler: Added job "Scheduler._backup_job" to job store "default"
2026-02-03 11:32:14,954 [INFO] apscheduler.scheduler: Scheduler started
2026-02-03 11:32:14,954 [INFO] core.scheduler: Scheduler started
2026-02-03 11:32:14,954 [INFO] core.bot: Bot starting (polling)
2026-02-03 11:32:14,954 [INFO] aiogram.dispatcher: Start polling
2026-02-03 11:32:15,239 [INFO] aiogram.dispatcher: Run polling for bot @sosybuchybot id=8510295030 - 'otsos y buchy'
2026-02-03 11:32:22,548 [INFO] aiogram.event: Update id=514790690 is handled. Duration 265 ms by bot id=8510295030
2026-02-03 11:32:32,944 [INFO] aiogram.event: Update id=514790691 is handled. Duration 109 ms by bot id=8510295030
2026-02-03 11:32:34,377 [INFO] aiogram.event: Update id=514790692 is handled. Duration 217 ms by bot id=8510295030
2026-02-03 11:32:38,701 [INFO] aiogram.event: Update id=514790693 is handled. Duration 842 ms by bot id=8510295030
2026-02-03 11:32:42,271 [INFO] aiogram.event: Update id=514790694 is handled. Duration 234 ms by bot id=8510295030
2026-02-03 11:32:44,966 [INFO] apscheduler.executors.default: Running job "Scheduler._check_invoices_job (trigger: interval[0:00:30], next run at: 2026-02-03 11:33:14 +05)" (scheduled at 2026-02-03 11:32:44.951394+05:00)
2026-02-03 11:32:44,967 [INFO] apscheduler.executors.default: Job "Scheduler._check_invoices_job (trigger: interval[0:00:30], next run at: 2026-02-03 11:33:14 +05)" executed successfully
2026-02-03 11:32:49,095 [INFO] aiogram.event: Update id=514790695 is handled. Duration 280 ms by bot id=8510295030
2026-02-03 11:33:04,355 [INFO] aiogram.event: Update id=514790696 is handled. Duration 188 ms by bot id=8510295030
2026-02-03 11:33:05,837 [INFO] aiogram.event: Update id=514790697 is handled. Duration 296 ms by bot id=8510295030
2026-02-03 11:33:07,785 [INFO] aiogram.event: Update id=514790698 is handled. Duration 422 ms by bot id=8510295030
2026-02-03 11:33:09,429 [INFO] aiogram.event: Update id=514790699 is handled. Duration 125 ms by bot id=8510295030
2026-02-03 11:33:10,918 [INFO] aiogram.event: Update id=514790700 is handled. Duration 234 ms by bot id=8510295030
2026-02-03 11:33:14,955 [INFO] apscheduler.executors.default: Running job "Scheduler._check_invoices_job (trigger: interval[0:00:30], next run at: 2026-02-03 11:33:44 +05)" (scheduled at 2026-02-03 11:33:14.951394+05:00)
2026-02-03 11:33:14,955 [INFO] apscheduler.executors.default: Running job "Scheduler._broadcast_job (trigger: interval[0:01:00], next run at: 2026-02-03 11:34:14 +05)" (scheduled at 2026-02-03 11:33:14.952393+05:00)
2026-02-03 11:33:14,956 [INFO] apscheduler.executors.default: Running job "Scheduler._hold_and_overdue_job (trigger: interval[0:01:00], next run at: 2026-02-03 11:34:14 +05)" (scheduled at 2026-02-03 11:33:14.952393+05:00)
2026-02-03 11:33:14,956 [INFO] apscheduler.executors.default: Job "Scheduler._check_invoices_job (trigger: interval[0:00:30], next run at: 2026-02-03 11:33:44 +05)" executed successfully
2026-02-03 11:33:14,957 [INFO] apscheduler.executors.default: Job "Scheduler._broadcast_job (trigger: interval[0:01:00], next run at: 2026-02-03 11:34:14 +05)" executed successfully
2026-02-03 11:33:14,958 [INFO] apscheduler.executors.default: Job "Scheduler._hold_and_overdue_job (trigger: interval[0:01:00], next run at: 2026-02-03 11:34:14 +05)" executed successfully
2026-02-03 11:33:16,900 [INFO] handlers.user_handler: New loan application 3 from user 7946893985
2026-02-03 11:33:16,900 [INFO] aiogram.event: Update id=514790701 is handled. Duration 750 ms by bot id=8510295030
2026-02-03 11:33:22,669 [INFO] aiogram.event: Update id=514790702 is handled. Duration 655 ms by bot id=8510295030
2026-02-03 11:33:30,245 [INFO] aiogram.event: Update id=514790703 is handled. Duration 250 ms by bot id=8510295030
2026-02-03 11:33:32,771 [INFO] aiogram.event: Update id=514790704 is handled. Duration 109 ms by bot id=8510295030
2026-02-03 11:33:37,122 [INFO] aiogram.event: Update id=514790705 is handled. Duration 92 ms by bot id=8510295030
2026-02-03 11:33:44,961 [INFO] apscheduler.executors.default: Running job "Scheduler._check_invoices_job (trigger: interval[0:00:30], next run at: 2026-02-03 11:34:14 +05)" (scheduled at 2026-02-03 11:33:44.951394+05:00)
2026-02-03 11:33:44,962 [INFO] apscheduler.executors.default: Job "Scheduler._check_invoices_job (trigger: interval[0:00:30], next run at: 2026-02-03 11:34:14 +05)" executed successfully
2026-02-03 11:33:47,962 [INFO] aiogram.event: Update id=514790706 is handled. Duration 108 ms by bot id=8510295030
2026-02-03 11:34:14,963 [INFO] apscheduler.executors.default: Running job "Scheduler._check_invoices_job (trigger: interval[0:00:30], next run at: 2026-02-03 11:34:44 +05)" (scheduled at 2026-02-03 11:34:14.951394+05:00)
2026-02-03 11:34:14,963 [INFO] apscheduler.executors.default: Running job "Scheduler._broadcast_job (trigger: interval[0:01:00], next run at: 2026-02-03 11:35:14 +05)" (scheduled at 2026-02-03 11:34:14.952393+05:00)
2026-02-03 11:34:14,964 [INFO] apscheduler.executors.default: Running job "Scheduler._hold_and_overdue_job (trigger: interval[0:01:00], next run at: 2026-02-03 11:35:14 +05)" (scheduled at 2026-02-03 11:34:14.952393+05:00)
2026-02-03 11:34:14,964 [INFO] apscheduler.executors.default: Job "Scheduler._check_invoices_job (trigger: interval[0:00:30], next run at: 2026-02-03 11:34:44 +05)" executed successfully
2026-02-03 11:34:14,965 [INFO] apscheduler.executors.default: Job "Scheduler._broadcast_job (trigger: interval[0:01:00], next run at: 2026-02-03 11:35:14 +05)" executed successfully
2026-02-03 11:34:14,966 [INFO] apscheduler.executors.default: Job "Scheduler._hold_and_overdue_job (trigger: interval[0:01:00], next run at: 2026-02-03 11:35:14 +05)" executed successfully
2026-02-03 11:34:16,936 [INFO] aiogram.event: Update id=514790707 is handled. Duration 94 ms by bot id=8510295030
2026-02-03 11:34:18,991 [INFO] aiogram.event: Update id=514790708 is handled. Duration 92 ms by bot id=8510295030
2026-02-03 11:34:44,961 [INFO] apscheduler.executors.default: Running job "Scheduler._check_invoices_job (trigger: interval[0:00:30], next run at: 2026-02-03 11:35:14 +05)" (scheduled at 2026-02-03 11:34:44.951394+05:00)
2026-02-03 11:34:44,962 [INFO] apscheduler.executors.default: Job "Scheduler._check_invoices_job (trigger: interval[0:00:30], next run at: 2026-02-03 11:35:14 +05)" executed successfully
2026-02-03 11:34:58,116 [INFO] aiogram.dispatcher: Polling stopped
2026-02-03 11:34:58,117 [ERROR] aiogram.dispatcher: Failed to fetch updates - TelegramNetworkError: HTTP Client says - ServerDisconnectedError: Server disconnected
2026-02-03 11:34:58,117 [WARNING] aiogram.dispatcher: Sleep for 1.000000 seconds and try again... (tryings = 0, bot id = 8510295030)
2026-02-03 11:34:58,371 [INFO] core.scheduler: Scheduler stopped
2026-02-03 11:34:58,371 [INFO] apscheduler.scheduler: Scheduler has been shut down
2026-02-03 11:34:58,371 [INFO] aiogram.dispatcher: Polling stopped for bot @sosybuchybot id=8510295030 - 'otsos y buchy'
2026-02-03 11:35:05,603 [INFO] apscheduler.scheduler: Adding job tentatively -- it will be properly scheduled when the scheduler starts
2026-02-03 11:35:05,603 [INFO] apscheduler.scheduler: Adding job tentatively -- it will be properly scheduled when the scheduler starts
2026-02-03 11:35:05,604 [INFO] apscheduler.scheduler: Adding job tentatively -- it will be properly scheduled when the scheduler starts
2026-02-03 11:35:05,604 [INFO] apscheduler.scheduler: Adding job tentatively -- it will be properly scheduled when the scheduler starts
2026-02-03 11:35:05,604 [INFO] apscheduler.scheduler: Added job "Scheduler._check_invoices_job" to job store "default"
2026-02-03 11:35:05,604 [INFO] apscheduler.scheduler: Added job "Scheduler._broadcast_job" to job store "default"
2026-02-03 11:35:05,605 [INFO] apscheduler.scheduler: Added job "Scheduler._hold_and_overdue_job" to job store "default"
2026-02-03 11:35:05,605 [INFO] apscheduler.scheduler: Added job "Scheduler._backup_job" to job store "default"
2026-02-03 11:35:05,605 [INFO] apscheduler.scheduler: Scheduler started
2026-02-03 11:35:05,605 [INFO] core.scheduler: Scheduler started
2026-02-03 11:35:05,605 [INFO] core.bot: Bot starting (polling)
2026-02-03 11:35:05,605 [INFO] aiogram.dispatcher: Start polling
2026-02-03 11:35:05,872 [INFO] aiogram.dispatcher: Run polling for bot @sosybuchybot id=8510295030 - 'otsos y buchy'
2026-02-03 11:35:07,229 [INFO] aiogram.event: Update id=514790709 is handled. Duration 375 ms by bot id=8510295030
2026-02-03 11:35:08,788 [INFO] aiogram.event: Update id=514790710 is handled. Duration 265 ms by bot id=8510295030
2026-02-03 11:35:11,067 [INFO] aiogram.event: Update id=514790711 is handled. Duration 125 ms by bot id=8510295030
2026-02-03 11:35:13,594 [INFO] aiogram.event: Update id=514790712 is handled. Duration 108 ms by bot id=8510295030
2026-02-03 11:35:15,239 [INFO] aiogram.event: Update id=514790713 is handled. Duration 264 ms by bot id=8510295030
2026-02-03 11:35:20,549 [INFO] handlers.user_handler: New loan application 4 from user 7946893985
2026-02-03 11:35:20,549 [INFO] aiogram.event: Update id=514790714 is handled. Duration 547 ms by bot id=8510295030
2026-02-03 11:35:22,903 [INFO] aiogram.event: Update id=514790715 is handled. Duration 203 ms by bot id=8510295030
2026-02-03 11:35:25,934 [INFO] aiogram.event: Update id=514790716 is handled. Duration 109 ms by bot id=8510295030
2026-02-03 11:35:29,873 [INFO] aiogram.event: Update id=514790717 is handled. Duration 530 ms by bot id=8510295030
2026-02-03 11:35:33,067 [INFO] aiogram.event: Update id=514790718 is handled. Duration 311 ms by bot id=8510295030
2026-02-03 11:35:35,613 [INFO] apscheduler.executors.default: Running job "Scheduler._check_invoices_job (trigger: interval[0:00:30], next run at: 2026-02-03 11:36:05 +05)" (scheduled at 2026-02-03 11:35:35.603906+05:00)
2026-02-03 11:35:35,614 [INFO] apscheduler.executors.default: Job "Scheduler._check_invoices_job (trigger: interval[0:00:30], next run at: 2026-02-03 11:36:05 +05)" executed successfully
2026-02-03 11:36:05,610 [INFO] apscheduler.executors.default: Running job "Scheduler._broadcast_job (trigger: interval[0:01:00], next run at: 2026-02-03 11:37:05 +05)" (scheduled at 2026-02-03 11:36:05.603906+05:00)
2026-02-03 11:36:05,610 [INFO] apscheduler.executors.default: Running job "Scheduler._check_invoices_job (trigger: interval[0:00:30], next run at: 2026-02-03 11:36:35 +05)" (scheduled at 2026-02-03 11:36:05.603906+05:00)
2026-02-03 11:36:05,611 [INFO] apscheduler.executors.default: Running job "Scheduler._hold_and_overdue_job (trigger: interval[0:01:00], next run at: 2026-02-03 11:37:05 +05)" (scheduled at 2026-02-03 11:36:05.603906+05:00)
2026-02-03 11:36:05,611 [INFO] apscheduler.executors.default: Job "Scheduler._broadcast_job (trigger: interval[0:01:00], next run at: 2026-02-03 11:37:05 +05)" executed successfully
2026-02-03 11:36:05,612 [INFO] apscheduler.executors.default: Job "Scheduler._check_invoices_job (trigger: interval[0:00:30], next run at: 2026-02-03 11:36:35 +05)" executed successfully
2026-02-03 11:36:05,613 [INFO] apscheduler.executors.default: Job "Scheduler._hold_and_overdue_job (trigger: interval[0:01:00], next run at: 2026-02-03 11:37:05 +05)" executed successfully
2026-02-03 11:36:16,435 [INFO] aiogram.dispatcher: Polling stopped
2026-02-03 11:36:16,436 [ERROR] aiogram.dispatcher: Failed to fetch updates - TelegramNetworkError: HTTP Client says - ServerDisconnectedError: Server disconnected
2026-02-03 11:36:16,436 [WARNING] aiogram.dispatcher: Sleep for 1.000000 seconds and try again... (tryings = 0, bot id = 8510295030)
2026-02-03 11:36:16,694 [INFO] core.scheduler: Scheduler stopped
2026-02-03 11:36:16,694 [INFO] apscheduler.scheduler: Scheduler has been shut down
2026-02-03 11:36:16,695 [INFO] aiogram.dispatcher: Polling stopped for bot @sosybuchybot id=8510295030 - 'otsos y buchy'
2026-02-03 11:36:26,131 [INFO] apscheduler.scheduler: Adding job tentatively -- it will be properly scheduled when the scheduler starts
2026-02-03 11:36:26,131 [INFO] apscheduler.scheduler: Adding job tentatively -- it will be properly scheduled when the scheduler starts
2026-02-03 11:36:26,131 [INFO] apscheduler.scheduler: Adding job tentatively -- it will be properly scheduled when the scheduler starts
2026-02-03 11:36:26,132 [INFO] apscheduler.scheduler: Adding job tentatively -- it will be properly scheduled when the scheduler starts
2026-02-03 11:36:26,132 [INFO] apscheduler.scheduler: Added job "Scheduler._check_invoices_job" to job store "default"
2026-02-03 11:36:26,132 [INFO] apscheduler.scheduler: Added job "Scheduler._broadcast_job" to job store "default"
2026-02-03 11:36:26,133 [INFO] apscheduler.scheduler: Added job "Scheduler._hold_and_overdue_job" to job store "default"
2026-02-03 11:36:26,133 [INFO] apscheduler.scheduler: Added job "Scheduler._backup_job" to job store "default"
2026-02-03 11:36:26,133 [INFO] apscheduler.scheduler: Scheduler started
2026-02-03 11:36:26,133 [INFO] core.scheduler: Scheduler started
2026-02-03 11:36:26,133 [INFO] core.bot: Bot starting (polling)
2026-02-03 11:36:26,133 [INFO] aiogram.dispatcher: Start polling
2026-02-03 11:36:26,397 [INFO] aiogram.dispatcher: Run polling for bot @sosybuchybot id=8510295030 - 'otsos y buchy'
2026-02-03 11:36:31,601 [INFO] aiogram.event: Update id=514790719 is handled. Duration 407 ms by bot id=8510295030
2026-02-03 11:36:33,131 [INFO] aiogram.event: Update id=514790720 is not handled. Duration 16 ms by bot id=8510295030
2026-02-03 11:36:35,523 [INFO] aiogram.event: Update id=514790721 is handled. Duration 282 ms by bot id=8510295030
2026-02-03 11:36:36,778 [INFO] aiogram.event: Update id=514790722 is handled. Duration 140 ms by bot id=8510295030
2026-02-03 11:36:38,622 [INFO] aiogram.event: Update id=514790723 is handled. Duration 108 ms by bot id=8510295030
2026-02-03 11:36:40,209 [INFO] aiogram.event: Update id=514790724 is handled. Duration 155 ms by bot id=8510295030
2026-02-03 11:36:42,286 [INFO] aiogram.event: Update id=514790725 is handled. Duration 436 ms by bot id=8510295030
2026-02-03 11:36:56,135 [INFO] apscheduler.executors.default: Running job "Scheduler._check_invoices_job (trigger: interval[0:00:30], next run at: 2026-02-03 11:37:26 +05)" (scheduled at 2026-02-03 11:36:56.131033+05:00)
2026-02-03 11:36:56,136 [INFO] apscheduler.executors.default: Job "Scheduler._check_invoices_job (trigger: interval[0:00:30], next run at: 2026-02-03 11:37:26 +05)" executed successfully
2026-02-03 11:37:26,145 [INFO] apscheduler.executors.default: Running job "Scheduler._broadcast_job (trigger: interval[0:01:00], next run at: 2026-02-03 11:38:26 +05)" (scheduled at 2026-02-03 11:37:26.131033+05:00)
2026-02-03 11:37:26,146 [INFO] apscheduler.executors.default: Running job "Scheduler._check_invoices_job (trigger: interval[0:00:30], next run at: 2026-02-03 11:37:56 +05)" (scheduled at 2026-02-03 11:37:26.131033+05:00)
2026-02-03 11:37:26,146 [INFO] apscheduler.executors.default: Running job "Scheduler._hold_and_overdue_job (trigger: interval[0:01:00], next run at: 2026-02-03 11:38:26 +05)" (scheduled at 2026-02-03 11:37:26.131033+05:00)
2026-02-03 11:37:26,147 [INFO] apscheduler.executors.default: Job "Scheduler._broadcast_job (trigger: interval[0:01:00], next run at: 2026-02-03 11:38:26 +05)" executed successfully
2026-02-03 11:37:26,147 [INFO] apscheduler.executors.default: Job "Scheduler._check_invoices_job (trigger: interval[0:00:30], next run at: 2026-02-03 11:37:56 +05)" executed successfully
2026-02-03 11:37:26,148 [INFO] apscheduler.executors.default: Job "Scheduler._hold_and_overdue_job (trigger: interval[0:01:00], next run at: 2026-02-03 11:38:26 +05)" executed successfully
2026-02-03 11:37:56,150 [INFO] apscheduler.executors.default: Running job "Scheduler._check_invoices_job (trigger: interval[0:00:30], next run at: 2026-02-03 11:38:26 +05)" (scheduled at 2026-02-03 11:37:56.131033+05:00)
2026-02-03 11:37:56,151 [INFO] apscheduler.executors.default: Job "Scheduler._check_invoices_job (trigger: interval[0:00:30], next run at: 2026-02-03 11:38:26 +05)" executed successfully
2026-02-03 11:38:11,226 [INFO] handlers.user_handler: New loan application 5 from user 7946893985
2026-02-03 11:38:11,226 [INFO] aiogram.event: Update id=514790726 is handled. Duration 438 ms by bot id=8510295030
2026-02-03 11:38:16,485 [INFO] aiogram.event: Update id=514790727 is handled. Duration 219 ms by bot id=8510295030
2026-02-03 11:38:20,804 [INFO] aiogram.event: Update id=514790728 is handled. Duration 250 ms by bot id=8510295030
2026-02-03 11:38:26,131 [INFO] apscheduler.executors.default: Running job "Scheduler._broadcast_job (trigger: interval[0:01:00], next run at: 2026-02-03 11:39:26 +05)" (scheduled at 2026-02-03 11:38:26.131033+05:00)
2026-02-03 11:38:26,131 [INFO] apscheduler.executors.default: Running job "Scheduler._check_invoices_job (trigger: interval[0:00:30], next run at: 2026-02-03 11:38:56 +05)" (scheduled at 2026-02-03 11:38:26.131033+05:00)
2026-02-03 11:38:26,132 [INFO] apscheduler.executors.default: Running job "Scheduler._hold_and_overdue_job (trigger: interval[0:01:00], next run at: 2026-02-03 11:39:26 +05)" (scheduled at 2026-02-03 11:38:26.131033+05:00)
2026-02-03 11:38:26,133 [INFO] apscheduler.executors.default: Job "Scheduler._broadcast_job (trigger: interval[0:01:00], next run at: 2026-02-03 11:39:26 +05)" executed successfully
2026-02-03 11:38:26,133 [INFO] apscheduler.executors.default: Job "Scheduler._check_invoices_job (trigger: interval[0:00:30], next run at: 2026-02-03 11:38:56 +05)" executed successfully
2026-02-03 11:38:26,135 [INFO] apscheduler.executors.default: Job "Scheduler._hold_and_overdue_job (trigger: interval[0:01:00], next run at: 2026-02-03 11:39:26 +05)" executed successfully
2026-02-03 11:38:26,675 [INFO] aiogram.event: Update id=514790729 is handled. Duration 328 ms by bot id=8510295030
2026-02-03 11:38:32,678 [INFO] aiogram.event: Update id=514790730 is handled. Duration 234 ms by bot id=8510295030
2026-02-03 11:38:37,086 [INFO] aiogram.event: Update id=514790731 is handled. Duration 436 ms by bot id=8510295030
2026-02-03 11:38:43,005 [INFO] aiogram.event: Update id=514790732 is handled. Duration 155 ms by bot id=8510295030
2026-02-03 11:38:56,138 [INFO] apscheduler.executors.default: Running job "Scheduler._check_invoices_job (trigger: interval[0:00:30], next run at: 2026-02-03 11:39:26 +05)" (scheduled at 2026-02-03 11:38:56.131033+05:00)
2026-02-03 11:38:56,139 [INFO] apscheduler.executors.default: Job "Scheduler._check_invoices_job (trigger: interval[0:00:30], next run at: 2026-02-03 11:39:26 +05)" executed successfully
2026-02-03 11:39:26,145 [INFO] apscheduler.executors.default: Running job "Scheduler._broadcast_job (trigger: interval[0:01:00], next run at: 2026-02-03 11:40:26 +05)" (scheduled at 2026-02-03 11:39:26.131033+05:00)
2026-02-03 11:39:26,145 [INFO] apscheduler.executors.default: Running job "Scheduler._check_invoices_job (trigger: interval[0:00:30], next run at: 2026-02-03 11:39:56 +05)" (scheduled at 2026-02-03 11:39:26.131033+05:00)
2026-02-03 11:39:26,146 [INFO] apscheduler.executors.default: Running job "Scheduler._hold_and_overdue_job (trigger: interval[0:01:00], next run at: 2026-02-03 11:40:26 +05)" (scheduled at 2026-02-03 11:39:26.131033+05:00)
2026-02-03 11:39:26,146 [INFO] apscheduler.executors.default: Job "Scheduler._broadcast_job (trigger: interval[0:01:00], next run at: 2026-02-03 11:40:26 +05)" executed successfully
2026-02-03 11:39:26,147 [INFO] apscheduler.executors.default: Job "Scheduler._check_invoices_job (trigger: interval[0:00:30], next run at: 2026-02-03 11:39:56 +05)" executed successfully
2026-02-03 11:39:26,148 [INFO] apscheduler.executors.default: Job "Scheduler._hold_and_overdue_job (trigger: interval[0:01:00], next run at: 2026-02-03 11:40:26 +05)" executed successfully
2026-02-03 11:39:56,146 [INFO] apscheduler.executors.default: Running job "Scheduler._check_invoices_job (trigger: interval[0:00:30], next run at: 2026-02-03 11:40:26 +05)" (scheduled at 2026-02-03 11:39:56.131033+05:00)
2026-02-03 11:39:56,147 [INFO] apscheduler.executors.default: Job "Scheduler._check_invoices_job (trigger: interval[0:00:30], next run at: 2026-02-03 11:40:26 +05)" executed successfully
2026-02-03 11:40:00,379 [INFO] aiogram.dispatcher: Polling stopped
2026-02-03 11:40:00,380 [ERROR] aiogram.dispatcher: Failed to fetch updates - TelegramNetworkError: HTTP Client says - ServerDisconnectedError: Server disconnected
2026-02-03 11:40:00,380 [WARNING] aiogram.dispatcher: Sleep for 1.000000 seconds and try again... (tryings = 0, bot id = 8510295030)
2026-02-03 11:40:00,631 [INFO] core.scheduler: Scheduler stopped
2026-02-03 11:40:00,631 [INFO] apscheduler.scheduler: Scheduler has been shut down
2026-02-03 11:40:00,632 [INFO] aiogram.dispatcher: Polling stopped for bot @sosybuchybot id=8510295030 - 'otsos y buchy'
2026-02-03 11:40:18,137 [INFO] apscheduler.scheduler: Adding job tentatively -- it will be properly scheduled when the scheduler starts
2026-02-03 11:40:18,138 [INFO] apscheduler.scheduler: Adding job tentatively -- it will be properly scheduled when the scheduler starts
2026-02-03 11:40:18,138 [INFO] apscheduler.scheduler: Adding job tentatively -- it will be properly scheduled when the scheduler starts
2026-02-03 11:40:18,138 [INFO] apscheduler.scheduler: Adding job tentatively -- it will be properly scheduled when the scheduler starts
2026-02-03 11:40:18,139 [INFO] apscheduler.scheduler: Added job "Scheduler._check_invoices_job" to job store "default"
2026-02-03 11:40:18,139 [INFO] apscheduler.scheduler: Added job "Scheduler._broadcast_job" to job store "default"
2026-02-03 11:40:18,139 [INFO] apscheduler.scheduler: Added job "Scheduler._hold_and_overdue_job" to job store "default"
2026-02-03 11:40:18,140 [INFO] apscheduler.scheduler: Added job "Scheduler._backup_job" to job store "default"
2026-02-03 11:40:18,140 [INFO] apscheduler.scheduler: Scheduler started
2026-02-03 11:40:18,140 [INFO] core.scheduler: Scheduler started
2026-02-03 11:40:18,140 [INFO] core.bot: Bot starting (polling)
2026-02-03 11:40:18,140 [INFO] aiogram.dispatcher: Start polling
2026-02-03 11:40:18,410 [INFO] aiogram.dispatcher: Run polling for bot @sosybuchybot id=8510295030 - 'otsos y buchy'
2026-02-03 11:40:18,804 [INFO] aiogram.event: Update id=514790733 is handled. Duration 296 ms by bot id=8510295030
2026-02-03 11:40:21,362 [INFO] aiogram.event: Update id=514790734 is handled. Duration 203 ms by bot id=8510295030
2026-02-03 11:40:22,908 [INFO] aiogram.event: Update id=514790735 is handled. Duration 188 ms by bot id=8510295030
2026-02-03 11:40:24,879 [INFO] aiogram.event: Update id=514790736 is handled. Duration 109 ms by bot id=8510295030
2026-02-03 11:40:27,799 [INFO] aiogram.event: Update id=514790737 is handled. Duration 94 ms by bot id=8510295030
2026-02-03 11:40:30,807 [INFO] aiogram.event: Update id=514790738 is handled. Duration 313 ms by bot id=8510295030
2026-02-03 11:40:36,024 [INFO] handlers.user_handler: New loan application 6 from user 7946893985
2026-02-03 11:40:36,025 [INFO] aiogram.event: Update id=514790739 is handled. Duration 390 ms by bot id=8510295030
2026-02-03 11:40:40,477 [INFO] aiogram.event: Update id=514790740 is handled. Duration 235 ms by bot id=8510295030
2026-02-03 11:40:44,995 [INFO] aiogram.event: Update id=514790741 is handled. Duration 561 ms by bot id=8510295030
2026-02-03 11:40:48,144 [INFO] apscheduler.executors.default: Running job "Scheduler._check_invoices_job (trigger: interval[0:00:30], next run at: 2026-02-03 11:41:18 +05)" (scheduled at 2026-02-03 11:40:48.137002+05:00)
2026-02-03 11:40:48,145 [INFO] apscheduler.executors.default: Job "Scheduler._check_invoices_job (trigger: interval[0:00:30], next run at: 2026-02-03 11:41:18 +05)" executed successfully
2026-02-03 11:40:48,328 [INFO] aiogram.event: Update id=514790742 is handled. Duration 515 ms by bot id=8510295030
2026-02-03 11:40:51,936 [INFO] aiogram.event: Update id=514790743 is handled. Duration 202 ms by bot id=8510295030
2026-02-03 11:40:56,283 [INFO] aiogram.event: Update id=514790744 is handled. Duration 234 ms by bot id=8510295030
2026-02-03 11:41:00,384 [INFO] aiogram.event: Update id=514790745 is handled. Duration 469 ms by bot id=8510295030
2026-02-03 11:41:03,855 [INFO] aiogram.event: Update id=514790746 is handled. Duration 110 ms by bot id=8510295030
2026-02-03 11:41:05,002 [INFO] aiogram.event: Update id=514790747 is handled. Duration 92 ms by bot id=8510295030
2026-02-03 11:41:18,146 [INFO] apscheduler.executors.default: Running job "Scheduler._check_invoices_job (trigger: interval[0:00:30], next run at: 2026-02-03 11:41:48 +05)" (scheduled at 2026-02-03 11:41:18.137002+05:00)
2026-02-03 11:41:18,146 [INFO] apscheduler.executors.default: Running job "Scheduler._broadcast_job (trigger: interval[0:01:00], next run at: 2026-02-03 11:42:18 +05)" (scheduled at 2026-02-03 11:41:18.138003+05:00)
2026-02-03 11:41:18,147 [INFO] apscheduler.executors.default: Running job "Scheduler._hold_and_overdue_job (trigger: interval[0:01:00], next run at: 2026-02-03 11:42:18 +05)" (scheduled at 2026-02-03 11:41:18.138003+05:00)
2026-02-03 11:41:18,147 [INFO] apscheduler.executors.default: Job "Scheduler._check_invoices_job (trigger: interval[0:00:30], next run at: 2026-02-03 11:41:48 +05)" executed successfully
2026-02-03 11:41:18,148 [INFO] apscheduler.executors.default: Job "Scheduler._broadcast_job (trigger: interval[0:01:00], next run at: 2026-02-03 11:42:18 +05)" executed successfully
2026-02-03 11:41:18,149 [INFO] apscheduler.executors.default: Job "Scheduler._hold_and_overdue_job (trigger: interval[0:01:00], next run at: 2026-02-03 11:42:18 +05)" executed successfully
2026-02-03 11:41:48,154 [INFO] apscheduler.executors.default: Running job "Scheduler._check_invoices_job (trigger: interval[0:00:30], next run at: 2026-02-03 11:42:18 +05)" (scheduled at 2026-02-03 11:41:48.137002+05:00)
2026-02-03 11:41:48,155 [INFO] apscheduler.executors.default: Job "Scheduler._check_invoices_job (trigger: interval[0:00:30], next run at: 2026-02-03 11:42:18 +05)" executed successfully
2026-02-03 11:42:18,154 [INFO] apscheduler.executors.default: Running job "Scheduler._check_invoices_job (trigger: interval[0:00:30], next run at: 2026-02-03 11:42:48 +05)" (scheduled at 2026-02-03 11:42:18.137002+05:00)
2026-02-03 11:42:18,154 [INFO] apscheduler.executors.default: Running job "Scheduler._broadcast_job (trigger: interval[0:01:00], next run at: 2026-02-03 11:43:18 +05)" (scheduled at 2026-02-03 11:42:18.138003+05:00)
2026-02-03 11:42:18,155 [INFO] apscheduler.executors.default: Running job "Scheduler._hold_and_overdue_job (trigger: interval[0:01:00], next run at: 2026-02-03 11:43:18 +05)" (scheduled at 2026-02-03 11:42:18.138003+05:00)
2026-02-03 11:42:18,155 [INFO] apscheduler.executors.default: Job "Scheduler._check_invoices_job (trigger: interval[0:00:30], next run at: 2026-02-03 11:42:48 +05)" executed successfully
2026-02-03 11:42:18,156 [INFO] apscheduler.executors.default: Job "Scheduler._broadcast_job (trigger: interval[0:01:00], next run at: 2026-02-03 11:43:18 +05)" executed successfully
2026-02-03 11:42:18,157 [INFO] apscheduler.executors.default: Job "Scheduler._hold_and_overdue_job (trigger: interval[0:01:00], next run at: 2026-02-03 11:43:18 +05)" executed successfully
2026-02-03 11:42:48,147 [INFO] apscheduler.executors.default: Running job "Scheduler._check_invoices_job (trigger: interval[0:00:30], next run at: 2026-02-03 11:43:18 +05)" (scheduled at 2026-02-03 11:42:48.137002+05:00)
2026-02-03 11:42:48,148 [INFO] apscheduler.executors.default: Job "Scheduler._check_invoices_job (trigger: interval[0:00:30], next run at: 2026-02-03 11:43:18 +05)" executed successfully
2026-02-03 11:43:18,146 [INFO] apscheduler.executors.default: Running job "Scheduler._check_invoices_job (trigger: interval[0:00:30], next run at: 2026-02-03 11:43:48 +05)" (scheduled at 2026-02-03 11:43:18.137002+05:00)
2026-02-03 11:43:18,146 [INFO] apscheduler.executors.default: Running job "Scheduler._broadcast_job (trigger: interval[0:01:00], next run at: 2026-02-03 11:44:18 +05)" (scheduled at 2026-02-03 11:43:18.138003+05:00)
2026-02-03 11:43:18,147 [INFO] apscheduler.executors.default: Running job "Scheduler._hold_and_overdue_job (trigger: interval[0:01:00], next run at: 2026-02-03 11:44:18 +05)" (scheduled at 2026-02-03 11:43:18.138003+05:00)
2026-02-03 11:43:18,147 [INFO] apscheduler.executors.default: Job "Scheduler._check_invoices_job (trigger: interval[0:00:30], next run at: 2026-02-03 11:43:48 +05)" executed successfully
2026-02-03 11:43:18,148 [INFO] apscheduler.executors.default: Job "Scheduler._broadcast_job (trigger: interval[0:01:00], next run at: 2026-02-03 11:44:18 +05)" executed successfully
2026-02-03 11:43:18,148 [INFO] apscheduler.executors.default: Job "Scheduler._hold_and_overdue_job (trigger: interval[0:01:00], next run at: 2026-02-03 11:44:18 +05)" executed successfully
2026-02-03 11:43:48,150 [INFO] apscheduler.executors.default: Running job "Scheduler._check_invoices_job (trigger: interval[0:00:30], next run at: 2026-02-03 11:44:18 +05)" (scheduled at 2026-02-03 11:43:48.137002+05:00)
2026-02-03 11:43:48,151 [INFO] apscheduler.executors.default: Job "Scheduler._check_invoices_job (trigger: interval[0:00:30], next run at: 2026-02-03 11:44:18 +05)" executed successfully
2026-02-03 11:44:18,142 [INFO] apscheduler.executors.default: Running job "Scheduler._check_invoices_job (trigger: interval[0:00:30], next run at: 2026-02-03 11:44:48 +05)" (scheduled at 2026-02-03 11:44:18.137002+05:00)
2026-02-03 11:44:18,142 [INFO] apscheduler.executors.default: Running job "Scheduler._broadcast_job (trigger: interval[0:01:00], next run at: 2026-02-03 11:45:18 +05)" (scheduled at 2026-02-03 11:44:18.138003+05:00)
2026-02-03 11:44:18,143 [INFO] apscheduler.executors.default: Running job "Scheduler._hold_and_overdue_job (trigger: interval[0:01:00], next run at: 2026-02-03 11:45:18 +05)" (scheduled at 2026-02-03 11:44:18.138003+05:00)
2026-02-03 11:44:18,143 [INFO] apscheduler.executors.default: Job "Scheduler._check_invoices_job (trigger: interval[0:00:30], next run at: 2026-02-03 11:44:48 +05)" executed successfully
2026-02-03 11:44:18,144 [INFO] apscheduler.executors.default: Job "Scheduler._broadcast_job (trigger: interval[0:01:00], next run at: 2026-02-03 11:45:18 +05)" executed successfully
2026-02-03 11:44:18,145 [INFO] apscheduler.executors.default: Job "Scheduler._hold_and_overdue_job (trigger: interval[0:01:00], next run at: 2026-02-03 11:45:18 +05)" executed successfully
2026-02-03 11:44:48,142 [INFO] apscheduler.executors.default: Running job "Scheduler._check_invoices_job (trigger: interval[0:00:30], next run at: 2026-02-03 11:45:18 +05)" (scheduled at 2026-02-03 11:44:48.137002+05:00)
2026-02-03 11:44:48,143 [INFO] apscheduler.executors.default: Job "Scheduler._check_invoices_job (trigger: interval[0:00:30], next run at: 2026-02-03 11:45:18 +05)" executed successfully
2026-02-03 11:45:18,147 [INFO] apscheduler.executors.default: Running job "Scheduler._check_invoices_job (trigger: interval[0:00:30], next run at: 2026-02-03 11:45:48 +05)" (scheduled at 2026-02-03 11:45:18.137002+05:00)
2026-02-03 11:45:18,147 [INFO] apscheduler.executors.default: Running job "Scheduler._broadcast_job (trigger: interval[0:01:00], next run at: 2026-02-03 11:46:18 +05)" (scheduled at 2026-02-03 11:45:18.138003+05:00)
2026-02-03 11:45:18,148 [INFO] apscheduler.executors.default: Running job "Scheduler._hold_and_overdue_job (trigger: interval[0:01:00], next run at: 2026-02-03 11:46:18 +05)" (scheduled at 2026-02-03 11:45:18.138003+05:00)
2026-02-03 11:45:18,148 [INFO] apscheduler.executors.default: Job "Scheduler._check_invoices_job (trigger: interval[0:00:30], next run at: 2026-02-03 11:45:48 +05)" executed successfully
2026-02-03 11:45:18,149 [INFO] apscheduler.executors.default: Job "Scheduler._broadcast_job (trigger: interval[0:01:00], next run at: 2026-02-03 11:46:18 +05)" executed successfully
2026-02-03 11:45:18,150 [INFO] apscheduler.executors.default: Job "Scheduler._hold_and_overdue_job (trigger: interval[0:01:00], next run at: 2026-02-03 11:46:18 +05)" executed successfully
2026-02-03 11:45:48,144 [INFO] apscheduler.executors.default: Running job "Scheduler._check_invoices_job (trigger: interval[0:00:30], next run at: 2026-02-03 11:46:18 +05)" (scheduled at 2026-02-03 11:45:48.137002+05:00)
2026-02-03 11:45:48,145 [INFO] apscheduler.executors.default: Job "Scheduler._check_invoices_job (trigger: interval[0:00:30], next run at: 2026-02-03 11:46:18 +05)" executed successfully
2026-02-03 11:46:18,151 [INFO] apscheduler.executors.default: Running job "Scheduler._check_invoices_job (trigger: interval[0:00:30], next run at: 2026-02-03 11:46:48 +05)" (scheduled at 2026-02-03 11:46:18.137002+05:00)
2026-02-03 11:46:18,151 [INFO] apscheduler.executors.default: Running job "Scheduler._broadcast_job (trigger: interval[0:01:00], next run at: 2026-02-03 11:47:18 +05)" (scheduled at 2026-02-03 11:46:18.138003+05:00)
2026-02-03 11:46:18,152 [INFO] apscheduler.executors.default: Running job "Scheduler._hold_and_overdue_job (trigger: interval[0:01:00], next run at: 2026-02-03 11:47:18 +05)" (scheduled at 2026-02-03 11:46:18.138003+05:00)
2026-02-03 11:46:18,152 [INFO] apscheduler.executors.default: Job "Scheduler._check_invoices_job (trigger: interval[0:00:30], next run at: 2026-02-03 11:46:48 +05)" executed successfully
2026-02-03 11:46:18,153 [INFO] apscheduler.executors.default: Job "Scheduler._broadcast_job (trigger: interval[0:01:00], next run at: 2026-02-03 11:47:18 +05)" executed successfully
2026-02-03 11:46:18,154 [INFO] apscheduler.executors.default: Job "Scheduler._hold_and_overdue_job (trigger: interval[0:01:00], next run at: 2026-02-03 11:47:18 +05)" executed successfully
2026-02-03 11:46:48,147 [INFO] apscheduler.executors.default: Running job "Scheduler._check_invoices_job (trigger: interval[0:00:30], next run at: 2026-02-03 11:47:18 +05)" (scheduled at 2026-02-03 11:46:48.137002+05:00)
2026-02-03 11:46:48,148 [INFO] apscheduler.executors.default: Job "Scheduler._check_invoices_job (trigger: interval[0:00:30], next run at: 2026-02-03 11:47:18 +05)" executed successfully
2026-02-03 11:47:18,152 [INFO] apscheduler.executors.default: Running job "Scheduler._check_invoices_job (trigger: interval[0:00:30], next run at: 2026-02-03 11:47:48 +05)" (scheduled at 2026-02-03 11:47:18.137002+05:00)
2026-02-03 11:47:18,152 [INFO] apscheduler.executors.default: Running job "Scheduler._broadcast_job (trigger: interval[0:01:00], next run at: 2026-02-03 11:48:18 +05)" (scheduled at 2026-02-03 11:47:18.138003+05:00)
2026-02-03 11:47:18,153 [INFO] apscheduler.executors.default: Running job "Scheduler._hold_and_overdue_job (trigger: interval[0:01:00], next run at: 2026-02-03 11:48:18 +05)" (scheduled at 2026-02-03 11:47:18.138003+05:00)
2026-02-03 11:47:18,153 [INFO] apscheduler.executors.default: Job "Scheduler._check_invoices_job (trigger: interval[0:00:30], next run at: 2026-02-03 11:47:48 +05)" executed successfully
2026-02-03 11:47:18,154 [INFO] apscheduler.executors.default: Job "Scheduler._broadcast_job (trigger: interval[0:01:00], next run at: 2026-02-03 11:48:18 +05)" executed successfully
2026-02-03 11:47:18,155 [INFO] apscheduler.executors.default: Job "Scheduler._hold_and_overdue_job (trigger: interval[0:01:00], next run at: 2026-02-03 11:48:18 +05)" executed successfully
2026-02-03 11:47:48,158 [INFO] apscheduler.executors.default: Running job "Scheduler._check_invoices_job (trigger: interval[0:00:30], next run at: 2026-02-03 11:48:18 +05)" (scheduled at 2026-02-03 11:47:48.137002+05:00)
2026-02-03 11:47:48,159 [INFO] apscheduler.executors.default: Job "Scheduler._check_invoices_job (trigger: interval[0:00:30], next run at: 2026-02-03 11:48:18 +05)" executed successfully
2026-02-03 11:48:18,141 [INFO] apscheduler.executors.default: Running job "Scheduler._check_invoices_job (trigger: interval[0:00:30], next run at: 2026-02-03 11:48:48 +05)" (scheduled at 2026-02-03 11:48:18.137002+05:00)
2026-02-03 11:48:18,141 [INFO] apscheduler.executors.default: Running job "Scheduler._broadcast_job (trigger: interval[0:01:00], next run at: 2026-02-03 11:49:18 +05)" (scheduled at 2026-02-03 11:48:18.138003+05:00)
2026-02-03 11:48:18,142 [INFO] apscheduler.executors.default: Running job "Scheduler._hold_and_overdue_job (trigger: interval[0:01:00], next run at: 2026-02-03 11:49:18 +05)" (scheduled at 2026-02-03 11:48:18.138003+05:00)
2026-02-03 11:48:18,142 [INFO] apscheduler.executors.default: Job "Scheduler._check_invoices_job (trigger: interval[0:00:30], next run at: 2026-02-03 11:48:48 +05)" executed successfully
2026-02-03 11:48:18,143 [INFO] apscheduler.executors.default: Job "Scheduler._broadcast_job (trigger: interval[0:01:00], next run at: 2026-02-03 11:49:18 +05)" executed successfully
2026-02-03 11:48:18,144 [INFO] apscheduler.executors.default: Job "Scheduler._hold_and_overdue_job (trigger: interval[0:01:00], next run at: 2026-02-03 11:49:18 +05)" executed successfully
2026-02-03 11:48:48,140 [INFO] apscheduler.executors.default: Running job "Scheduler._check_invoices_job (trigger: interval[0:00:30], next run at: 2026-02-03 11:49:18 +05)" (scheduled at 2026-02-03 11:48:48.137002+05:00)
2026-02-03 11:48:48,141 [INFO] apscheduler.executors.default: Job "Scheduler._check_invoices_job (trigger: interval[0:00:30], next run at: 2026-02-03 11:49:18 +05)" executed successfully
2026-02-03 11:49:18,141 [INFO] apscheduler.executors.default: Running job "Scheduler._check_invoices_job (trigger: interval[0:00:30], next run at: 2026-02-03 11:49:48 +05)" (scheduled at 2026-02-03 11:49:18.137002+05:00)
2026-02-03 11:49:18,141 [INFO] apscheduler.executors.default: Running job "Scheduler._broadcast_job (trigger: interval[0:01:00], next run at: 2026-02-03 11:50:18 +05)" (scheduled at 2026-02-03 11:49:18.138003+05:00)
2026-02-03 11:49:18,142 [INFO] apscheduler.executors.default: Running job "Scheduler._hold_and_overdue_job (trigger: interval[0:01:00], next run at: 2026-02-03 11:50:18 +05)" (scheduled at 2026-02-03 11:49:18.138003+05:00)
2026-02-03 11:49:18,142 [INFO] apscheduler.executors.default: Job "Scheduler._check_invoices_job (trigger: interval[0:00:30], next run at: 2026-02-03 11:49:48 +05)" executed successfully
2026-02-03 11:49:18,143 [INFO] apscheduler.executors.default: Job "Scheduler._broadcast_job (trigger: interval[0:01:00], next run at: 2026-02-03 11:50:18 +05)" executed successfully
2026-02-03 11:49:18,144 [INFO] apscheduler.executors.default: Job "Scheduler._hold_and_overdue_job (trigger: interval[0:01:00], next run at: 2026-02-03 11:50:18 +05)" executed successfully
2026-02-03 11:49:48,143 [INFO] apscheduler.executors.default: Running job "Scheduler._check_invoices_job (trigger: interval[0:00:30], next run at: 2026-02-03 11:50:18 +05)" (scheduled at 2026-02-03 11:49:48.137002+05:00)
2026-02-03 11:49:48,145 [INFO] apscheduler.executors.default: Job "Scheduler._check_invoices_job (trigger: interval[0:00:30], next run at: 2026-02-03 11:50:18 +05)" executed successfully
2026-02-03 11:50:18,149 [INFO] apscheduler.executors.default: Running job "Scheduler._check_invoices_job (trigger: interval[0:00:30], next run at: 2026-02-03 11:50:48 +05)" (scheduled at 2026-02-03 11:50:18.137002+05:00)
2026-02-03 11:50:18,149 [INFO] apscheduler.executors.default: Running job "Scheduler._broadcast_job (trigger: interval[0:01:00], next run at: 2026-02-03 11:51:18 +05)" (scheduled at 2026-02-03 11:50:18.138003+05:00)
2026-02-03 11:50:18,150 [INFO] apscheduler.executors.default: Running job "Scheduler._hold_and_overdue_job (trigger: interval[0:01:00], next run at: 2026-02-03 11:51:18 +05)" (scheduled at 2026-02-03 11:50:18.138003+05:00)
2026-02-03 11:50:18,150 [INFO] apscheduler.executors.default: Job "Scheduler._check_invoices_job (trigger: interval[0:00:30], next run at: 2026-02-03 11:50:48 +05)" executed successfully
2026-02-03 11:50:18,151 [INFO] apscheduler.executors.default: Job "Scheduler._broadcast_job (trigger: interval[0:01:00], next run at: 2026-02-03 11:51:18 +05)" executed successfully
2026-02-03 11:50:18,152 [INFO] apscheduler.executors.default: Job "Scheduler._hold_and_overdue_job (trigger: interval[0:01:00], next run at: 2026-02-03 11:51:18 +05)" executed successfully
2026-02-03 11:50:48,146 [INFO] apscheduler.executors.default: Running job "Scheduler._check_invoices_job (trigger: interval[0:00:30], next run at: 2026-02-03 11:51:18 +05)" (scheduled at 2026-02-03 11:50:48.137002+05:00)
2026-02-03 11:50:48,147 [INFO] apscheduler.executors.default: Job "Scheduler._check_invoices_job (trigger: interval[0:00:30], next run at: 2026-02-03 11:51:18 +05)" executed successfully
2026-02-03 11:51:18,144 [INFO] apscheduler.executors.default: Running job "Scheduler._check_invoices_job (trigger: interval[0:00:30], next run at: 2026-02-03 11:51:48 +05)" (scheduled at 2026-02-03 11:51:18.137002+05:00)
2026-02-03 11:51:18,144 [INFO] apscheduler.executors.default: Running job "Scheduler._broadcast_job (trigger: interval[0:01:00], next run at: 2026-02-03 11:52:18 +05)" (scheduled at 2026-02-03 11:51:18.138003+05:00)
2026-02-03 11:51:18,144 [INFO] apscheduler.executors.default: Running job "Scheduler._hold_and_overdue_job (trigger: interval[0:01:00], next run at: 2026-02-03 11:52:18 +05)" (scheduled at 2026-02-03 11:51:18.138003+05:00)
2026-02-03 11:51:18,144 [INFO] apscheduler.executors.default: Job "Scheduler._check_invoices_job (trigger: interval[0:00:30], next run at: 2026-02-03 11:51:48 +05)" executed successfully
2026-02-03 11:51:18,145 [INFO] apscheduler.executors.default: Job "Scheduler._broadcast_job (trigger: interval[0:01:00], next run at: 2026-02-03 11:52:18 +05)" executed successfully
2026-02-03 11:51:18,146 [INFO] apscheduler.executors.default: Job "Scheduler._hold_and_overdue_job (trigger: interval[0:01:00], next run at: 2026-02-03 11:52:18 +05)" executed successfully
2026-02-03 11:51:48,140 [INFO] apscheduler.executors.default: Running job "Scheduler._check_invoices_job (trigger: interval[0:00:30], next run at: 2026-02-03 11:52:18 +05)" (scheduled at 2026-02-03 11:51:48.137002+05:00)
2026-02-03 11:51:48,141 [INFO] apscheduler.executors.default: Job "Scheduler._check_invoices_job (trigger: interval[0:00:30], next run at: 2026-02-03 11:52:18 +05)" executed successfully
2026-02-03 11:52:18,147 [INFO] apscheduler.executors.default: Running job "Scheduler._check_invoices_job (trigger: interval[0:00:30], next run at: 2026-02-03 11:52:48 +05)" (scheduled at 2026-02-03 11:52:18.137002+05:00)
2026-02-03 11:52:18,147 [INFO] apscheduler.executors.default: Running job "Scheduler._broadcast_job (trigger: interval[0:01:00], next run at: 2026-02-03 11:53:18 +05)" (scheduled at 2026-02-03 11:52:18.138003+05:00)
2026-02-03 11:52:18,148 [INFO] apscheduler.executors.default: Running job "Scheduler._hold_and_overdue_job (trigger: interval[0:01:00], next run at: 2026-02-03 11:53:18 +05)" (scheduled at 2026-02-03 11:52:18.138003+05:00)
2026-02-03 11:52:18,148 [INFO] apscheduler.executors.default: Job "Scheduler._check_invoices_job (trigger: interval[0:00:30], next run at: 2026-02-03 11:52:48 +05)" executed successfully
2026-02-03 11:52:18,149 [INFO] apscheduler.executors.default: Job "Scheduler._broadcast_job (trigger: interval[0:01:00], next run at: 2026-02-03 11:53:18 +05)" executed successfully
2026-02-03 11:52:18,149 [INFO] apscheduler.executors.default: Job "Scheduler._hold_and_overdue_job (trigger: interval[0:01:00], next run at: 2026-02-03 11:53:18 +05)" executed successfully
2026-02-03 11:52:48,151 [INFO] apscheduler.executors.default: Running job "Scheduler._check_invoices_job (trigger: interval[0:00:30], next run at: 2026-02-03 11:53:18 +05)" (scheduled at 2026-02-03 11:52:48.137002+05:00)
2026-02-03 11:52:48,152 [INFO] apscheduler.executors.default: Job "Scheduler._check_invoices_job (trigger: interval[0:00:30], next run at: 2026-02-03 11:53:18 +05)" executed successfully
2026-02-03 11:53:18,148 [INFO] apscheduler.executors.default: Running job "Scheduler._check_invoices_job (trigger: interval[0:00:30], next run at: 2026-02-03 11:53:48 +05)" (scheduled at 2026-02-03 11:53:18.137002+05:00)
2026-02-03 11:53:18,148 [INFO] apscheduler.executors.default: Running job "Scheduler._broadcast_job (trigger: interval[0:01:00], next run at: 2026-02-03 11:54:18 +05)" (scheduled at 2026-02-03 11:53:18.138003+05:00)
2026-02-03 11:53:18,149 [INFO] apscheduler.executors.default: Running job "Scheduler._hold_and_overdue_job (trigger: interval[0:01:00], next run at: 2026-02-03 11:54:18 +05)" (scheduled at 2026-02-03 11:53:18.138003+05:00)
2026-02-03 11:53:18,149 [INFO] apscheduler.executors.default: Job "Scheduler._check_invoices_job (trigger: interval[0:00:30], next run at: 2026-02-03 11:53:48 +05)" executed successfully
2026-02-03 11:53:18,150 [INFO] apscheduler.executors.default: Job "Scheduler._broadcast_job (trigger: interval[0:01:00], next run at: 2026-02-03 11:54:18 +05)" executed successfully
2026-02-03 11:53:18,151 [INFO] apscheduler.executors.default: Job "Scheduler._hold_and_overdue_job (trigger: interval[0:01:00], next run at: 2026-02-03 11:54:18 +05)" executed successfully
2026-02-03 11:53:48,149 [INFO] apscheduler.executors.default: Running job "Scheduler._check_invoices_job (trigger: interval[0:00:30], next run at: 2026-02-03 11:54:18 +05)" (scheduled at 2026-02-03 11:53:48.137002+05:00)
2026-02-03 11:53:48,150 [INFO] apscheduler.executors.default: Job "Scheduler._check_invoices_job (trigger: interval[0:00:30], next run at: 2026-02-03 11:54:18 +05)" executed successfully
2026-02-03 11:54:18,155 [INFO] apscheduler.executors.default: Running job "Scheduler._check_invoices_job (trigger: interval[0:00:30], next run at: 2026-02-03 11:54:48 +05)" (scheduled at 2026-02-03 11:54:18.137002+05:00)
2026-02-03 11:54:18,155 [INFO] apscheduler.executors.default: Running job "Scheduler._broadcast_job (trigger: interval[0:01:00], next run at: 2026-02-03 11:55:18 +05)" (scheduled at 2026-02-03 11:54:18.138003+05:00)
2026-02-03 11:54:18,156 [INFO] apscheduler.executors.default: Running job "Scheduler._hold_and_overdue_job (trigger: interval[0:01:00], next run at: 2026-02-03 11:55:18 +05)" (scheduled at 2026-02-03 11:54:18.138003+05:00)
2026-02-03 11:54:18,156 [INFO] apscheduler.executors.default: Job "Scheduler._check_invoices_job (trigger: interval[0:00:30], next run at: 2026-02-03 11:54:48 +05)" executed successfully
2026-02-03 11:54:18,157 [INFO] apscheduler.executors.default: Job "Scheduler._broadcast_job (trigger: interval[0:01:00], next run at: 2026-02-03 11:55:18 +05)" executed successfully
2026-02-03 11:54:18,158 [INFO] apscheduler.executors.default: Job "Scheduler._hold_and_overdue_job (trigger: interval[0:01:00], next run at: 2026-02-03 11:55:18 +05)" executed successfully
2026-02-03 11:54:48,150 [INFO] apscheduler.executors.default: Running job "Scheduler._check_invoices_job (trigger: interval[0:00:30], next run at: 2026-02-03 11:55:18 +05)" (scheduled at 2026-02-03 11:54:48.137002+05:00)
2026-02-03 11:54:48,151 [INFO] apscheduler.executors.default: Job "Scheduler._check_invoices_job (trigger: interval[0:00:30], next run at: 2026-02-03 11:55:18 +05)" executed successfully
2026-02-03 11:55:18,147 [INFO] apscheduler.executors.default: Running job "Scheduler._check_invoices_job (trigger: interval[0:00:30], next run at: 2026-02-03 11:55:48 +05)" (scheduled at 2026-02-03 11:55:18.137002+05:00)
2026-02-03 11:55:18,147 [INFO] apscheduler.executors.default: Running job "Scheduler._broadcast_job (trigger: interval[0:01:00], next run at: 2026-02-03 11:56:18 +05)" (scheduled at 2026-02-03 11:55:18.138003+05:00)
2026-02-03 11:55:18,148 [INFO] apscheduler.executors.default: Running job "Scheduler._hold_and_overdue_job (trigger: interval[0:01:00], next run at: 2026-02-03 11:56:18 +05)" (scheduled at 2026-02-03 11:55:18.138003+05:00)
2026-02-03 11:55:18,148 [INFO] apscheduler.executors.default: Job "Scheduler._check_invoices_job (trigger: interval[0:00:30], next run at: 2026-02-03 11:55:48 +05)" executed successfully
2026-02-03 11:55:18,149 [INFO] apscheduler.executors.default: Job "Scheduler._broadcast_job (trigger: interval[0:01:00], next run at: 2026-02-03 11:56:18 +05)" executed successfully
2026-02-03 11:55:18,150 [INFO] apscheduler.executors.default: Job "Scheduler._hold_and_overdue_job (trigger: interval[0:01:00], next run at: 2026-02-03 11:56:18 +05)" executed successfully
2026-02-03 11:55:48,150 [INFO] apscheduler.executors.default: Running job "Scheduler._check_invoices_job (trigger: interval[0:00:30], next run at: 2026-02-03 11:56:18 +05)" (scheduled at 2026-02-03 11:55:48.137002+05:00)
2026-02-03 11:55:48,151 [INFO] apscheduler.executors.default: Job "Scheduler._check_invoices_job (trigger: interval[0:00:30], next run at: 2026-02-03 11:56:18 +05)" executed successfully
2026-02-03 11:56:18,147 [INFO] apscheduler.executors.default: Running job "Scheduler._check_invoices_job (trigger: interval[0:00:30], next run at: 2026-02-03 11:56:48 +05)" (scheduled at 2026-02-03 11:56:18.137002+05:00)
2026-02-03 11:56:18,147 [INFO] apscheduler.executors.default: Running job "Scheduler._broadcast_job (trigger: interval[0:01:00], next run at: 2026-02-03 11:57:18 +05)" (scheduled at 2026-02-03 11:56:18.138003+05:00)
2026-02-03 11:56:18,148 [INFO] apscheduler.executors.default: Running job "Scheduler._hold_and_overdue_job (trigger: interval[0:01:00], next run at: 2026-02-03 11:57:18 +05)" (scheduled at 2026-02-03 11:56:18.138003+05:00)
2026-02-03 11:56:18,149 [INFO] apscheduler.executors.default: Job "Scheduler._check_invoices_job (trigger: interval[0:00:30], next run at: 2026-02-03 11:56:48 +05)" executed successfully
2026-02-03 11:56:18,149 [INFO] apscheduler.executors.default: Job "Scheduler._broadcast_job (trigger: interval[0:01:00], next run at: 2026-02-03 11:57:18 +05)" executed successfully
2026-02-03 11:56:18,150 [INFO] apscheduler.executors.default: Job "Scheduler._hold_and_overdue_job (trigger: interval[0:01:00], next run at: 2026-02-03 11:57:18 +05)" executed successfully
2026-02-03 11:56:48,140 [INFO] apscheduler.executors.default: Running job "Scheduler._check_invoices_job (trigger: interval[0:00:30], next run at: 2026-02-03 11:57:18 +05)" (scheduled at 2026-02-03 11:56:48.137002+05:00)
2026-02-03 11:56:48,141 [INFO] apscheduler.executors.default: Job "Scheduler._check_invoices_job (trigger: interval[0:00:30], next run at: 2026-02-03 11:57:18 +05)" executed successfully
2026-02-03 11:57:18,147 [INFO] apscheduler.executors.default: Running job "Scheduler._check_invoices_job (trigger: interval[0:00:30], next run at: 2026-02-03 11:57:48 +05)" (scheduled at 2026-02-03 11:57:18.137002+05:00)
2026-02-03 11:57:18,147 [INFO] apscheduler.executors.default: Running job "Scheduler._broadcast_job (trigger: interval[0:01:00], next run at: 2026-02-03 11:58:18 +05)" (scheduled at 2026-02-03 11:57:18.138003+05:00)
2026-02-03 11:57:18,148 [INFO] apscheduler.executors.default: Running job "Scheduler._hold_and_overdue_job (trigger: interval[0:01:00], next run at: 2026-02-03 11:58:18 +05)" (scheduled at 2026-02-03 11:57:18.138003+05:00)
2026-02-03 11:57:18,148 [INFO] apscheduler.executors.default: Job "Scheduler._check_invoices_job (trigger: interval[0:00:30], next run at: 2026-02-03 11:57:48 +05)" executed successfully
2026-02-03 11:57:18,149 [INFO] apscheduler.executors.default: Job "Scheduler._broadcast_job (trigger: interval[0:01:00], next run at: 2026-02-03 11:58:18 +05)" executed successfully
2026-02-03 11:57:18,150 [INFO] apscheduler.executors.default: Job "Scheduler._hold_and_overdue_job (trigger: interval[0:01:00], next run at: 2026-02-03 11:58:18 +05)" executed successfully
2026-02-03 11:57:48,161 [INFO] apscheduler.executors.default: Running job "Scheduler._check_invoices_job (trigger: interval[0:00:30], next run at: 2026-02-03 11:58:18 +05)" (scheduled at 2026-02-03 11:57:48.137002+05:00)
2026-02-03 11:57:48,162 [INFO] apscheduler.executors.default: Job "Scheduler._check_invoices_job (trigger: interval[0:00:30], next run at: 2026-02-03 11:58:18 +05)" executed successfully
2026-02-03 11:58:18,153 [INFO] apscheduler.executors.default: Running job "Scheduler._check_invoices_job (trigger: interval[0:00:30], next run at: 2026-02-03 11:58:48 +05)" (scheduled at 2026-02-03 11:58:18.137002+05:00)
2026-02-03 11:58:18,153 [INFO] apscheduler.executors.default: Running job "Scheduler._broadcast_job (trigger: interval[0:01:00], next run at: 2026-02-03 11:59:18 +05)" (scheduled at 2026-02-03 11:58:18.138003+05:00)
2026-02-03 11:58:18,154 [INFO] apscheduler.executors.default: Running job "Scheduler._hold_and_overdue_job (trigger: interval[0:01:00], next run at: 2026-02-03 11:59:18 +05)" (scheduled at 2026-02-03 11:58:18.138003+05:00)
2026-02-03 11:58:18,154 [INFO] apscheduler.executors.default: Job "Scheduler._check_invoices_job (trigger: interval[0:00:30], next run at: 2026-02-03 11:58:48 +05)" executed successfully
2026-02-03 11:58:18,155 [INFO] apscheduler.executors.default: Job "Scheduler._broadcast_job (trigger: interval[0:01:00], next run at: 2026-02-03 11:59:18 +05)" executed successfully
2026-02-03 11:58:18,155 [INFO] apscheduler.executors.default: Job "Scheduler._hold_and_overdue_job (trigger: interval[0:01:00], next run at: 2026-02-03 11:59:18 +05)" executed successfully
2026-02-03 11:58:48,137 [INFO] apscheduler.executors.default: Running job "Scheduler._check_invoices_job (trigger: interval[0:00:30], next run at: 2026-02-03 11:59:18 +05)" (scheduled at 2026-02-03 11:58:48.137002+05:00)
2026-02-03 11:58:48,138 [INFO] apscheduler.executors.default: Job "Scheduler._check_invoices_job (trigger: interval[0:00:30], next run at: 2026-02-03 11:59:18 +05)" executed successfully
2026-02-03 11:59:18,141 [INFO] apscheduler.executors.default: Running job "Scheduler._check_invoices_job (trigger: interval[0:00:30], next run at: 2026-02-03 11:59:48 +05)" (scheduled at 2026-02-03 11:59:18.137002+05:00)
2026-02-03 11:59:18,141 [INFO] apscheduler.executors.default: Running job "Scheduler._broadcast_job (trigger: interval[0:01:00], next run at: 2026-02-03 12:00:18 +05)" (scheduled at 2026-02-03 11:59:18.138003+05:00)
2026-02-03 11:59:18,142 [INFO] apscheduler.executors.default: Running job "Scheduler._hold_and_overdue_job (trigger: interval[0:01:00], next run at: 2026-02-03 12:00:18 +05)" (scheduled at 2026-02-03 11:59:18.138003+05:00)
2026-02-03 11:59:18,142 [INFO] apscheduler.executors.default: Job "Scheduler._check_invoices_job (trigger: interval[0:00:30], next run at: 2026-02-03 11:59:48 +05)" executed successfully
2026-02-03 11:59:18,143 [INFO] apscheduler.executors.default: Job "Scheduler._broadcast_job (trigger: interval[0:01:00], next run at: 2026-02-03 12:00:18 +05)" executed successfully
2026-02-03 11:59:18,144 [INFO] apscheduler.executors.default: Job "Scheduler._hold_and_overdue_job (trigger: interval[0:01:00], next run at: 2026-02-03 12:00:18 +05)" executed successfully
2026-02-03 11:59:48,149 [INFO] apscheduler.executors.default: Running job "Scheduler._check_invoices_job (trigger: interval[0:00:30], next run at: 2026-02-03 12:00:18 +05)" (scheduled at 2026-02-03 11:59:48.137002+05:00)
2026-02-03 11:59:48,150 [INFO] apscheduler.executors.default: Job "Scheduler._check_invoices_job (trigger: interval[0:00:30], next run at: 2026-02-03 12:00:18 +05)" executed successfully
2026-02-03 11:59:59,024 [INFO] aiogram.dispatcher: Polling stopped
2026-02-03 11:59:59,025 [ERROR] aiogram.dispatcher: Failed to fetch updates - TelegramNetworkError: HTTP Client says - ServerDisconnectedError: Server disconnected
2026-02-03 11:59:59,025 [WARNING] aiogram.dispatcher: Sleep for 1.000000 seconds and try again... (tryings = 0, bot id = 8510295030)
2026-02-03 11:59:59,287 [INFO] core.scheduler: Scheduler stopped
2026-02-03 11:59:59,287 [INFO] apscheduler.scheduler: Scheduler has been shut down
2026-02-03 11:59:59,289 [INFO] aiogram.dispatcher: Polling stopped for bot @sosybuchybot id=8510295030 - 'otsos y buchy'
2026-02-03 12:00:05,750 [INFO] apscheduler.scheduler: Adding job tentatively -- it will be properly scheduled when the scheduler starts
2026-02-03 12:00:05,751 [INFO] apscheduler.scheduler: Adding job tentatively -- it will be properly scheduled when the scheduler starts
2026-02-03 12:00:05,751 [INFO] apscheduler.scheduler: Adding job tentatively -- it will be properly scheduled when the scheduler starts
2026-02-03 12:00:05,751 [INFO] apscheduler.scheduler: Adding job tentatively -- it will be properly scheduled when the scheduler starts
2026-02-03 12:00:05,752 [INFO] apscheduler.scheduler: Added job "Scheduler._check_invoices_job" to job store "default"
2026-02-03 12:00:05,752 [INFO] apscheduler.scheduler: Added job "Scheduler._broadcast_job" to job store "default"
2026-02-03 12:00:05,752 [INFO] apscheduler.scheduler: Added job "Scheduler._hold_and_overdue_job" to job store "default"
2026-02-03 12:00:05,752 [INFO] apscheduler.scheduler: Added job "Scheduler._backup_job" to job store "default"
2026-02-03 12:00:05,752 [INFO] apscheduler.scheduler: Scheduler started
2026-02-03 12:00:05,752 [INFO] core.scheduler: Scheduler started
2026-02-03 12:00:05,752 [INFO] core.bot: Bot starting (polling)
2026-02-03 12:00:05,753 [INFO] aiogram.dispatcher: Start polling
2026-02-03 12:00:06,013 [INFO] aiogram.dispatcher: Run polling for bot @sosybuchybot id=8510295030 - 'otsos y buchy'
2026-02-03 12:00:08,987 [INFO] aiogram.event: Update id=514790748 is handled. Duration 407 ms by bot id=8510295030
2026-02-03 12:00:10,505 [INFO] aiogram.event: Update id=514790749 is handled. Duration 188 ms by bot id=8510295030
2026-02-03 12:00:12,968 [INFO] aiogram.event: Update id=514790750 is handled. Duration 108 ms by bot id=8510295030
2026-02-03 12:00:16,160 [INFO] aiogram.event: Update id=514790751 is handled. Duration 421 ms by bot id=8510295030
2026-02-03 12:00:18,634 [INFO] aiogram.event: Update id=514790752 is handled. Duration 219 ms by bot id=8510295030
2026-02-03 12:00:26,256 [INFO] handlers.user_handler: New loan application 7 from user 7946893985
2026-02-03 12:00:26,257 [INFO] aiogram.event: Update id=514790753 is handled. Duration 875 ms by bot id=8510295030
2026-02-03 12:00:31,302 [INFO] aiogram.event: Update id=514790754 is handled. Duration 202 ms by bot id=8510295030
2026-02-03 12:00:35,754 [INFO] apscheduler.executors.default: Running job "Scheduler._check_invoices_job (trigger: interval[0:00:30], next run at: 2026-02-03 12:01:05 +05)" (scheduled at 2026-02-03 12:00:35.750025+05:00)
2026-02-03 12:00:35,755 [INFO] apscheduler.executors.default: Job "Scheduler._check_invoices_job (trigger: interval[0:00:30], next run at: 2026-02-03 12:01:05 +05)" executed successfully
2026-02-03 12:00:36,496 [INFO] aiogram.event: Update id=514790755 is handled. Duration 436 ms by bot id=8510295030
2026-02-03 12:00:39,433 [INFO] aiogram.event: Update id=514790756 is handled. Duration 327 ms by bot id=8510295030
2026-02-03 12:00:44,299 [INFO] aiogram.event: Update id=514790757 is handled. Duration 515 ms by bot id=8510295030
2026-02-03 12:00:49,604 [INFO] aiogram.event: Update id=514790758 is handled. Duration 578 ms by bot id=8510295030
2026-02-03 12:01:03,077 [INFO] aiogram.event: Update id=514790759 is handled. Duration 234 ms by bot id=8510295030
2026-02-03 12:01:05,776 [INFO] apscheduler.executors.default: Running job "Scheduler._check_invoices_job (trigger: interval[0:00:30], next run at: 2026-02-03 12:01:35 +05)" (scheduled at 2026-02-03 12:01:05.750025+05:00)
2026-02-03 12:01:05,776 [INFO] apscheduler.executors.default: Running job "Scheduler._broadcast_job (trigger: interval[0:01:00], next run at: 2026-02-03 12:02:05 +05)" (scheduled at 2026-02-03 12:01:05.751024+05:00)
2026-02-03 12:01:05,777 [INFO] apscheduler.executors.default: Running job "Scheduler._hold_and_overdue_job (trigger: interval[0:01:00], next run at: 2026-02-03 12:02:05 +05)" (scheduled at 2026-02-03 12:01:05.751024+05:00)
2026-02-03 12:01:05,777 [INFO] apscheduler.executors.default: Job "Scheduler._check_invoices_job (trigger: interval[0:00:30], next run at: 2026-02-03 12:01:35 +05)" executed successfully
2026-02-03 12:01:05,778 [INFO] apscheduler.executors.default: Job "Scheduler._broadcast_job (trigger: interval[0:01:00], next run at: 2026-02-03 12:02:05 +05)" executed successfully
2026-02-03 12:01:05,779 [INFO] apscheduler.executors.default: Job "Scheduler._hold_and_overdue_job (trigger: interval[0:01:00], next run at: 2026-02-03 12:02:05 +05)" executed successfully
2026-02-03 12:01:06,673 [INFO] aiogram.event: Update id=514790760 is handled. Duration 203 ms by bot id=8510295030
2026-02-03 12:01:13,914 [INFO] aiogram.event: Update id=514790761 is handled. Duration 844 ms by bot id=8510295030
2026-02-03 12:01:23,279 [INFO] aiogram.event: Update id=514790762 is handled. Duration 344 ms by bot id=8510295030
2026-02-03 12:01:25,513 [INFO] aiogram.event: Update id=514790763 is handled. Duration 203 ms by bot id=8510295030
2026-02-03 12:01:35,758 [INFO] apscheduler.executors.default: Running job "Scheduler._check_invoices_job (trigger: interval[0:00:30], next run at: 2026-02-03 12:02:05 +05)" (scheduled at 2026-02-03 12:01:35.750025+05:00)
2026-02-03 12:01:35,759 [INFO] apscheduler.executors.default: Job "Scheduler._check_invoices_job (trigger: interval[0:00:30], next run at: 2026-02-03 12:02:05 +05)" executed successfully
2026-02-03 12:02:05,756 [INFO] apscheduler.executors.default: Running job "Scheduler._check_invoices_job (trigger: interval[0:00:30], next run at: 2026-02-03 12:02:35 +05)" (scheduled at 2026-02-03 12:02:05.750025+05:00)
2026-02-03 12:02:05,756 [INFO] apscheduler.executors.default: Running job "Scheduler._broadcast_job (trigger: interval[0:01:00], next run at: 2026-02-03 12:03:05 +05)" (scheduled at 2026-02-03 12:02:05.751024+05:00)
2026-02-03 12:02:05,757 [INFO] apscheduler.executors.default: Running job "Scheduler._hold_and_overdue_job (trigger: interval[0:01:00], next run at: 2026-02-03 12:03:05 +05)" (scheduled at 2026-02-03 12:02:05.751024+05:00)
2026-02-03 12:02:05,757 [INFO] apscheduler.executors.default: Job "Scheduler._check_invoices_job (trigger: interval[0:00:30], next run at: 2026-02-03 12:02:35 +05)" executed successfully
2026-02-03 12:02:05,758 [INFO] apscheduler.executors.default: Job "Scheduler._broadcast_job (trigger: interval[0:01:00], next run at: 2026-02-03 12:03:05 +05)" executed successfully
2026-02-03 12:02:05,759 [INFO] apscheduler.executors.default: Job "Scheduler._hold_and_overdue_job (trigger: interval[0:01:00], next run at: 2026-02-03 12:03:05 +05)" executed successfully
2026-02-03 12:02:35,767 [INFO] apscheduler.executors.default: Running job "Scheduler._check_invoices_job (trigger: interval[0:00:30], next run at: 2026-02-03 12:03:05 +05)" (scheduled at 2026-02-03 12:02:35.750025+05:00)
2026-02-03 12:02:35,768 [INFO] apscheduler.executors.default: Job "Scheduler._check_invoices_job (trigger: interval[0:00:30], next run at: 2026-02-03 12:03:05 +05)" executed successfully
2026-02-03 12:03:05,757 [INFO] apscheduler.executors.default: Running job "Scheduler._check_invoices_job (trigger: interval[0:00:30], next run at: 2026-02-03 12:03:35 +05)" (scheduled at 2026-02-03 12:03:05.750025+05:00)
2026-02-03 12:03:05,757 [INFO] apscheduler.executors.default: Running job "Scheduler._broadcast_job (trigger: interval[0:01:00], next run at: 2026-02-03 12:04:05 +05)" (scheduled at 2026-02-03 12:03:05.751024+05:00)
2026-02-03 12:03:05,758 [INFO] apscheduler.executors.default: Running job "Scheduler._hold_and_overdue_job (trigger: interval[0:01:00], next run at: 2026-02-03 12:04:05 +05)" (scheduled at 2026-02-03 12:03:05.751024+05:00)
2026-02-03 12:03:05,758 [INFO] apscheduler.executors.default: Job "Scheduler._check_invoices_job (trigger: interval[0:00:30], next run at: 2026-02-03 12:03:35 +05)" executed successfully
2026-02-03 12:03:05,759 [INFO] apscheduler.executors.default: Job "Scheduler._broadcast_job (trigger: interval[0:01:00], next run at: 2026-02-03 12:04:05 +05)" executed successfully
2026-02-03 12:03:05,759 [INFO] apscheduler.executors.default: Job "Scheduler._hold_and_overdue_job (trigger: interval[0:01:00], next run at: 2026-02-03 12:04:05 +05)" executed successfully
2026-02-03 12:03:35,752 [INFO] apscheduler.executors.default: Running job "Scheduler._check_invoices_job (trigger: interval[0:00:30], next run at: 2026-02-03 12:04:05 +05)" (scheduled at 2026-02-03 12:03:35.750025+05:00)
2026-02-03 12:03:35,753 [INFO] apscheduler.executors.default: Job "Scheduler._check_invoices_job (trigger: interval[0:00:30], next run at: 2026-02-03 12:04:05 +05)" executed successfully
2026-02-03 12:03:43,103 [INFO] aiogram.dispatcher: Polling stopped
2026-02-03 12:03:43,104 [ERROR] aiogram.dispatcher: Failed to fetch updates - TelegramNetworkError: HTTP Client says - ServerDisconnectedError: Server disconnected
2026-02-03 12:03:43,104 [WARNING] aiogram.dispatcher: Sleep for 1.000000 seconds and try again... (tryings = 0, bot id = 8510295030)
2026-02-03 12:03:43,366 [INFO] core.scheduler: Scheduler stopped
2026-02-03 12:03:43,366 [INFO] apscheduler.scheduler: Scheduler has been shut down
2026-02-03 12:03:43,367 [INFO] aiogram.dispatcher: Polling stopped for bot @sosybuchybot id=8510295030 - 'otsos y buchy'
2026-02-03 12:03:59,187 [INFO] apscheduler.scheduler: Adding job tentatively -- it will be properly scheduled when the scheduler starts
2026-02-03 12:03:59,188 [INFO] apscheduler.scheduler: Adding job tentatively -- it will be properly scheduled when the scheduler starts
2026-02-03 12:03:59,188 [INFO] apscheduler.scheduler: Adding job tentatively -- it will be properly scheduled when the scheduler starts
2026-02-03 12:03:59,188 [INFO] apscheduler.scheduler: Adding job tentatively -- it will be properly scheduled when the scheduler starts
2026-02-03 12:03:59,189 [INFO] apscheduler.scheduler: Added job "Scheduler._check_invoices_job" to job store "default"
2026-02-03 12:03:59,189 [INFO] apscheduler.scheduler: Added job "Scheduler._broadcast_job" to job store "default"
2026-02-03 12:03:59,189 [INFO] apscheduler.scheduler: Added job "Scheduler._hold_and_overdue_job" to job store "default"
2026-02-03 12:03:59,189 [INFO] apscheduler.scheduler: Added job "Scheduler._backup_job" to job store "default"
2026-02-03 12:03:59,190 [INFO] apscheduler.scheduler: Scheduler started
2026-02-03 12:03:59,190 [INFO] core.scheduler: Scheduler started
2026-02-03 12:03:59,190 [INFO] core.bot: Bot starting (polling)
2026-02-03 12:03:59,190 [INFO] aiogram.dispatcher: Start polling
2026-02-03 12:03:59,466 [INFO] aiogram.dispatcher: Run polling for bot @sosybuchybot id=8510295030 - 'otsos y buchy'
2026-02-03 12:04:12,340 [INFO] aiogram.event: Update id=514790764 is not handled. Duration 0 ms by bot id=8510295030
2026-02-03 12:04:16,296 [INFO] aiogram.event: Update id=514790765 is handled. Duration 265 ms by bot id=8510295030
2026-02-03 12:04:17,707 [INFO] aiogram.event: Update id=514790766 is handled. Duration 219 ms by bot id=8510295030
2026-02-03 12:04:18,685 [INFO] aiogram.event: Update id=514790767 is handled. Duration 219 ms by bot id=8510295030
2026-02-03 12:04:29,195 [INFO] apscheduler.executors.default: Running job "Scheduler._check_invoices_job (trigger: interval[0:00:30], next run at: 2026-02-03 12:04:59 +05)" (scheduled at 2026-02-03 12:04:29.187095+05:00)
2026-02-03 12:04:29,196 [INFO] apscheduler.executors.default: Job "Scheduler._check_invoices_job (trigger: interval[0:00:30], next run at: 2026-02-03 12:04:59 +05)" executed successfully
2026-02-03 12:04:59,201 [INFO] apscheduler.executors.default: Running job "Scheduler._check_invoices_job (trigger: interval[0:00:30], next run at: 2026-02-03 12:05:29 +05)" (scheduled at 2026-02-03 12:04:59.187095+05:00)
2026-02-03 12:04:59,202 [INFO] apscheduler.executors.default: Running job "Scheduler._broadcast_job (trigger: interval[0:01:00], next run at: 2026-02-03 12:05:59 +05)" (scheduled at 2026-02-03 12:04:59.188123+05:00)
2026-02-03 12:04:59,202 [INFO] apscheduler.executors.default: Running job "Scheduler._hold_and_overdue_job (trigger: interval[0:01:00], next run at: 2026-02-03 12:05:59 +05)" (scheduled at 2026-02-03 12:04:59.188123+05:00)
2026-02-03 12:04:59,202 [INFO] apscheduler.executors.default: Job "Scheduler._check_invoices_job (trigger: interval[0:00:30], next run at: 2026-02-03 12:05:29 +05)" executed successfully
2026-02-03 12:04:59,203 [INFO] apscheduler.executors.default: Job "Scheduler._broadcast_job (trigger: interval[0:01:00], next run at: 2026-02-03 12:05:59 +05)" executed successfully
2026-02-03 12:04:59,204 [INFO] apscheduler.executors.default: Job "Scheduler._hold_and_overdue_job (trigger: interval[0:01:00], next run at: 2026-02-03 12:05:59 +05)" executed successfully
2026-02-03 12:05:17,668 [INFO] aiogram.event: Update id=514790768 is handled. Duration 94 ms by bot id=8510295030
2026-02-03 12:05:19,397 [INFO] aiogram.event: Update id=514790769 is handled. Duration 296 ms by bot id=8510295030
2026-02-03 12:05:21,004 [INFO] aiogram.event: Update id=514790770 is handled. Duration 592 ms by bot id=8510295030
2026-02-03 12:05:23,057 [INFO] aiogram.event: Update id=514790771 is handled. Duration 109 ms by bot id=8510295030
2026-02-03 12:05:25,013 [INFO] aiogram.event: Update id=514790772 is handled. Duration 109 ms by bot id=8510295030
2026-02-03 12:05:27,202 [INFO] aiogram.event: Update id=514790773 is handled. Duration 640 ms by bot id=8510295030
2026-02-03 12:05:29,204 [INFO] apscheduler.executors.default: Running job "Scheduler._check_invoices_job (trigger: interval[0:00:30], next run at: 2026-02-03 12:05:59 +05)" (scheduled at 2026-02-03 12:05:29.187095+05:00)
2026-02-03 12:05:29,205 [INFO] apscheduler.executors.default: Job "Scheduler._check_invoices_job (trigger: interval[0:00:30], next run at: 2026-02-03 12:05:59 +05)" executed successfully
2026-02-03 12:05:31,775 [INFO] handlers.user_handler: New loan application 8 from user 7946893985
2026-02-03 12:05:31,776 [INFO] aiogram.event: Update id=514790774 is handled. Duration 359 ms by bot id=8510295030
2026-02-03 12:05:35,356 [INFO] aiogram.event: Update id=514790775 is handled. Duration 219 ms by bot id=8510295030
2026-02-03 12:05:59,192 [INFO] apscheduler.executors.default: Running job "Scheduler._check_invoices_job (trigger: interval[0:00:30], next run at: 2026-02-03 12:06:29 +05)" (scheduled at 2026-02-03 12:05:59.187095+05:00)
2026-02-03 12:05:59,192 [INFO] apscheduler.executors.default: Running job "Scheduler._broadcast_job (trigger: interval[0:01:00], next run at: 2026-02-03 12:06:59 +05)" (scheduled at 2026-02-03 12:05:59.188123+05:00)
2026-02-03 12:05:59,193 [INFO] apscheduler.executors.default: Running job "Scheduler._hold_and_overdue_job (trigger: interval[0:01:00], next run at: 2026-02-03 12:06:59 +05)" (scheduled at 2026-02-03 12:05:59.188123+05:00)
2026-02-03 12:05:59,193 [INFO] apscheduler.executors.default: Job "Scheduler._check_invoices_job (trigger: interval[0:00:30], next run at: 2026-02-03 12:06:29 +05)" executed successfully
2026-02-03 12:05:59,194 [INFO] apscheduler.executors.default: Job "Scheduler._broadcast_job (trigger: interval[0:01:00], next run at: 2026-02-03 12:06:59 +05)" executed successfully
2026-02-03 12:05:59,194 [INFO] apscheduler.executors.default: Job "Scheduler._hold_and_overdue_job (trigger: interval[0:01:00], next run at: 2026-02-03 12:06:59 +05)" executed successfully
2026-02-03 12:06:29,205 [INFO] apscheduler.executors.default: Running job "Scheduler._check_invoices_job (trigger: interval[0:00:30], next run at: 2026-02-03 12:06:59 +05)" (scheduled at 2026-02-03 12:06:29.187095+05:00)
2026-02-03 12:06:29,206 [INFO] apscheduler.executors.default: Job "Scheduler._check_invoices_job (trigger: interval[0:00:30], next run at: 2026-02-03 12:06:59 +05)" executed successfully
2026-02-03 12:06:59,194 [INFO] apscheduler.executors.default: Running job "Scheduler._check_invoices_job (trigger: interval[0:00:30], next run at: 2026-02-03 12:07:29 +05)" (scheduled at 2026-02-03 12:06:59.187095+05:00)
2026-02-03 12:06:59,194 [INFO] apscheduler.executors.default: Running job "Scheduler._broadcast_job (trigger: interval[0:01:00], next run at: 2026-02-03 12:07:59 +05)" (scheduled at 2026-02-03 12:06:59.188123+05:00)
2026-02-03 12:06:59,195 [INFO] apscheduler.executors.default: Running job "Scheduler._hold_and_overdue_job (trigger: interval[0:01:00], next run at: 2026-02-03 12:07:59 +05)" (scheduled at 2026-02-03 12:06:59.188123+05:00)
2026-02-03 12:06:59,195 [INFO] apscheduler.executors.default: Job "Scheduler._check_invoices_job (trigger: interval[0:00:30], next run at: 2026-02-03 12:07:29 +05)" executed successfully
2026-02-03 12:06:59,196 [INFO] apscheduler.executors.default: Job "Scheduler._broadcast_job (trigger: interval[0:01:00], next run at: 2026-02-03 12:07:59 +05)" executed successfully
2026-02-03 12:06:59,196 [INFO] apscheduler.executors.default: Job "Scheduler._hold_and_overdue_job (trigger: interval[0:01:00], next run at: 2026-02-03 12:07:59 +05)" executed successfully
2026-02-03 12:07:29,194 [INFO] apscheduler.executors.default: Running job "Scheduler._check_invoices_job (trigger: interval[0:00:30], next run at: 2026-02-03 12:07:59 +05)" (scheduled at 2026-02-03 12:07:29.187095+05:00)
2026-02-03 12:07:29,195 [INFO] apscheduler.executors.default: Job "Scheduler._check_invoices_job (trigger: interval[0:00:30], next run at: 2026-02-03 12:07:59 +05)" executed successfully
2026-02-03 12:07:59,206 [INFO] apscheduler.executors.default: Running job "Scheduler._check_invoices_job (trigger: interval[0:00:30], next run at: 2026-02-03 12:08:29 +05)" (scheduled at 2026-02-03 12:07:59.187095+05:00)
2026-02-03 12:07:59,206 [INFO] apscheduler.executors.default: Running job "Scheduler._broadcast_job (trigger: interval[0:01:00], next run at: 2026-02-03 12:08:59 +05)" (scheduled at 2026-02-03 12:07:59.188123+05:00)
2026-02-03 12:07:59,207 [INFO] apscheduler.executors.default: Running job "Scheduler._hold_and_overdue_job (trigger: interval[0:01:00], next run at: 2026-02-03 12:08:59 +05)" (scheduled at 2026-02-03 12:07:59.188123+05:00)
2026-02-03 12:07:59,207 [INFO] apscheduler.executors.default: Job "Scheduler._check_invoices_job (trigger: interval[0:00:30], next run at: 2026-02-03 12:08:29 +05)" executed successfully
2026-02-03 12:07:59,208 [INFO] apscheduler.executors.default: Job "Scheduler._broadcast_job (trigger: interval[0:01:00], next run at: 2026-02-03 12:08:59 +05)" executed successfully
2026-02-03 12:07:59,209 [INFO] apscheduler.executors.default: Job "Scheduler._hold_and_overdue_job (trigger: interval[0:01:00], next run at: 2026-02-03 12:08:59 +05)" executed successfully
2026-02-03 12:08:24,583 [INFO] aiogram.dispatcher: Polling stopped
2026-02-03 12:08:24,584 [ERROR] aiogram.dispatcher: Failed to fetch updates - TelegramNetworkError: HTTP Client says - ServerDisconnectedError: Server disconnected
2026-02-03 12:08:24,584 [WARNING] aiogram.dispatcher: Sleep for 1.000000 seconds and try again... (tryings = 0, bot id = 8510295030)
2026-02-03 12:08:24,836 [INFO] core.scheduler: Scheduler stopped
2026-02-03 12:08:24,836 [INFO] apscheduler.scheduler: Scheduler has been shut down
2026-02-03 12:08:24,837 [INFO] aiogram.dispatcher: Polling stopped for bot @sosybuchybot id=8510295030 - 'otsos y buchy'
2026-02-03 12:08:37,017 [INFO] apscheduler.scheduler: Adding job tentatively -- it will be properly scheduled when the scheduler starts
2026-02-03 12:08:37,018 [INFO] apscheduler.scheduler: Adding job tentatively -- it will be properly scheduled when the scheduler starts
2026-02-03 12:08:37,018 [INFO] apscheduler.scheduler: Adding job tentatively -- it will be properly scheduled when the scheduler starts
2026-02-03 12:08:37,018 [INFO] apscheduler.scheduler: Adding job tentatively -- it will be properly scheduled when the scheduler starts
2026-02-03 12:08:37,019 [INFO] apscheduler.scheduler: Added job "Scheduler._check_invoices_job" to job store "default"
2026-02-03 12:08:37,019 [INFO] apscheduler.scheduler: Added job "Scheduler._broadcast_job" to job store "default"
2026-02-03 12:08:37,019 [INFO] apscheduler.scheduler: Added job "Scheduler._hold_and_overdue_job" to job store "default"
2026-02-03 12:08:37,019 [INFO] apscheduler.scheduler: Added job "Scheduler._backup_job" to job store "default"
2026-02-03 12:08:37,020 [INFO] apscheduler.scheduler: Scheduler started
2026-02-03 12:08:37,020 [INFO] core.scheduler: Scheduler started
2026-02-03 12:08:37,020 [INFO] core.bot: Bot starting (polling)
2026-02-03 12:08:37,020 [INFO] aiogram.dispatcher: Start polling
2026-02-03 12:08:37,283 [INFO] aiogram.dispatcher: Run polling for bot @sosybuchybot id=8510295030 - 'otsos y buchy'
2026-02-03 12:09:00,026 [INFO] aiogram.event: Update id=514790776 is handled. Duration 282 ms by bot id=8510295030
2026-02-03 12:09:02,465 [INFO] aiogram.event: Update id=514790777 is handled. Duration 233 ms by bot id=8510295030
2026-02-03 12:09:07,037 [INFO] apscheduler.executors.default: Running job "Scheduler._check_invoices_job (trigger: interval[0:00:30], next run at: 2026-02-03 12:09:37 +05)" (scheduled at 2026-02-03 12:09:07.017036+05:00)
2026-02-03 12:09:07,038 [INFO] apscheduler.executors.default: Job "Scheduler._check_invoices_job (trigger: interval[0:00:30], next run at: 2026-02-03 12:09:37 +05)" executed successfully
2026-02-03 12:09:16,886 [INFO] aiogram.event: Update id=514790778 is handled. Duration 344 ms by bot id=8510295030
2026-02-03 12:09:18,654 [INFO] aiogram.event: Update id=514790779 is handled. Duration 250 ms by bot id=8510295030
2026-02-03 12:09:20,179 [INFO] aiogram.event: Update id=514790780 is handled. Duration 188 ms by bot id=8510295030
2026-02-03 12:09:23,523 [INFO] aiogram.event: Update id=514790781 is handled. Duration 140 ms by bot id=8510295030
2026-02-03 12:09:27,333 [INFO] aiogram.event: Update id=514790782 is handled. Duration 219 ms by bot id=8510295030
2026-02-03 12:09:30,841 [INFO] aiogram.event: Update id=514790783 is handled. Duration 202 ms by bot id=8510295030
2026-02-03 12:09:34,065 [INFO] aiogram.event: Update id=514790784 is handled. Duration 94 ms by bot id=8510295030
2026-02-03 12:09:37,040 [INFO] apscheduler.executors.default: Running job "Scheduler._check_invoices_job (trigger: interval[0:00:30], next run at: 2026-02-03 12:10:07 +05)" (scheduled at 2026-02-03 12:09:37.017036+05:00)
2026-02-03 12:09:37,040 [INFO] apscheduler.executors.default: Running job "Scheduler._broadcast_job (trigger: interval[0:01:00], next run at: 2026-02-03 12:10:37 +05)" (scheduled at 2026-02-03 12:09:37.018036+05:00)
2026-02-03 12:09:37,041 [INFO] apscheduler.executors.default: Running job "Scheduler._hold_and_overdue_job (trigger: interval[0:01:00], next run at: 2026-02-03 12:10:37 +05)" (scheduled at 2026-02-03 12:09:37.018036+05:00)
2026-02-03 12:09:37,041 [INFO] apscheduler.executors.default: Job "Scheduler._check_invoices_job (trigger: interval[0:00:30], next run at: 2026-02-03 12:10:07 +05)" executed successfully
2026-02-03 12:09:37,042 [INFO] apscheduler.executors.default: Job "Scheduler._broadcast_job (trigger: interval[0:01:00], next run at: 2026-02-03 12:10:37 +05)" executed successfully
2026-02-03 12:09:37,043 [INFO] apscheduler.executors.default: Job "Scheduler._hold_and_overdue_job (trigger: interval[0:01:00], next run at: 2026-02-03 12:10:37 +05)" executed successfully
2026-02-03 12:09:41,870 [INFO] handlers.user_handler: New loan application 9 from user 7946893985
2026-02-03 12:09:41,870 [INFO] aiogram.event: Update id=514790785 is handled. Duration 389 ms by bot id=8510295030
2026-02-03 12:09:46,258 [INFO] aiogram.event: Update id=514790786 is handled. Duration 250 ms by bot id=8510295030
2026-02-03 12:09:50,457 [INFO] aiogram.event: Update id=514790787 is handled. Duration 92 ms by bot id=8510295030
2026-02-03 12:09:52,690 [INFO] aiogram.event: Update id=514790788 is handled. Duration 219 ms by bot id=8510295030
2026-02-03 12:10:00,305 [INFO] aiogram.event: Update id=514790789 is handled. Duration 250 ms by bot id=8510295030
2026-02-03 12:10:07,029 [INFO] apscheduler.executors.default: Running job "Scheduler._check_invoices_job (trigger: interval[0:00:30], next run at: 2026-02-03 12:10:37 +05)" (scheduled at 2026-02-03 12:10:07.017036+05:00)
2026-02-03 12:10:07,030 [INFO] apscheduler.executors.default: Job "Scheduler._check_invoices_job (trigger: interval[0:00:30], next run at: 2026-02-03 12:10:37 +05)" executed successfully
2026-02-03 12:10:08,087 [INFO] aiogram.event: Update id=514790790 is handled. Duration 546 ms by bot id=8510295030
2026-02-03 12:10:20,632 [INFO] aiogram.event: Update id=514790791 is handled. Duration 219 ms by bot id=8510295030
2026-02-03 12:10:33,632 [INFO] aiogram.event: Update id=514790792 is handled. Duration 250 ms by bot id=8510295030
2026-02-03 12:10:37,025 [INFO] apscheduler.executors.default: Running job "Scheduler._check_invoices_job (trigger: interval[0:00:30], next run at: 2026-02-03 12:11:07 +05)" (scheduled at 2026-02-03 12:10:37.017036+05:00)
2026-02-03 12:10:37,025 [INFO] apscheduler.executors.default: Running job "Scheduler._broadcast_job (trigger: interval[0:01:00], next run at: 2026-02-03 12:11:37 +05)" (scheduled at 2026-02-03 12:10:37.018036+05:00)
2026-02-03 12:10:37,026 [INFO] apscheduler.executors.default: Running job "Scheduler._hold_and_overdue_job (trigger: interval[0:01:00], next run at: 2026-02-03 12:11:37 +05)" (scheduled at 2026-02-03 12:10:37.018036+05:00)
2026-02-03 12:10:37,026 [INFO] apscheduler.executors.default: Job "Scheduler._check_invoices_job (trigger: interval[0:00:30], next run at: 2026-02-03 12:11:07 +05)" executed successfully
2026-02-03 12:10:37,027 [INFO] apscheduler.executors.default: Job "Scheduler._broadcast_job (trigger: interval[0:01:00], next run at: 2026-02-03 12:11:37 +05)" executed successfully
2026-02-03 12:10:37,028 [INFO] apscheduler.executors.default: Job "Scheduler._hold_and_overdue_job (trigger: interval[0:01:00], next run at: 2026-02-03 12:11:37 +05)" executed successfully
2026-02-03 12:10:42,494 [INFO] aiogram.event: Update id=514790793 is handled. Duration 125 ms by bot id=8510295030
2026-02-03 12:10:45,145 [INFO] aiogram.event: Update id=514790794 is handled. Duration 844 ms by bot id=8510295030
2026-02-03 12:10:47,339 [INFO] aiogram.event: Update id=514790795 is handled. Duration 233 ms by bot id=8510295030
2026-02-03 12:11:04,386 [INFO] aiogram.event: Update id=514790796 is handled. Duration 844 ms by bot id=8510295030
2026-02-03 12:11:07,023 [INFO] apscheduler.executors.default: Running job "Scheduler._check_invoices_job (trigger: interval[0:00:30], next run at: 2026-02-03 12:11:37 +05)" (scheduled at 2026-02-03 12:11:07.017036+05:00)
2026-02-03 12:11:07,142 [INFO] apscheduler.executors.default: Job "Scheduler._check_invoices_job (trigger: interval[0:00:30], next run at: 2026-02-03 12:11:37 +05)" executed successfully
2026-02-03 12:11:07,574 [INFO] aiogram.event: Update id=514790797 is handled. Duration 217 ms by bot id=8510295030
2026-02-03 12:11:09,623 [INFO] aiogram.event: Update id=514790798 is handled. Duration 608 ms by bot id=8510295030
2026-02-03 12:11:37,034 [INFO] apscheduler.executors.default: Running job "Scheduler._check_invoices_job (trigger: interval[0:00:30], next run at: 2026-02-03 12:12:07 +05)" (scheduled at 2026-02-03 12:11:37.017036+05:00)
2026-02-03 12:11:37,034 [INFO] apscheduler.executors.default: Running job "Scheduler._broadcast_job (trigger: interval[0:01:00], next run at: 2026-02-03 12:12:37 +05)" (scheduled at 2026-02-03 12:11:37.018036+05:00)
2026-02-03 12:11:37,035 [INFO] apscheduler.executors.default: Running job "Scheduler._hold_and_overdue_job (trigger: interval[0:01:00], next run at: 2026-02-03 12:12:37 +05)" (scheduled at 2026-02-03 12:11:37.018036+05:00)
2026-02-03 12:11:37,035 [INFO] apscheduler.executors.default: Job "Scheduler._broadcast_job (trigger: interval[0:01:00], next run at: 2026-02-03 12:12:37 +05)" executed successfully
2026-02-03 12:11:37,036 [INFO] apscheduler.executors.default: Job "Scheduler._hold_and_overdue_job (trigger: interval[0:01:00], next run at: 2026-02-03 12:12:37 +05)" executed successfully
2026-02-03 12:11:37,255 [INFO] apscheduler.executors.default: Job "Scheduler._check_invoices_job (trigger: interval[0:00:30], next run at: 2026-02-03 12:12:07 +05)" executed successfully
2026-02-03 12:12:07,019 [INFO] apscheduler.executors.default: Running job "Scheduler._check_invoices_job (trigger: interval[0:00:30], next run at: 2026-02-03 12:12:37 +05)" (scheduled at 2026-02-03 12:12:07.017036+05:00)
2026-02-03 12:12:07,249 [INFO] apscheduler.executors.default: Job "Scheduler._check_invoices_job (trigger: interval[0:00:30], next run at: 2026-02-03 12:12:37 +05)" executed successfully
2026-02-03 12:12:37,025 [INFO] apscheduler.executors.default: Running job "Scheduler._check_invoices_job (trigger: interval[0:00:30], next run at: 2026-02-03 12:13:07 +05)" (scheduled at 2026-02-03 12:12:37.017036+05:00)
2026-02-03 12:12:37,025 [INFO] apscheduler.executors.default: Running job "Scheduler._broadcast_job (trigger: interval[0:01:00], next run at: 2026-02-03 12:13:37 +05)" (scheduled at 2026-02-03 12:12:37.018036+05:00)
2026-02-03 12:12:37,026 [INFO] apscheduler.executors.default: Running job "Scheduler._hold_and_overdue_job (trigger: interval[0:01:00], next run at: 2026-02-03 12:13:37 +05)" (scheduled at 2026-02-03 12:12:37.018036+05:00)
2026-02-03 12:12:37,027 [INFO] apscheduler.executors.default: Job "Scheduler._broadcast_job (trigger: interval[0:01:00], next run at: 2026-02-03 12:13:37 +05)" executed successfully
2026-02-03 12:12:37,028 [INFO] apscheduler.executors.default: Job "Scheduler._hold_and_overdue_job (trigger: interval[0:01:00], next run at: 2026-02-03 12:13:37 +05)" executed successfully
2026-02-03 12:12:37,281 [INFO] apscheduler.executors.default: Job "Scheduler._check_invoices_job (trigger: interval[0:00:30], next run at: 2026-02-03 12:13:07 +05)" executed successfully
2026-02-03 12:13:07,030 [INFO] apscheduler.executors.default: Running job "Scheduler._check_invoices_job (trigger: interval[0:00:30], next run at: 2026-02-03 12:13:37 +05)" (scheduled at 2026-02-03 12:13:07.017036+05:00)
2026-02-03 12:13:07,247 [INFO] apscheduler.executors.default: Job "Scheduler._check_invoices_job (trigger: interval[0:00:30], next run at: 2026-02-03 12:13:37 +05)" executed successfully
2026-02-03 12:13:37,026 [INFO] apscheduler.executors.default: Running job "Scheduler._check_invoices_job (trigger: interval[0:00:30], next run at: 2026-02-03 12:14:07 +05)" (scheduled at 2026-02-03 12:13:37.017036+05:00)
2026-02-03 12:13:37,026 [INFO] apscheduler.executors.default: Running job "Scheduler._broadcast_job (trigger: interval[0:01:00], next run at: 2026-02-03 12:14:37 +05)" (scheduled at 2026-02-03 12:13:37.018036+05:00)
2026-02-03 12:13:37,027 [INFO] apscheduler.executors.default: Running job "Scheduler._hold_and_overdue_job (trigger: interval[0:01:00], next run at: 2026-02-03 12:14:37 +05)" (scheduled at 2026-02-03 12:13:37.018036+05:00)
2026-02-03 12:13:37,028 [INFO] apscheduler.executors.default: Job "Scheduler._broadcast_job (trigger: interval[0:01:00], next run at: 2026-02-03 12:14:37 +05)" executed successfully
2026-02-03 12:13:37,029 [INFO] apscheduler.executors.default: Job "Scheduler._hold_and_overdue_job (trigger: interval[0:01:00], next run at: 2026-02-03 12:14:37 +05)" executed successfully
2026-02-03 12:13:37,242 [INFO] apscheduler.executors.default: Job "Scheduler._check_invoices_job (trigger: interval[0:00:30], next run at: 2026-02-03 12:14:07 +05)" executed successfully
2026-02-03 12:14:07,022 [INFO] apscheduler.executors.default: Running job "Scheduler._check_invoices_job (trigger: interval[0:00:30], next run at: 2026-02-03 12:14:37 +05)" (scheduled at 2026-02-03 12:14:07.017036+05:00)
2026-02-03 12:14:07,246 [INFO] apscheduler.executors.default: Job "Scheduler._check_invoices_job (trigger: interval[0:00:30], next run at: 2026-02-03 12:14:37 +05)" executed successfully
2026-02-03 12:14:37,031 [INFO] apscheduler.executors.default: Running job "Scheduler._check_invoices_job (trigger: interval[0:00:30], next run at: 2026-02-03 12:15:07 +05)" (scheduled at 2026-02-03 12:14:37.017036+05:00)
2026-02-03 12:14:37,031 [INFO] apscheduler.executors.default: Running job "Scheduler._broadcast_job (trigger: interval[0:01:00], next run at: 2026-02-03 12:15:37 +05)" (scheduled at 2026-02-03 12:14:37.018036+05:00)
2026-02-03 12:14:37,032 [INFO] apscheduler.executors.default: Running job "Scheduler._hold_and_overdue_job (trigger: interval[0:01:00], next run at: 2026-02-03 12:15:37 +05)" (scheduled at 2026-02-03 12:14:37.018036+05:00)
2026-02-03 12:14:37,033 [INFO] apscheduler.executors.default: Job "Scheduler._broadcast_job (trigger: interval[0:01:00], next run at: 2026-02-03 12:15:37 +05)" executed successfully
2026-02-03 12:14:37,033 [INFO] apscheduler.executors.default: Job "Scheduler._hold_and_overdue_job (trigger: interval[0:01:00], next run at: 2026-02-03 12:15:37 +05)" executed successfully
2026-02-03 12:14:37,414 [INFO] apscheduler.executors.default: Job "Scheduler._check_invoices_job (trigger: interval[0:00:30], next run at: 2026-02-03 12:15:07 +05)" executed successfully
2026-02-03 12:15:07,028 [INFO] apscheduler.executors.default: Running job "Scheduler._check_invoices_job (trigger: interval[0:00:30], next run at: 2026-02-03 12:15:37 +05)" (scheduled at 2026-02-03 12:15:07.017036+05:00)
2026-02-03 12:15:07,365 [INFO] apscheduler.executors.default: Job "Scheduler._check_invoices_job (trigger: interval[0:00:30], next run at: 2026-02-03 12:15:37 +05)" executed successfully
2026-02-03 12:15:37,024 [INFO] apscheduler.executors.default: Running job "Scheduler._check_invoices_job (trigger: interval[0:00:30], next run at: 2026-02-03 12:16:07 +05)" (scheduled at 2026-02-03 12:15:37.017036+05:00)
2026-02-03 12:15:37,024 [INFO] apscheduler.executors.default: Running job "Scheduler._broadcast_job (trigger: interval[0:01:00], next run at: 2026-02-03 12:16:37 +05)" (scheduled at 2026-02-03 12:15:37.018036+05:00)
2026-02-03 12:15:37,025 [INFO] apscheduler.executors.default: Running job "Scheduler._hold_and_overdue_job (trigger: interval[0:01:00], next run at: 2026-02-03 12:16:37 +05)" (scheduled at 2026-02-03 12:15:37.018036+05:00)
2026-02-03 12:15:37,025 [INFO] apscheduler.executors.default: Job "Scheduler._broadcast_job (trigger: interval[0:01:00], next run at: 2026-02-03 12:16:37 +05)" executed successfully
2026-02-03 12:15:37,026 [INFO] apscheduler.executors.default: Job "Scheduler._hold_and_overdue_job (trigger: interval[0:01:00], next run at: 2026-02-03 12:16:37 +05)" executed successfully
2026-02-03 12:15:37,240 [INFO] apscheduler.executors.default: Job "Scheduler._check_invoices_job (trigger: interval[0:00:30], next run at: 2026-02-03 12:16:07 +05)" executed successfully
2026-02-03 12:16:07,030 [INFO] apscheduler.executors.default: Running job "Scheduler._check_invoices_job (trigger: interval[0:00:30], next run at: 2026-02-03 12:16:37 +05)" (scheduled at 2026-02-03 12:16:07.017036+05:00)
2026-02-03 12:16:07,285 [INFO] apscheduler.executors.default: Job "Scheduler._check_invoices_job (trigger: interval[0:00:30], next run at: 2026-02-03 12:16:37 +05)" executed successfully
2026-02-03 12:16:37,022 [INFO] apscheduler.executors.default: Running job "Scheduler._check_invoices_job (trigger: interval[0:00:30], next run at: 2026-02-03 12:17:07 +05)" (scheduled at 2026-02-03 12:16:37.017036+05:00)
2026-02-03 12:16:37,022 [INFO] apscheduler.executors.default: Running job "Scheduler._broadcast_job (trigger: interval[0:01:00], next run at: 2026-02-03 12:17:37 +05)" (scheduled at 2026-02-03 12:16:37.018036+05:00)
2026-02-03 12:16:37,023 [INFO] apscheduler.executors.default: Running job "Scheduler._hold_and_overdue_job (trigger: interval[0:01:00], next run at: 2026-02-03 12:17:37 +05)" (scheduled at 2026-02-03 12:16:37.018036+05:00)
2026-02-03 12:16:37,023 [INFO] apscheduler.executors.default: Job "Scheduler._broadcast_job (trigger: interval[0:01:00], next run at: 2026-02-03 12:17:37 +05)" executed successfully
2026-02-03 12:16:37,024 [INFO] apscheduler.executors.default: Job "Scheduler._hold_and_overdue_job (trigger: interval[0:01:00], next run at: 2026-02-03 12:17:37 +05)" executed successfully
2026-02-03 12:16:37,252 [INFO] apscheduler.executors.default: Job "Scheduler._check_invoices_job (trigger: interval[0:00:30], next run at: 2026-02-03 12:17:07 +05)" executed successfully
2026-02-03 12:17:07,029 [INFO] apscheduler.executors.default: Running job "Scheduler._check_invoices_job (trigger: interval[0:00:30], next run at: 2026-02-03 12:17:37 +05)" (scheduled at 2026-02-03 12:17:07.017036+05:00)
2026-02-03 12:17:07,422 [INFO] apscheduler.executors.default: Job "Scheduler._check_invoices_job (trigger: interval[0:00:30], next run at: 2026-02-03 12:17:37 +05)" executed successfully
2026-02-03 12:17:37,025 [INFO] apscheduler.executors.default: Running job "Scheduler._check_invoices_job (trigger: interval[0:00:30], next run at: 2026-02-03 12:18:07 +05)" (scheduled at 2026-02-03 12:17:37.017036+05:00)
2026-02-03 12:17:37,025 [INFO] apscheduler.executors.default: Running job "Scheduler._broadcast_job (trigger: interval[0:01:00], next run at: 2026-02-03 12:18:37 +05)" (scheduled at 2026-02-03 12:17:37.018036+05:00)
2026-02-03 12:17:37,026 [INFO] apscheduler.executors.default: Running job "Scheduler._hold_and_overdue_job (trigger: interval[0:01:00], next run at: 2026-02-03 12:18:37 +05)" (scheduled at 2026-02-03 12:17:37.018036+05:00)
2026-02-03 12:17:37,027 [INFO] apscheduler.executors.default: Job "Scheduler._broadcast_job (trigger: interval[0:01:00], next run at: 2026-02-03 12:18:37 +05)" executed successfully
2026-02-03 12:17:37,027 [INFO] apscheduler.executors.default: Job "Scheduler._hold_and_overdue_job (trigger: interval[0:01:00], next run at: 2026-02-03 12:18:37 +05)" executed successfully
2026-02-03 12:17:37,232 [INFO] apscheduler.executors.default: Job "Scheduler._check_invoices_job (trigger: interval[0:00:30], next run at: 2026-02-03 12:18:07 +05)" executed successfully
2026-02-03 12:18:07,018 [INFO] apscheduler.executors.default: Running job "Scheduler._check_invoices_job (trigger: interval[0:00:30], next run at: 2026-02-03 12:18:37 +05)" (scheduled at 2026-02-03 12:18:07.017036+05:00)
2026-02-03 12:18:07,246 [INFO] apscheduler.executors.default: Job "Scheduler._check_invoices_job (trigger: interval[0:00:30], next run at: 2026-02-03 12:18:37 +05)" executed successfully
2026-02-03 12:18:37,028 [INFO] apscheduler.executors.default: Running job "Scheduler._check_invoices_job (trigger: interval[0:00:30], next run at: 2026-02-03 12:19:07 +05)" (scheduled at 2026-02-03 12:18:37.017036+05:00)
2026-02-03 12:18:37,028 [INFO] apscheduler.executors.default: Running job "Scheduler._broadcast_job (trigger: interval[0:01:00], next run at: 2026-02-03 12:19:37 +05)" (scheduled at 2026-02-03 12:18:37.018036+05:00)
2026-02-03 12:18:37,029 [INFO] apscheduler.executors.default: Running job "Scheduler._hold_and_overdue_job (trigger: interval[0:01:00], next run at: 2026-02-03 12:19:37 +05)" (scheduled at 2026-02-03 12:18:37.018036+05:00)
2026-02-03 12:18:37,030 [INFO] apscheduler.executors.default: Job "Scheduler._broadcast_job (trigger: interval[0:01:00], next run at: 2026-02-03 12:19:37 +05)" executed successfully
2026-02-03 12:18:37,030 [INFO] apscheduler.executors.default: Job "Scheduler._hold_and_overdue_job (trigger: interval[0:01:00], next run at: 2026-02-03 12:19:37 +05)" executed successfully
2026-02-03 12:18:37,248 [INFO] apscheduler.executors.default: Job "Scheduler._check_invoices_job (trigger: interval[0:00:30], next run at: 2026-02-03 12:19:07 +05)" executed successfully
2026-02-03 12:19:07,022 [INFO] apscheduler.executors.default: Running job "Scheduler._check_invoices_job (trigger: interval[0:00:30], next run at: 2026-02-03 12:19:37 +05)" (scheduled at 2026-02-03 12:19:07.017036+05:00)
2026-02-03 12:19:07,259 [INFO] apscheduler.executors.default: Job "Scheduler._check_invoices_job (trigger: interval[0:00:30], next run at: 2026-02-03 12:19:37 +05)" executed successfully
2026-02-03 12:19:37,035 [INFO] apscheduler.executors.default: Running job "Scheduler._check_invoices_job (trigger: interval[0:00:30], next run at: 2026-02-03 12:20:07 +05)" (scheduled at 2026-02-03 12:19:37.017036+05:00)
2026-02-03 12:19:37,035 [INFO] apscheduler.executors.default: Running job "Scheduler._broadcast_job (trigger: interval[0:01:00], next run at: 2026-02-03 12:20:37 +05)" (scheduled at 2026-02-03 12:19:37.018036+05:00)
2026-02-03 12:19:37,036 [INFO] apscheduler.executors.default: Running job "Scheduler._hold_and_overdue_job (trigger: interval[0:01:00], next run at: 2026-02-03 12:20:37 +05)" (scheduled at 2026-02-03 12:19:37.018036+05:00)
2026-02-03 12:19:37,037 [INFO] apscheduler.executors.default: Job "Scheduler._broadcast_job (trigger: interval[0:01:00], next run at: 2026-02-03 12:20:37 +05)" executed successfully
2026-02-03 12:19:37,037 [INFO] apscheduler.executors.default: Job "Scheduler._hold_and_overdue_job (trigger: interval[0:01:00], next run at: 2026-02-03 12:20:37 +05)" executed successfully
2026-02-03 12:19:37,239 [INFO] apscheduler.executors.default: Job "Scheduler._check_invoices_job (trigger: interval[0:00:30], next run at: 2026-02-03 12:20:07 +05)" executed successfully
2026-02-03 12:20:07,027 [INFO] apscheduler.executors.default: Running job "Scheduler._check_invoices_job (trigger: interval[0:00:30], next run at: 2026-02-03 12:20:37 +05)" (scheduled at 2026-02-03 12:20:07.017036+05:00)
2026-02-03 12:20:07,229 [INFO] apscheduler.executors.default: Job "Scheduler._check_invoices_job (trigger: interval[0:00:30], next run at: 2026-02-03 12:20:37 +05)" executed successfully
2026-02-03 12:20:37,023 [INFO] apscheduler.executors.default: Running job "Scheduler._check_invoices_job (trigger: interval[0:00:30], next run at: 2026-02-03 12:21:07 +05)" (scheduled at 2026-02-03 12:20:37.017036+05:00)
2026-02-03 12:20:37,023 [INFO] apscheduler.executors.default: Running job "Scheduler._broadcast_job (trigger: interval[0:01:00], next run at: 2026-02-03 12:21:37 +05)" (scheduled at 2026-02-03 12:20:37.018036+05:00)
2026-02-03 12:20:37,024 [INFO] apscheduler.executors.default: Running job "Scheduler._hold_and_overdue_job (trigger: interval[0:01:00], next run at: 2026-02-03 12:21:37 +05)" (scheduled at 2026-02-03 12:20:37.018036+05:00)
2026-02-03 12:20:37,025 [INFO] apscheduler.executors.default: Job "Scheduler._broadcast_job (trigger: interval[0:01:00], next run at: 2026-02-03 12:21:37 +05)" executed successfully
2026-02-03 12:20:37,025 [INFO] apscheduler.executors.default: Job "Scheduler._hold_and_overdue_job (trigger: interval[0:01:00], next run at: 2026-02-03 12:21:37 +05)" executed successfully
2026-02-03 12:20:37,490 [INFO] apscheduler.executors.default: Job "Scheduler._check_invoices_job (trigger: interval[0:00:30], next run at: 2026-02-03 12:21:07 +05)" executed successfully
2026-02-03 12:21:07,018 [INFO] apscheduler.executors.default: Running job "Scheduler._check_invoices_job (trigger: interval[0:00:30], next run at: 2026-02-03 12:21:37 +05)" (scheduled at 2026-02-03 12:21:07.017036+05:00)
2026-02-03 12:21:07,241 [INFO] apscheduler.executors.default: Job "Scheduler._check_invoices_job (trigger: interval[0:00:30], next run at: 2026-02-03 12:21:37 +05)" executed successfully
2026-02-03 12:21:37,031 [INFO] apscheduler.executors.default: Running job "Scheduler._check_invoices_job (trigger: interval[0:00:30], next run at: 2026-02-03 12:22:07 +05)" (scheduled at 2026-02-03 12:21:37.017036+05:00)
2026-02-03 12:21:37,031 [INFO] apscheduler.executors.default: Running job "Scheduler._broadcast_job (trigger: interval[0:01:00], next run at: 2026-02-03 12:22:37 +05)" (scheduled at 2026-02-03 12:21:37.018036+05:00)
2026-02-03 12:21:37,032 [INFO] apscheduler.executors.default: Running job "Scheduler._hold_and_overdue_job (trigger: interval[0:01:00], next run at: 2026-02-03 12:22:37 +05)" (scheduled at 2026-02-03 12:21:37.018036+05:00)
2026-02-03 12:21:37,032 [INFO] apscheduler.executors.default: Job "Scheduler._broadcast_job (trigger: interval[0:01:00], next run at: 2026-02-03 12:22:37 +05)" executed successfully
2026-02-03 12:21:37,033 [INFO] apscheduler.executors.default: Job "Scheduler._hold_and_overdue_job (trigger: interval[0:01:00], next run at: 2026-02-03 12:22:37 +05)" executed successfully
2026-02-03 12:21:37,283 [INFO] apscheduler.executors.default: Job "Scheduler._check_invoices_job (trigger: interval[0:00:30], next run at: 2026-02-03 12:22:07 +05)" executed successfully
2026-02-03 12:22:07,031 [INFO] apscheduler.executors.default: Running job "Scheduler._check_invoices_job (trigger: interval[0:00:30], next run at: 2026-02-03 12:22:37 +05)" (scheduled at 2026-02-03 12:22:07.017036+05:00)
2026-02-03 12:22:07,246 [INFO] apscheduler.executors.default: Job "Scheduler._check_invoices_job (trigger: interval[0:00:30], next run at: 2026-02-03 12:22:37 +05)" executed successfully
2026-02-03 12:22:37,019 [INFO] apscheduler.executors.default: Running job "Scheduler._check_invoices_job (trigger: interval[0:00:30], next run at: 2026-02-03 12:23:07 +05)" (scheduled at 2026-02-03 12:22:37.017036+05:00)
2026-02-03 12:22:37,020 [INFO] apscheduler.executors.default: Running job "Scheduler._broadcast_job (trigger: interval[0:01:00], next run at: 2026-02-03 12:23:37 +05)" (scheduled at 2026-02-03 12:22:37.018036+05:00)
2026-02-03 12:22:37,020 [INFO] apscheduler.executors.default: Running job "Scheduler._hold_and_overdue_job (trigger: interval[0:01:00], next run at: 2026-02-03 12:23:37 +05)" (scheduled at 2026-02-03 12:22:37.018036+05:00)
2026-02-03 12:22:37,021 [INFO] apscheduler.executors.default: Job "Scheduler._broadcast_job (trigger: interval[0:01:00], next run at: 2026-02-03 12:23:37 +05)" executed successfully
2026-02-03 12:22:37,022 [INFO] apscheduler.executors.default: Job "Scheduler._hold_and_overdue_job (trigger: interval[0:01:00], next run at: 2026-02-03 12:23:37 +05)" executed successfully
2026-02-03 12:22:37,249 [INFO] apscheduler.executors.default: Job "Scheduler._check_invoices_job (trigger: interval[0:00:30], next run at: 2026-02-03 12:23:07 +05)" executed successfully
2026-02-03 12:23:07,022 [INFO] apscheduler.executors.default: Running job "Scheduler._check_invoices_job (trigger: interval[0:00:30], next run at: 2026-02-03 12:23:37 +05)" (scheduled at 2026-02-03 12:23:07.017036+05:00)
2026-02-03 12:23:07,259 [INFO] apscheduler.executors.default: Job "Scheduler._check_invoices_job (trigger: interval[0:00:30], next run at: 2026-02-03 12:23:37 +05)" executed successfully
2026-02-03 12:23:37,018 [INFO] apscheduler.executors.default: Running job "Scheduler._check_invoices_job (trigger: interval[0:00:30], next run at: 2026-02-03 12:24:07 +05)" (scheduled at 2026-02-03 12:23:37.017036+05:00)
2026-02-03 12:23:37,019 [INFO] apscheduler.executors.default: Running job "Scheduler._broadcast_job (trigger: interval[0:01:00], next run at: 2026-02-03 12:24:37 +05)" (scheduled at 2026-02-03 12:23:37.018036+05:00)
2026-02-03 12:23:37,019 [INFO] apscheduler.executors.default: Running job "Scheduler._hold_and_overdue_job (trigger: interval[0:01:00], next run at: 2026-02-03 12:24:37 +05)" (scheduled at 2026-02-03 12:23:37.018036+05:00)
2026-02-03 12:23:37,020 [INFO] apscheduler.executors.default: Job "Scheduler._broadcast_job (trigger: interval[0:01:00], next run at: 2026-02-03 12:24:37 +05)" executed successfully
2026-02-03 12:23:37,021 [INFO] apscheduler.executors.default: Job "Scheduler._hold_and_overdue_job (trigger: interval[0:01:00], next run at: 2026-02-03 12:24:37 +05)" executed successfully
2026-02-03 12:23:37,265 [INFO] apscheduler.executors.default: Job "Scheduler._check_invoices_job (trigger: interval[0:00:30], next run at: 2026-02-03 12:24:07 +05)" executed successfully
2026-02-03 12:24:07,020 [INFO] apscheduler.executors.default: Running job "Scheduler._check_invoices_job (trigger: interval[0:00:30], next run at: 2026-02-03 12:24:37 +05)" (scheduled at 2026-02-03 12:24:07.017036+05:00)
2026-02-03 12:24:07,233 [INFO] apscheduler.executors.default: Job "Scheduler._check_invoices_job (trigger: interval[0:00:30], next run at: 2026-02-03 12:24:37 +05)" executed successfully
2026-02-03 12:24:37,025 [INFO] apscheduler.executors.default: Running job "Scheduler._check_invoices_job (trigger: interval[0:00:30], next run at: 2026-02-03 12:25:07 +05)" (scheduled at 2026-02-03 12:24:37.017036+05:00)
2026-02-03 12:24:37,025 [INFO] apscheduler.executors.default: Running job "Scheduler._broadcast_job (trigger: interval[0:01:00], next run at: 2026-02-03 12:25:37 +05)" (scheduled at 2026-02-03 12:24:37.018036+05:00)
2026-02-03 12:24:37,026 [INFO] apscheduler.executors.default: Running job "Scheduler._hold_and_overdue_job (trigger: interval[0:01:00], next run at: 2026-02-03 12:25:37 +05)" (scheduled at 2026-02-03 12:24:37.018036+05:00)
2026-02-03 12:24:37,026 [INFO] apscheduler.executors.default: Job "Scheduler._broadcast_job (trigger: interval[0:01:00], next run at: 2026-02-03 12:25:37 +05)" executed successfully
2026-02-03 12:24:37,027 [INFO] apscheduler.executors.default: Job "Scheduler._hold_and_overdue_job (trigger: interval[0:01:00], next run at: 2026-02-03 12:25:37 +05)" executed successfully
2026-02-03 12:24:37,250 [INFO] apscheduler.executors.default: Job "Scheduler._check_invoices_job (trigger: interval[0:00:30], next run at: 2026-02-03 12:25:07 +05)" executed successfully
2026-02-03 12:25:07,029 [INFO] apscheduler.executors.default: Running job "Scheduler._check_invoices_job (trigger: interval[0:00:30], next run at: 2026-02-03 12:25:37 +05)" (scheduled at 2026-02-03 12:25:07.017036+05:00)
2026-02-03 12:25:07,318 [INFO] apscheduler.executors.default: Job "Scheduler._check_invoices_job (trigger: interval[0:00:30], next run at: 2026-02-03 12:25:37 +05)" executed successfully
2026-02-03 12:25:37,026 [INFO] apscheduler.executors.default: Running job "Scheduler._check_invoices_job (trigger: interval[0:00:30], next run at: 2026-02-03 12:26:07 +05)" (scheduled at 2026-02-03 12:25:37.017036+05:00)
2026-02-03 12:25:37,026 [INFO] apscheduler.executors.default: Running job "Scheduler._broadcast_job (trigger: interval[0:01:00], next run at: 2026-02-03 12:26:37 +05)" (scheduled at 2026-02-03 12:25:37.018036+05:00)
2026-02-03 12:25:37,027 [INFO] apscheduler.executors.default: Running job "Scheduler._hold_and_overdue_job (trigger: interval[0:01:00], next run at: 2026-02-03 12:26:37 +05)" (scheduled at 2026-02-03 12:25:37.018036+05:00)
2026-02-03 12:25:37,028 [INFO] apscheduler.executors.default: Job "Scheduler._broadcast_job (trigger: interval[0:01:00], next run at: 2026-02-03 12:26:37 +05)" executed successfully
2026-02-03 12:25:37,028 [INFO] apscheduler.executors.default: Job "Scheduler._hold_and_overdue_job (trigger: interval[0:01:00], next run at: 2026-02-03 12:26:37 +05)" executed successfully
2026-02-03 12:25:37,262 [INFO] apscheduler.executors.default: Job "Scheduler._check_invoices_job (trigger: interval[0:00:30], next run at: 2026-02-03 12:26:07 +05)" executed successfully
2026-02-03 12:26:07,023 [INFO] apscheduler.executors.default: Running job "Scheduler._check_invoices_job (trigger: interval[0:00:30], next run at: 2026-02-03 12:26:37 +05)" (scheduled at 2026-02-03 12:26:07.017036+05:00)
2026-02-03 12:26:07,251 [INFO] apscheduler.executors.default: Job "Scheduler._check_invoices_job (trigger: interval[0:00:30], next run at: 2026-02-03 12:26:37 +05)" executed successfully
2026-02-03 12:26:37,019 [INFO] apscheduler.executors.default: Running job "Scheduler._check_invoices_job (trigger: interval[0:00:30], next run at: 2026-02-03 12:27:07 +05)" (scheduled at 2026-02-03 12:26:37.017036+05:00)
2026-02-03 12:26:37,020 [INFO] apscheduler.executors.default: Running job "Scheduler._broadcast_job (trigger: interval[0:01:00], next run at: 2026-02-03 12:27:37 +05)" (scheduled at 2026-02-03 12:26:37.018036+05:00)
2026-02-03 12:26:37,020 [INFO] apscheduler.executors.default: Running job "Scheduler._hold_and_overdue_job (trigger: interval[0:01:00], next run at: 2026-02-03 12:27:37 +05)" (scheduled at 2026-02-03 12:26:37.018036+05:00)
2026-02-03 12:26:37,021 [INFO] apscheduler.executors.default: Job "Scheduler._broadcast_job (trigger: interval[0:01:00], next run at: 2026-02-03 12:27:37 +05)" executed successfully
2026-02-03 12:26:37,022 [INFO] apscheduler.executors.default: Job "Scheduler._hold_and_overdue_job (trigger: interval[0:01:00], next run at: 2026-02-03 12:27:37 +05)" executed successfully
2026-02-03 12:26:37,394 [INFO] apscheduler.executors.default: Job "Scheduler._check_invoices_job (trigger: interval[0:00:30], next run at: 2026-02-03 12:27:07 +05)" executed successfully
2026-02-03 12:27:07,043 [INFO] apscheduler.executors.default: Running job "Scheduler._check_invoices_job (trigger: interval[0:00:30], next run at: 2026-02-03 12:27:37 +05)" (scheduled at 2026-02-03 12:27:07.017036+05:00)
2026-02-03 12:27:07,261 [INFO] apscheduler.executors.default: Job "Scheduler._check_invoices_job (trigger: interval[0:00:30], next run at: 2026-02-03 12:27:37 +05)" executed successfully
2026-02-03 12:27:37,026 [INFO] apscheduler.executors.default: Running job "Scheduler._check_invoices_job (trigger: interval[0:00:30], next run at: 2026-02-03 12:28:07 +05)" (scheduled at 2026-02-03 12:27:37.017036+05:00)
2026-02-03 12:27:37,027 [INFO] apscheduler.executors.default: Running job "Scheduler._broadcast_job (trigger: interval[0:01:00], next run at: 2026-02-03 12:28:37 +05)" (scheduled at 2026-02-03 12:27:37.018036+05:00)
2026-02-03 12:27:37,027 [INFO] apscheduler.executors.default: Running job "Scheduler._hold_and_overdue_job (trigger: interval[0:01:00], next run at: 2026-02-03 12:28:37 +05)" (scheduled at 2026-02-03 12:27:37.018036+05:00)
2026-02-03 12:27:37,028 [INFO] apscheduler.executors.default: Job "Scheduler._broadcast_job (trigger: interval[0:01:00], next run at: 2026-02-03 12:28:37 +05)" executed successfully
2026-02-03 12:27:37,028 [INFO] apscheduler.executors.default: Job "Scheduler._hold_and_overdue_job (trigger: interval[0:01:00], next run at: 2026-02-03 12:28:37 +05)" executed successfully
2026-02-03 12:27:37,238 [INFO] apscheduler.executors.default: Job "Scheduler._check_invoices_job (trigger: interval[0:00:30], next run at: 2026-02-03 12:28:07 +05)" executed successfully
2026-02-03 12:28:07,025 [INFO] apscheduler.executors.default: Running job "Scheduler._check_invoices_job (trigger: interval[0:00:30], next run at: 2026-02-03 12:28:37 +05)" (scheduled at 2026-02-03 12:28:07.017036+05:00)
2026-02-03 12:28:07,249 [INFO] apscheduler.executors.default: Job "Scheduler._check_invoices_job (trigger: interval[0:00:30], next run at: 2026-02-03 12:28:37 +05)" executed successfully
2026-02-03 12:28:37,029 [INFO] apscheduler.executors.default: Running job "Scheduler._check_invoices_job (trigger: interval[0:00:30], next run at: 2026-02-03 12:29:07 +05)" (scheduled at 2026-02-03 12:28:37.017036+05:00)
2026-02-03 12:28:37,029 [INFO] apscheduler.executors.default: Running job "Scheduler._broadcast_job (trigger: interval[0:01:00], next run at: 2026-02-03 12:29:37 +05)" (scheduled at 2026-02-03 12:28:37.018036+05:00)
2026-02-03 12:28:37,030 [INFO] apscheduler.executors.default: Running job "Scheduler._hold_and_overdue_job (trigger: interval[0:01:00], next run at: 2026-02-03 12:29:37 +05)" (scheduled at 2026-02-03 12:28:37.018036+05:00)
2026-02-03 12:28:37,031 [INFO] apscheduler.executors.default: Job "Scheduler._broadcast_job (trigger: interval[0:01:00], next run at: 2026-02-03 12:29:37 +05)" executed successfully
2026-02-03 12:28:37,031 [INFO] apscheduler.executors.default: Job "Scheduler._hold_and_overdue_job (trigger: interval[0:01:00], next run at: 2026-02-03 12:29:37 +05)" executed successfully
2026-02-03 12:28:37,234 [INFO] apscheduler.executors.default: Job "Scheduler._check_invoices_job (trigger: interval[0:00:30], next run at: 2026-02-03 12:29:07 +05)" executed successfully
2026-02-03 12:29:07,038 [INFO] apscheduler.executors.default: Running job "Scheduler._check_invoices_job (trigger: interval[0:00:30], next run at: 2026-02-03 12:29:37 +05)" (scheduled at 2026-02-03 12:29:07.017036+05:00)
2026-02-03 12:29:07,246 [INFO] apscheduler.executors.default: Job "Scheduler._check_invoices_job (trigger: interval[0:00:30], next run at: 2026-02-03 12:29:37 +05)" executed successfully
2026-02-03 12:29:37,019 [INFO] apscheduler.executors.default: Running job "Scheduler._check_invoices_job (trigger: interval[0:00:30], next run at: 2026-02-03 12:30:07 +05)" (scheduled at 2026-02-03 12:29:37.017036+05:00)
2026-02-03 12:29:37,019 [INFO] apscheduler.executors.default: Running job "Scheduler._broadcast_job (trigger: interval[0:01:00], next run at: 2026-02-03 12:30:37 +05)" (scheduled at 2026-02-03 12:29:37.018036+05:00)
2026-02-03 12:29:37,020 [INFO] apscheduler.executors.default: Running job "Scheduler._hold_and_overdue_job (trigger: interval[0:01:00], next run at: 2026-02-03 12:30:37 +05)" (scheduled at 2026-02-03 12:29:37.018036+05:00)
2026-02-03 12:29:37,020 [INFO] apscheduler.executors.default: Job "Scheduler._broadcast_job (trigger: interval[0:01:00], next run at: 2026-02-03 12:30:37 +05)" executed successfully
2026-02-03 12:29:37,021 [INFO] apscheduler.executors.default: Job "Scheduler._hold_and_overdue_job (trigger: interval[0:01:00], next run at: 2026-02-03 12:30:37 +05)" executed successfully
2026-02-03 12:29:37,809 [INFO] apscheduler.executors.default: Job "Scheduler._check_invoices_job (trigger: interval[0:00:30], next run at: 2026-02-03 12:30:07 +05)" executed successfully
2026-02-03 12:30:07,025 [INFO] apscheduler.executors.default: Running job "Scheduler._check_invoices_job (trigger: interval[0:00:30], next run at: 2026-02-03 12:30:37 +05)" (scheduled at 2026-02-03 12:30:07.017036+05:00)
2026-02-03 12:30:07,564 [INFO] apscheduler.executors.default: Job "Scheduler._check_invoices_job (trigger: interval[0:00:30], next run at: 2026-02-03 12:30:37 +05)" executed successfully
2026-02-03 12:30:37,020 [INFO] apscheduler.executors.default: Running job "Scheduler._check_invoices_job (trigger: interval[0:00:30], next run at: 2026-02-03 12:31:07 +05)" (scheduled at 2026-02-03 12:30:37.017036+05:00)
2026-02-03 12:30:37,020 [INFO] apscheduler.executors.default: Running job "Scheduler._broadcast_job (trigger: interval[0:01:00], next run at: 2026-02-03 12:31:37 +05)" (scheduled at 2026-02-03 12:30:37.018036+05:00)
2026-02-03 12:30:37,021 [INFO] apscheduler.executors.default: Running job "Scheduler._hold_and_overdue_job (trigger: interval[0:01:00], next run at: 2026-02-03 12:31:37 +05)" (scheduled at 2026-02-03 12:30:37.018036+05:00)
2026-02-03 12:30:37,022 [INFO] apscheduler.executors.default: Job "Scheduler._broadcast_job (trigger: interval[0:01:00], next run at: 2026-02-03 12:31:37 +05)" executed successfully
2026-02-03 12:30:37,022 [INFO] apscheduler.executors.default: Job "Scheduler._hold_and_overdue_job (trigger: interval[0:01:00], next run at: 2026-02-03 12:31:37 +05)" executed successfully
2026-02-03 12:30:37,242 [INFO] apscheduler.executors.default: Job "Scheduler._check_invoices_job (trigger: interval[0:00:30], next run at: 2026-02-03 12:31:07 +05)" executed successfully
2026-02-03 12:31:07,028 [INFO] apscheduler.executors.default: Running job "Scheduler._check_invoices_job (trigger: interval[0:00:30], next run at: 2026-02-03 12:31:37 +05)" (scheduled at 2026-02-03 12:31:07.017036+05:00)
2026-02-03 12:31:07,256 [INFO] apscheduler.executors.default: Job "Scheduler._check_invoices_job (trigger: interval[0:00:30], next run at: 2026-02-03 12:31:37 +05)" executed successfully
2026-02-03 12:31:37,027 [INFO] apscheduler.executors.default: Running job "Scheduler._check_invoices_job (trigger: interval[0:00:30], next run at: 2026-02-03 12:32:07 +05)" (scheduled at 2026-02-03 12:31:37.017036+05:00)
2026-02-03 12:31:37,028 [INFO] apscheduler.executors.default: Running job "Scheduler._broadcast_job (trigger: interval[0:01:00], next run at: 2026-02-03 12:32:37 +05)" (scheduled at 2026-02-03 12:31:37.018036+05:00)
2026-02-03 12:31:37,028 [INFO] apscheduler.executors.default: Running job "Scheduler._hold_and_overdue_job (trigger: interval[0:01:00], next run at: 2026-02-03 12:32:37 +05)" (scheduled at 2026-02-03 12:31:37.018036+05:00)
2026-02-03 12:31:37,029 [INFO] apscheduler.executors.default: Job "Scheduler._broadcast_job (trigger: interval[0:01:00], next run at: 2026-02-03 12:32:37 +05)" executed successfully
2026-02-03 12:31:37,030 [INFO] apscheduler.executors.default: Job "Scheduler._hold_and_overdue_job (trigger: interval[0:01:00], next run at: 2026-02-03 12:32:37 +05)" executed successfully
2026-02-03 12:31:37,273 [INFO] apscheduler.executors.default: Job "Scheduler._check_invoices_job (trigger: interval[0:00:30], next run at: 2026-02-03 12:32:07 +05)" executed successfully
2026-02-03 12:32:07,037 [INFO] apscheduler.executors.default: Running job "Scheduler._check_invoices_job (trigger: interval[0:00:30], next run at: 2026-02-03 12:32:37 +05)" (scheduled at 2026-02-03 12:32:07.017036+05:00)
2026-02-03 12:32:07,262 [INFO] apscheduler.executors.default: Job "Scheduler._check_invoices_job (trigger: interval[0:00:30], next run at: 2026-02-03 12:32:37 +05)" executed successfully
2026-02-03 12:32:37,030 [INFO] apscheduler.executors.default: Running job "Scheduler._check_invoices_job (trigger: interval[0:00:30], next run at: 2026-02-03 12:33:07 +05)" (scheduled at 2026-02-03 12:32:37.017036+05:00)
2026-02-03 12:32:37,030 [INFO] apscheduler.executors.default: Running job "Scheduler._broadcast_job (trigger: interval[0:01:00], next run at: 2026-02-03 12:33:37 +05)" (scheduled at 2026-02-03 12:32:37.018036+05:00)
2026-02-03 12:32:37,031 [INFO] apscheduler.executors.default: Running job "Scheduler._hold_and_overdue_job (trigger: interval[0:01:00], next run at: 2026-02-03 12:33:37 +05)" (scheduled at 2026-02-03 12:32:37.018036+05:00)
2026-02-03 12:32:37,032 [INFO] apscheduler.executors.default: Job "Scheduler._broadcast_job (trigger: interval[0:01:00], next run at: 2026-02-03 12:33:37 +05)" executed successfully
2026-02-03 12:32:37,033 [INFO] apscheduler.executors.default: Job "Scheduler._hold_and_overdue_job (trigger: interval[0:01:00], next run at: 2026-02-03 12:33:37 +05)" executed successfully
2026-02-03 12:32:37,252 [INFO] apscheduler.executors.default: Job "Scheduler._check_invoices_job (trigger: interval[0:00:30], next run at: 2026-02-03 12:33:07 +05)" executed successfully
2026-02-03 12:33:07,026 [INFO] apscheduler.executors.default: Running job "Scheduler._check_invoices_job (trigger: interval[0:00:30], next run at: 2026-02-03 12:33:37 +05)" (scheduled at 2026-02-03 12:33:07.017036+05:00)
2026-02-03 12:33:07,430 [INFO] apscheduler.executors.default: Job "Scheduler._check_invoices_job (trigger: interval[0:00:30], next run at: 2026-02-03 12:33:37 +05)" executed successfully
2026-02-03 12:33:37,026 [INFO] apscheduler.executors.default: Running job "Scheduler._check_invoices_job (trigger: interval[0:00:30], next run at: 2026-02-03 12:34:07 +05)" (scheduled at 2026-02-03 12:33:37.017036+05:00)
2026-02-03 12:33:37,026 [INFO] apscheduler.executors.default: Running job "Scheduler._broadcast_job (trigger: interval[0:01:00], next run at: 2026-02-03 12:34:37 +05)" (scheduled at 2026-02-03 12:33:37.018036+05:00)
2026-02-03 12:33:37,027 [INFO] apscheduler.executors.default: Running job "Scheduler._hold_and_overdue_job (trigger: interval[0:01:00], next run at: 2026-02-03 12:34:37 +05)" (scheduled at 2026-02-03 12:33:37.018036+05:00)
2026-02-03 12:33:37,028 [INFO] apscheduler.executors.default: Job "Scheduler._broadcast_job (trigger: interval[0:01:00], next run at: 2026-02-03 12:34:37 +05)" executed successfully
2026-02-03 12:33:37,028 [INFO] apscheduler.executors.default: Job "Scheduler._hold_and_overdue_job (trigger: interval[0:01:00], next run at: 2026-02-03 12:34:37 +05)" executed successfully
2026-02-03 12:33:37,242 [INFO] apscheduler.executors.default: Job "Scheduler._check_invoices_job (trigger: interval[0:00:30], next run at: 2026-02-03 12:34:07 +05)" executed successfully
2026-02-03 12:34:07,028 [INFO] apscheduler.executors.default: Running job "Scheduler._check_invoices_job (trigger: interval[0:00:30], next run at: 2026-02-03 12:34:37 +05)" (scheduled at 2026-02-03 12:34:07.017036+05:00)
2026-02-03 12:34:07,256 [INFO] apscheduler.executors.default: Job "Scheduler._check_invoices_job (trigger: interval[0:00:30], next run at: 2026-02-03 12:34:37 +05)" executed successfully
2026-02-03 12:34:37,019 [INFO] apscheduler.executors.default: Running job "Scheduler._check_invoices_job (trigger: interval[0:00:30], next run at: 2026-02-03 12:35:07 +05)" (scheduled at 2026-02-03 12:34:37.017036+05:00)
2026-02-03 12:34:37,020 [INFO] apscheduler.executors.default: Running job "Scheduler._broadcast_job (trigger: interval[0:01:00], next run at: 2026-02-03 12:35:37 +05)" (scheduled at 2026-02-03 12:34:37.018036+05:00)
2026-02-03 12:34:37,020 [INFO] apscheduler.executors.default: Running job "Scheduler._hold_and_overdue_job (trigger: interval[0:01:00], next run at: 2026-02-03 12:35:37 +05)" (scheduled at 2026-02-03 12:34:37.018036+05:00)
2026-02-03 12:34:37,021 [INFO] apscheduler.executors.default: Job "Scheduler._broadcast_job (trigger: interval[0:01:00], next run at: 2026-02-03 12:35:37 +05)" executed successfully
2026-02-03 12:34:37,022 [INFO] apscheduler.executors.default: Job "Scheduler._hold_and_overdue_job (trigger: interval[0:01:00], next run at: 2026-02-03 12:35:37 +05)" executed successfully
2026-02-03 12:34:37,251 [INFO] apscheduler.executors.default: Job "Scheduler._check_invoices_job (trigger: interval[0:00:30], next run at: 2026-02-03 12:35:07 +05)" executed successfully
2026-02-03 12:35:07,024 [INFO] apscheduler.executors.default: Running job "Scheduler._check_invoices_job (trigger: interval[0:00:30], next run at: 2026-02-03 12:35:37 +05)" (scheduled at 2026-02-03 12:35:07.017036+05:00)
2026-02-03 12:35:07,583 [INFO] apscheduler.executors.default: Job "Scheduler._check_invoices_job (trigger: interval[0:00:30], next run at: 2026-02-03 12:35:37 +05)" executed successfully
2026-02-03 12:35:37,017 [INFO] apscheduler.executors.default: Running job "Scheduler._check_invoices_job (trigger: interval[0:00:30], next run at: 2026-02-03 12:36:07 +05)" (scheduled at 2026-02-03 12:35:37.017036+05:00)
2026-02-03 12:35:37,018 [INFO] apscheduler.executors.default: Running job "Scheduler._broadcast_job (trigger: interval[0:01:00], next run at: 2026-02-03 12:36:37 +05)" (scheduled at 2026-02-03 12:35:37.018036+05:00)
2026-02-03 12:35:37,018 [INFO] apscheduler.executors.default: Running job "Scheduler._hold_and_overdue_job (trigger: interval[0:01:00], next run at: 2026-02-03 12:36:37 +05)" (scheduled at 2026-02-03 12:35:37.018036+05:00)
2026-02-03 12:35:37,020 [INFO] apscheduler.executors.default: Job "Scheduler._broadcast_job (trigger: interval[0:01:00], next run at: 2026-02-03 12:36:37 +05)" executed successfully
2026-02-03 12:35:37,021 [INFO] apscheduler.executors.default: Job "Scheduler._hold_and_overdue_job (trigger: interval[0:01:00], next run at: 2026-02-03 12:36:37 +05)" executed successfully
2026-02-03 12:35:37,229 [INFO] apscheduler.executors.default: Job "Scheduler._check_invoices_job (trigger: interval[0:00:30], next run at: 2026-02-03 12:36:07 +05)" executed successfully
2026-02-03 12:36:07,029 [INFO] apscheduler.executors.default: Running job "Scheduler._check_invoices_job (trigger: interval[0:00:30], next run at: 2026-02-03 12:36:37 +05)" (scheduled at 2026-02-03 12:36:07.017036+05:00)
2026-02-03 12:36:07,368 [INFO] apscheduler.executors.default: Job "Scheduler._check_invoices_job (trigger: interval[0:00:30], next run at: 2026-02-03 12:36:37 +05)" executed successfully
2026-02-03 12:36:37,027 [INFO] apscheduler.executors.default: Running job "Scheduler._check_invoices_job (trigger: interval[0:00:30], next run at: 2026-02-03 12:37:07 +05)" (scheduled at 2026-02-03 12:36:37.017036+05:00)
2026-02-03 12:36:37,027 [INFO] apscheduler.executors.default: Running job "Scheduler._broadcast_job (trigger: interval[0:01:00], next run at: 2026-02-03 12:37:37 +05)" (scheduled at 2026-02-03 12:36:37.018036+05:00)
2026-02-03 12:36:37,028 [INFO] apscheduler.executors.default: Running job "Scheduler._hold_and_overdue_job (trigger: interval[0:01:00], next run at: 2026-02-03 12:37:37 +05)" (scheduled at 2026-02-03 12:36:37.018036+05:00)
2026-02-03 12:36:37,029 [INFO] apscheduler.executors.default: Job "Scheduler._broadcast_job (trigger: interval[0:01:00], next run at: 2026-02-03 12:37:37 +05)" executed successfully
2026-02-03 12:36:37,029 [INFO] apscheduler.executors.default: Job "Scheduler._hold_and_overdue_job (trigger: interval[0:01:00], next run at: 2026-02-03 12:37:37 +05)" executed successfully
2026-02-03 12:36:37,370 [INFO] apscheduler.executors.default: Job "Scheduler._check_invoices_job (trigger: interval[0:00:30], next run at: 2026-02-03 12:37:07 +05)" executed successfully
2026-02-03 12:37:07,021 [INFO] apscheduler.executors.default: Running job "Scheduler._check_invoices_job (trigger: interval[0:00:30], next run at: 2026-02-03 12:37:37 +05)" (scheduled at 2026-02-03 12:37:07.017036+05:00)
2026-02-03 12:37:07,247 [INFO] apscheduler.executors.default: Job "Scheduler._check_invoices_job (trigger: interval[0:00:30], next run at: 2026-02-03 12:37:37 +05)" executed successfully
2026-02-03 12:37:37,028 [INFO] apscheduler.executors.default: Running job "Scheduler._check_invoices_job (trigger: interval[0:00:30], next run at: 2026-02-03 12:38:07 +05)" (scheduled at 2026-02-03 12:37:37.017036+05:00)
2026-02-03 12:37:37,029 [INFO] apscheduler.executors.default: Running job "Scheduler._broadcast_job (trigger: interval[0:01:00], next run at: 2026-02-03 12:38:37 +05)" (scheduled at 2026-02-03 12:37:37.018036+05:00)
2026-02-03 12:37:37,029 [INFO] apscheduler.executors.default: Running job "Scheduler._hold_and_overdue_job (trigger: interval[0:01:00], next run at: 2026-02-03 12:38:37 +05)" (scheduled at 2026-02-03 12:37:37.018036+05:00)
2026-02-03 12:37:37,030 [INFO] apscheduler.executors.default: Job "Scheduler._broadcast_job (trigger: interval[0:01:00], next run at: 2026-02-03 12:38:37 +05)" executed successfully
2026-02-03 12:37:37,031 [INFO] apscheduler.executors.default: Job "Scheduler._hold_and_overdue_job (trigger: interval[0:01:00], next run at: 2026-02-03 12:38:37 +05)" executed successfully
2026-02-03 12:37:37,264 [INFO] apscheduler.executors.default: Job "Scheduler._check_invoices_job (trigger: interval[0:00:30], next run at: 2026-02-03 12:38:07 +05)" executed successfully
2026-02-03 12:38:07,017 [INFO] apscheduler.executors.default: Running job "Scheduler._check_invoices_job (trigger: interval[0:00:30], next run at: 2026-02-03 12:38:37 +05)" (scheduled at 2026-02-03 12:38:07.017036+05:00)
2026-02-03 12:38:07,287 [INFO] apscheduler.executors.default: Job "Scheduler._check_invoices_job (trigger: interval[0:00:30], next run at: 2026-02-03 12:38:37 +05)" executed successfully
2026-02-03 12:38:37,029 [INFO] apscheduler.executors.default: Running job "Scheduler._check_invoices_job (trigger: interval[0:00:30], next run at: 2026-02-03 12:39:07 +05)" (scheduled at 2026-02-03 12:38:37.017036+05:00)
2026-02-03 12:38:37,029 [INFO] apscheduler.executors.default: Running job "Scheduler._broadcast_job (trigger: interval[0:01:00], next run at: 2026-02-03 12:39:37 +05)" (scheduled at 2026-02-03 12:38:37.018036+05:00)
2026-02-03 12:38:37,030 [INFO] apscheduler.executors.default: Running job "Scheduler._hold_and_overdue_job (trigger: interval[0:01:00], next run at: 2026-02-03 12:39:37 +05)" (scheduled at 2026-02-03 12:38:37.018036+05:00)
2026-02-03 12:38:37,031 [INFO] apscheduler.executors.default: Job "Scheduler._broadcast_job (trigger: interval[0:01:00], next run at: 2026-02-03 12:39:37 +05)" executed successfully
2026-02-03 12:38:37,031 [INFO] apscheduler.executors.default: Job "Scheduler._hold_and_overdue_job (trigger: interval[0:01:00], next run at: 2026-02-03 12:39:37 +05)" executed successfully
2026-02-03 12:38:37,254 [INFO] apscheduler.executors.default: Job "Scheduler._check_invoices_job (trigger: interval[0:00:30], next run at: 2026-02-03 12:39:07 +05)" executed successfully
2026-02-03 12:39:07,031 [INFO] apscheduler.executors.default: Running job "Scheduler._check_invoices_job (trigger: interval[0:00:30], next run at: 2026-02-03 12:39:37 +05)" (scheduled at 2026-02-03 12:39:07.017036+05:00)
2026-02-03 12:39:07,258 [INFO] apscheduler.executors.default: Job "Scheduler._check_invoices_job (trigger: interval[0:00:30], next run at: 2026-02-03 12:39:37 +05)" executed successfully
2026-02-03 12:39:37,032 [INFO] apscheduler.executors.default: Running job "Scheduler._check_invoices_job (trigger: interval[0:00:30], next run at: 2026-02-03 12:40:07 +05)" (scheduled at 2026-02-03 12:39:37.017036+05:00)
2026-02-03 12:39:37,032 [INFO] apscheduler.executors.default: Running job "Scheduler._broadcast_job (trigger: interval[0:01:00], next run at: 2026-02-03 12:40:37 +05)" (scheduled at 2026-02-03 12:39:37.018036+05:00)
2026-02-03 12:39:37,033 [INFO] apscheduler.executors.default: Running job "Scheduler._hold_and_overdue_job (trigger: interval[0:01:00], next run at: 2026-02-03 12:40:37 +05)" (scheduled at 2026-02-03 12:39:37.018036+05:00)
2026-02-03 12:39:37,034 [INFO] apscheduler.executors.default: Job "Scheduler._broadcast_job (trigger: interval[0:01:00], next run at: 2026-02-03 12:40:37 +05)" executed successfully
2026-02-03 12:39:37,034 [INFO] apscheduler.executors.default: Job "Scheduler._hold_and_overdue_job (trigger: interval[0:01:00], next run at: 2026-02-03 12:40:37 +05)" executed successfully
2026-02-03 12:39:37,304 [INFO] apscheduler.executors.default: Job "Scheduler._check_invoices_job (trigger: interval[0:00:30], next run at: 2026-02-03 12:40:07 +05)" executed successfully
2026-02-03 12:40:07,023 [INFO] apscheduler.executors.default: Running job "Scheduler._check_invoices_job (trigger: interval[0:00:30], next run at: 2026-02-03 12:40:37 +05)" (scheduled at 2026-02-03 12:40:07.017036+05:00)
2026-02-03 12:40:07,233 [INFO] apscheduler.executors.default: Job "Scheduler._check_invoices_job (trigger: interval[0:00:30], next run at: 2026-02-03 12:40:37 +05)" executed successfully
2026-02-03 12:40:37,027 [INFO] apscheduler.executors.default: Running job "Scheduler._check_invoices_job (trigger: interval[0:00:30], next run at: 2026-02-03 12:41:07 +05)" (scheduled at 2026-02-03 12:40:37.017036+05:00)
2026-02-03 12:40:37,027 [INFO] apscheduler.executors.default: Running job "Scheduler._broadcast_job (trigger: interval[0:01:00], next run at: 2026-02-03 12:41:37 +05)" (scheduled at 2026-02-03 12:40:37.018036+05:00)
2026-02-03 12:40:37,028 [INFO] apscheduler.executors.default: Running job "Scheduler._hold_and_overdue_job (trigger: interval[0:01:00], next run at: 2026-02-03 12:41:37 +05)" (scheduled at 2026-02-03 12:40:37.018036+05:00)
2026-02-03 12:40:37,029 [INFO] apscheduler.executors.default: Job "Scheduler._broadcast_job (trigger: interval[0:01:00], next run at: 2026-02-03 12:41:37 +05)" executed successfully
2026-02-03 12:40:37,029 [INFO] apscheduler.executors.default: Job "Scheduler._hold_and_overdue_job (trigger: interval[0:01:00], next run at: 2026-02-03 12:41:37 +05)" executed successfully
2026-02-03 12:40:37,265 [INFO] apscheduler.executors.default: Job "Scheduler._check_invoices_job (trigger: interval[0:00:30], next run at: 2026-02-03 12:41:07 +05)" executed successfully
2026-02-03 12:41:07,026 [INFO] apscheduler.executors.default: Running job "Scheduler._check_invoices_job (trigger: interval[0:00:30], next run at: 2026-02-03 12:41:37 +05)" (scheduled at 2026-02-03 12:41:07.017036+05:00)
2026-02-03 12:41:07,235 [INFO] apscheduler.executors.default: Job "Scheduler._check_invoices_job (trigger: interval[0:00:30], next run at: 2026-02-03 12:41:37 +05)" executed successfully
2026-02-03 12:41:37,026 [INFO] apscheduler.executors.default: Running job "Scheduler._check_invoices_job (trigger: interval[0:00:30], next run at: 2026-02-03 12:42:07 +05)" (scheduled at 2026-02-03 12:41:37.017036+05:00)
2026-02-03 12:41:37,026 [INFO] apscheduler.executors.default: Running job "Scheduler._broadcast_job (trigger: interval[0:01:00], next run at: 2026-02-03 12:42:37 +05)" (scheduled at 2026-02-03 12:41:37.018036+05:00)
2026-02-03 12:41:37,027 [INFO] apscheduler.executors.default: Running job "Scheduler._hold_and_overdue_job (trigger: interval[0:01:00], next run at: 2026-02-03 12:42:37 +05)" (scheduled at 2026-02-03 12:41:37.018036+05:00)
2026-02-03 12:41:37,028 [INFO] apscheduler.executors.default: Job "Scheduler._broadcast_job (trigger: interval[0:01:00], next run at: 2026-02-03 12:42:37 +05)" executed successfully
2026-02-03 12:41:37,028 [INFO] apscheduler.executors.default: Job "Scheduler._hold_and_overdue_job (trigger: interval[0:01:00], next run at: 2026-02-03 12:42:37 +05)" executed successfully
2026-02-03 12:41:37,344 [INFO] apscheduler.executors.default: Job "Scheduler._check_invoices_job (trigger: interval[0:00:30], next run at: 2026-02-03 12:42:07 +05)" executed successfully
2026-02-03 12:42:07,020 [INFO] apscheduler.executors.default: Running job "Scheduler._check_invoices_job (trigger: interval[0:00:30], next run at: 2026-02-03 12:42:37 +05)" (scheduled at 2026-02-03 12:42:07.017036+05:00)
2026-02-03 12:42:07,274 [INFO] apscheduler.executors.default: Job "Scheduler._check_invoices_job (trigger: interval[0:00:30], next run at: 2026-02-03 12:42:37 +05)" executed successfully
2026-02-03 12:42:37,017 [INFO] apscheduler.executors.default: Running job "Scheduler._check_invoices_job (trigger: interval[0:00:30], next run at: 2026-02-03 12:43:07 +05)" (scheduled at 2026-02-03 12:42:37.017036+05:00)
2026-02-03 12:42:37,018 [INFO] apscheduler.executors.default: Running job "Scheduler._broadcast_job (trigger: interval[0:01:00], next run at: 2026-02-03 12:43:37 +05)" (scheduled at 2026-02-03 12:42:37.018036+05:00)
2026-02-03 12:42:37,018 [INFO] apscheduler.executors.default: Running job "Scheduler._hold_and_overdue_job (trigger: interval[0:01:00], next run at: 2026-02-03 12:43:37 +05)" (scheduled at 2026-02-03 12:42:37.018036+05:00)
2026-02-03 12:42:37,019 [INFO] apscheduler.executors.default: Job "Scheduler._broadcast_job (trigger: interval[0:01:00], next run at: 2026-02-03 12:43:37 +05)" executed successfully
2026-02-03 12:42:37,020 [INFO] apscheduler.executors.default: Job "Scheduler._hold_and_overdue_job (trigger: interval[0:01:00], next run at: 2026-02-03 12:43:37 +05)" executed successfully
2026-02-03 12:42:37,221 [INFO] apscheduler.executors.default: Job "Scheduler._check_invoices_job (trigger: interval[0:00:30], next run at: 2026-02-03 12:43:07 +05)" executed successfully
2026-02-03 12:43:07,030 [INFO] apscheduler.executors.default: Running job "Scheduler._check_invoices_job (trigger: interval[0:00:30], next run at: 2026-02-03 12:43:37 +05)" (scheduled at 2026-02-03 12:43:07.017036+05:00)
2026-02-03 12:43:07,263 [INFO] apscheduler.executors.default: Job "Scheduler._check_invoices_job (trigger: interval[0:00:30], next run at: 2026-02-03 12:43:37 +05)" executed successfully
2026-02-03 12:43:37,018 [INFO] apscheduler.executors.default: Running job "Scheduler._check_invoices_job (trigger: interval[0:00:30], next run at: 2026-02-03 12:44:07 +05)" (scheduled at 2026-02-03 12:43:37.017036+05:00)
2026-02-03 12:43:37,018 [INFO] apscheduler.executors.default: Running job "Scheduler._broadcast_job (trigger: interval[0:01:00], next run at: 2026-02-03 12:44:37 +05)" (scheduled at 2026-02-03 12:43:37.018036+05:00)
2026-02-03 12:43:37,019 [INFO] apscheduler.executors.default: Running job "Scheduler._hold_and_overdue_job (trigger: interval[0:01:00], next run at: 2026-02-03 12:44:37 +05)" (scheduled at 2026-02-03 12:43:37.018036+05:00)
2026-02-03 12:43:37,020 [INFO] apscheduler.executors.default: Job "Scheduler._broadcast_job (trigger: interval[0:01:00], next run at: 2026-02-03 12:44:37 +05)" executed successfully
2026-02-03 12:43:37,020 [INFO] apscheduler.executors.default: Job "Scheduler._hold_and_overdue_job (trigger: interval[0:01:00], next run at: 2026-02-03 12:44:37 +05)" executed successfully
2026-02-03 12:43:37,345 [INFO] apscheduler.executors.default: Job "Scheduler._check_invoices_job (trigger: interval[0:00:30], next run at: 2026-02-03 12:44:07 +05)" executed successfully
2026-02-03 12:44:07,030 [INFO] apscheduler.executors.default: Running job "Scheduler._check_invoices_job (trigger: interval[0:00:30], next run at: 2026-02-03 12:44:37 +05)" (scheduled at 2026-02-03 12:44:07.017036+05:00)
2026-02-03 12:44:07,246 [INFO] apscheduler.executors.default: Job "Scheduler._check_invoices_job (trigger: interval[0:00:30], next run at: 2026-02-03 12:44:37 +05)" executed successfully
2026-02-03 12:44:37,020 [INFO] apscheduler.executors.default: Running job "Scheduler._check_invoices_job (trigger: interval[0:00:30], next run at: 2026-02-03 12:45:07 +05)" (scheduled at 2026-02-03 12:44:37.017036+05:00)
2026-02-03 12:44:37,020 [INFO] apscheduler.executors.default: Running job "Scheduler._broadcast_job (trigger: interval[0:01:00], next run at: 2026-02-03 12:45:37 +05)" (scheduled at 2026-02-03 12:44:37.018036+05:00)
2026-02-03 12:44:37,021 [INFO] apscheduler.executors.default: Running job "Scheduler._hold_and_overdue_job (trigger: interval[0:01:00], next run at: 2026-02-03 12:45:37 +05)" (scheduled at 2026-02-03 12:44:37.018036+05:00)
2026-02-03 12:44:37,022 [INFO] apscheduler.executors.default: Job "Scheduler._broadcast_job (trigger: interval[0:01:00], next run at: 2026-02-03 12:45:37 +05)" executed successfully
2026-02-03 12:44:37,022 [INFO] apscheduler.executors.default: Job "Scheduler._hold_and_overdue_job (trigger: interval[0:01:00], next run at: 2026-02-03 12:45:37 +05)" executed successfully
2026-02-03 12:44:37,336 [INFO] apscheduler.executors.default: Job "Scheduler._check_invoices_job (trigger: interval[0:00:30], next run at: 2026-02-03 12:45:07 +05)" executed successfully
2026-02-03 12:45:07,029 [INFO] apscheduler.executors.default: Running job "Scheduler._check_invoices_job (trigger: interval[0:00:30], next run at: 2026-02-03 12:45:37 +05)" (scheduled at 2026-02-03 12:45:07.017036+05:00)
2026-02-03 12:45:07,286 [INFO] apscheduler.executors.default: Job "Scheduler._check_invoices_job (trigger: interval[0:00:30], next run at: 2026-02-03 12:45:37 +05)" executed successfully
2026-02-03 12:45:37,025 [INFO] apscheduler.executors.default: Running job "Scheduler._check_invoices_job (trigger: interval[0:00:30], next run at: 2026-02-03 12:46:07 +05)" (scheduled at 2026-02-03 12:45:37.017036+05:00)
2026-02-03 12:45:37,025 [INFO] apscheduler.executors.default: Running job "Scheduler._broadcast_job (trigger: interval[0:01:00], next run at: 2026-02-03 12:46:37 +05)" (scheduled at 2026-02-03 12:45:37.018036+05:00)
2026-02-03 12:45:37,026 [INFO] apscheduler.executors.default: Running job "Scheduler._hold_and_overdue_job (trigger: interval[0:01:00], next run at: 2026-02-03 12:46:37 +05)" (scheduled at 2026-02-03 12:45:37.018036+05:00)
2026-02-03 12:45:37,027 [INFO] apscheduler.executors.default: Job "Scheduler._broadcast_job (trigger: interval[0:01:00], next run at: 2026-02-03 12:46:37 +05)" executed successfully
2026-02-03 12:45:37,027 [INFO] apscheduler.executors.default: Job "Scheduler._hold_and_overdue_job (trigger: interval[0:01:00], next run at: 2026-02-03 12:46:37 +05)" executed successfully
2026-02-03 12:45:37,259 [INFO] apscheduler.executors.default: Job "Scheduler._check_invoices_job (trigger: interval[0:00:30], next run at: 2026-02-03 12:46:07 +05)" executed successfully
2026-02-03 12:46:07,023 [INFO] apscheduler.executors.default: Running job "Scheduler._check_invoices_job (trigger: interval[0:00:30], next run at: 2026-02-03 12:46:37 +05)" (scheduled at 2026-02-03 12:46:07.017036+05:00)
2026-02-03 12:46:07,258 [INFO] apscheduler.executors.default: Job "Scheduler._check_invoices_job (trigger: interval[0:00:30], next run at: 2026-02-03 12:46:37 +05)" executed successfully
2026-02-03 12:46:37,030 [INFO] apscheduler.executors.default: Running job "Scheduler._check_invoices_job (trigger: interval[0:00:30], next run at: 2026-02-03 12:47:07 +05)" (scheduled at 2026-02-03 12:46:37.017036+05:00)
2026-02-03 12:46:37,030 [INFO] apscheduler.executors.default: Running job "Scheduler._broadcast_job (trigger: interval[0:01:00], next run at: 2026-02-03 12:47:37 +05)" (scheduled at 2026-02-03 12:46:37.018036+05:00)
2026-02-03 12:46:37,031 [INFO] apscheduler.executors.default: Running job "Scheduler._hold_and_overdue_job (trigger: interval[0:01:00], next run at: 2026-02-03 12:47:37 +05)" (scheduled at 2026-02-03 12:46:37.018036+05:00)
2026-02-03 12:46:37,032 [INFO] apscheduler.executors.default: Job "Scheduler._broadcast_job (trigger: interval[0:01:00], next run at: 2026-02-03 12:47:37 +05)" executed successfully
2026-02-03 12:46:37,032 [INFO] apscheduler.executors.default: Job "Scheduler._hold_and_overdue_job (trigger: interval[0:01:00], next run at: 2026-02-03 12:47:37 +05)" executed successfully
2026-02-03 12:46:37,287 [INFO] apscheduler.executors.default: Job "Scheduler._check_invoices_job (trigger: interval[0:00:30], next run at: 2026-02-03 12:47:07 +05)" executed successfully
2026-02-03 12:47:07,029 [INFO] apscheduler.executors.default: Running job "Scheduler._check_invoices_job (trigger: interval[0:00:30], next run at: 2026-02-03 12:47:37 +05)" (scheduled at 2026-02-03 12:47:07.017036+05:00)
2026-02-03 12:47:07,271 [INFO] apscheduler.executors.default: Job "Scheduler._check_invoices_job (trigger: interval[0:00:30], next run at: 2026-02-03 12:47:37 +05)" executed successfully
2026-02-03 12:47:37,033 [INFO] apscheduler.executors.default: Running job "Scheduler._check_invoices_job (trigger: interval[0:00:30], next run at: 2026-02-03 12:48:07 +05)" (scheduled at 2026-02-03 12:47:37.017036+05:00)
2026-02-03 12:47:37,033 [INFO] apscheduler.executors.default: Running job "Scheduler._broadcast_job (trigger: interval[0:01:00], next run at: 2026-02-03 12:48:37 +05)" (scheduled at 2026-02-03 12:47:37.018036+05:00)
2026-02-03 12:47:37,034 [INFO] apscheduler.executors.default: Running job "Scheduler._hold_and_overdue_job (trigger: interval[0:01:00], next run at: 2026-02-03 12:48:37 +05)" (scheduled at 2026-02-03 12:47:37.018036+05:00)
2026-02-03 12:47:37,035 [INFO] apscheduler.executors.default: Job "Scheduler._broadcast_job (trigger: interval[0:01:00], next run at: 2026-02-03 12:48:37 +05)" executed successfully
2026-02-03 12:47:37,036 [INFO] apscheduler.executors.default: Job "Scheduler._hold_and_overdue_job (trigger: interval[0:01:00], next run at: 2026-02-03 12:48:37 +05)" executed successfully
2026-02-03 12:47:37,265 [INFO] apscheduler.executors.default: Job "Scheduler._check_invoices_job (trigger: interval[0:00:30], next run at: 2026-02-03 12:48:07 +05)" executed successfully
2026-02-03 12:48:07,028 [INFO] apscheduler.executors.default: Running job "Scheduler._check_invoices_job (trigger: interval[0:00:30], next run at: 2026-02-03 12:48:37 +05)" (scheduled at 2026-02-03 12:48:07.017036+05:00)
2026-02-03 12:48:07,335 [INFO] apscheduler.executors.default: Job "Scheduler._check_invoices_job (trigger: interval[0:00:30], next run at: 2026-02-03 12:48:37 +05)" executed successfully
2026-02-03 12:48:37,028 [INFO] apscheduler.executors.default: Running job "Scheduler._check_invoices_job (trigger: interval[0:00:30], next run at: 2026-02-03 12:49:07 +05)" (scheduled at 2026-02-03 12:48:37.017036+05:00)
2026-02-03 12:48:37,028 [INFO] apscheduler.executors.default: Running job "Scheduler._broadcast_job (trigger: interval[0:01:00], next run at: 2026-02-03 12:49:37 +05)" (scheduled at 2026-02-03 12:48:37.018036+05:00)
2026-02-03 12:48:37,029 [INFO] apscheduler.executors.default: Running job "Scheduler._hold_and_overdue_job (trigger: interval[0:01:00], next run at: 2026-02-03 12:49:37 +05)" (scheduled at 2026-02-03 12:48:37.018036+05:00)
2026-02-03 12:48:37,030 [INFO] apscheduler.executors.default: Job "Scheduler._broadcast_job (trigger: interval[0:01:00], next run at: 2026-02-03 12:49:37 +05)" executed successfully
2026-02-03 12:48:37,030 [INFO] apscheduler.executors.default: Job "Scheduler._hold_and_overdue_job (trigger: interval[0:01:00], next run at: 2026-02-03 12:49:37 +05)" executed successfully
2026-02-03 12:48:37,286 [INFO] apscheduler.executors.default: Job "Scheduler._check_invoices_job (trigger: interval[0:00:30], next run at: 2026-02-03 12:49:07 +05)" executed successfully
2026-02-03 12:49:07,023 [INFO] apscheduler.executors.default: Running job "Scheduler._check_invoices_job (trigger: interval[0:00:30], next run at: 2026-02-03 12:49:37 +05)" (scheduled at 2026-02-03 12:49:07.017036+05:00)
2026-02-03 12:49:07,224 [INFO] apscheduler.executors.default: Job "Scheduler._check_invoices_job (trigger: interval[0:00:30], next run at: 2026-02-03 12:49:37 +05)" executed successfully
2026-02-03 12:49:37,040 [INFO] apscheduler.executors.default: Running job "Scheduler._check_invoices_job (trigger: interval[0:00:30], next run at: 2026-02-03 12:50:07 +05)" (scheduled at 2026-02-03 12:49:37.017036+05:00)
2026-02-03 12:49:37,040 [INFO] apscheduler.executors.default: Running job "Scheduler._broadcast_job (trigger: interval[0:01:00], next run at: 2026-02-03 12:50:37 +05)" (scheduled at 2026-02-03 12:49:37.018036+05:00)
2026-02-03 12:49:37,041 [INFO] apscheduler.executors.default: Running job "Scheduler._hold_and_overdue_job (trigger: interval[0:01:00], next run at: 2026-02-03 12:50:37 +05)" (scheduled at 2026-02-03 12:49:37.018036+05:00)
2026-02-03 12:49:37,042 [INFO] apscheduler.executors.default: Job "Scheduler._broadcast_job (trigger: interval[0:01:00], next run at: 2026-02-03 12:50:37 +05)" executed successfully
2026-02-03 12:49:37,042 [INFO] apscheduler.executors.default: Job "Scheduler._hold_and_overdue_job (trigger: interval[0:01:00], next run at: 2026-02-03 12:50:37 +05)" executed successfully
2026-02-03 12:49:37,270 [INFO] apscheduler.executors.default: Job "Scheduler._check_invoices_job (trigger: interval[0:00:30], next run at: 2026-02-03 12:50:07 +05)" executed successfully
2026-02-03 12:50:07,019 [INFO] apscheduler.executors.default: Running job "Scheduler._check_invoices_job (trigger: interval[0:00:30], next run at: 2026-02-03 12:50:37 +05)" (scheduled at 2026-02-03 12:50:07.017036+05:00)
2026-02-03 12:50:07,231 [INFO] apscheduler.executors.default: Job "Scheduler._check_invoices_job (trigger: interval[0:00:30], next run at: 2026-02-03 12:50:37 +05)" executed successfully
2026-02-03 12:50:37,017 [INFO] apscheduler.executors.default: Running job "Scheduler._check_invoices_job (trigger: interval[0:00:30], next run at: 2026-02-03 12:51:07 +05)" (scheduled at 2026-02-03 12:50:37.017036+05:00)
2026-02-03 12:50:37,018 [INFO] apscheduler.executors.default: Running job "Scheduler._broadcast_job (trigger: interval[0:01:00], next run at: 2026-02-03 12:51:37 +05)" (scheduled at 2026-02-03 12:50:37.018036+05:00)
2026-02-03 12:50:37,018 [INFO] apscheduler.executors.default: Running job "Scheduler._hold_and_overdue_job (trigger: interval[0:01:00], next run at: 2026-02-03 12:51:37 +05)" (scheduled at 2026-02-03 12:50:37.018036+05:00)
2026-02-03 12:50:37,019 [INFO] apscheduler.executors.default: Job "Scheduler._broadcast_job (trigger: interval[0:01:00], next run at: 2026-02-03 12:51:37 +05)" executed successfully
2026-02-03 12:50:37,019 [INFO] apscheduler.executors.default: Job "Scheduler._hold_and_overdue_job (trigger: interval[0:01:00], next run at: 2026-02-03 12:51:37 +05)" executed successfully
2026-02-03 12:50:37,237 [INFO] apscheduler.executors.default: Job "Scheduler._check_invoices_job (trigger: interval[0:00:30], next run at: 2026-02-03 12:51:07 +05)" executed successfully
2026-02-03 12:51:07,032 [INFO] apscheduler.executors.default: Running job "Scheduler._check_invoices_job (trigger: interval[0:00:30], next run at: 2026-02-03 12:51:37 +05)" (scheduled at 2026-02-03 12:51:07.017036+05:00)
2026-02-03 12:51:07,245 [INFO] apscheduler.executors.default: Job "Scheduler._check_invoices_job (trigger: interval[0:00:30], next run at: 2026-02-03 12:51:37 +05)" executed successfully
2026-02-03 12:51:37,019 [INFO] apscheduler.executors.default: Running job "Scheduler._check_invoices_job (trigger: interval[0:00:30], next run at: 2026-02-03 12:52:07 +05)" (scheduled at 2026-02-03 12:51:37.017036+05:00)
2026-02-03 12:51:37,019 [INFO] apscheduler.executors.default: Running job "Scheduler._broadcast_job (trigger: interval[0:01:00], next run at: 2026-02-03 12:52:37 +05)" (scheduled at 2026-02-03 12:51:37.018036+05:00)
2026-02-03 12:51:37,020 [INFO] apscheduler.executors.default: Running job "Scheduler._hold_and_overdue_job (trigger: interval[0:01:00], next run at: 2026-02-03 12:52:37 +05)" (scheduled at 2026-02-03 12:51:37.018036+05:00)
2026-02-03 12:51:37,021 [INFO] apscheduler.executors.default: Job "Scheduler._broadcast_job (trigger: interval[0:01:00], next run at: 2026-02-03 12:52:37 +05)" executed successfully
2026-02-03 12:51:37,022 [INFO] apscheduler.executors.default: Job "Scheduler._hold_and_overdue_job (trigger: interval[0:01:00], next run at: 2026-02-03 12:52:37 +05)" executed successfully
2026-02-03 12:51:37,250 [INFO] apscheduler.executors.default: Job "Scheduler._check_invoices_job (trigger: interval[0:00:30], next run at: 2026-02-03 12:52:07 +05)" executed successfully
2026-02-03 12:52:07,024 [INFO] apscheduler.executors.default: Running job "Scheduler._check_invoices_job (trigger: interval[0:00:30], next run at: 2026-02-03 12:52:37 +05)" (scheduled at 2026-02-03 12:52:07.017036+05:00)
2026-02-03 12:52:07,257 [INFO] apscheduler.executors.default: Job "Scheduler._check_invoices_job (trigger: interval[0:00:30], next run at: 2026-02-03 12:52:37 +05)" executed successfully
2026-02-03 12:52:37,031 [INFO] apscheduler.executors.default: Running job "Scheduler._check_invoices_job (trigger: interval[0:00:30], next run at: 2026-02-03 12:53:07 +05)" (scheduled at 2026-02-03 12:52:37.017036+05:00)
2026-02-03 12:52:37,031 [INFO] apscheduler.executors.default: Running job "Scheduler._broadcast_job (trigger: interval[0:01:00], next run at: 2026-02-03 12:53:37 +05)" (scheduled at 2026-02-03 12:52:37.018036+05:00)
2026-02-03 12:52:37,032 [INFO] apscheduler.executors.default: Running job "Scheduler._hold_and_overdue_job (trigger: interval[0:01:00], next run at: 2026-02-03 12:53:37 +05)" (scheduled at 2026-02-03 12:52:37.018036+05:00)
2026-02-03 12:52:37,033 [INFO] apscheduler.executors.default: Job "Scheduler._broadcast_job (trigger: interval[0:01:00], next run at: 2026-02-03 12:53:37 +05)" executed successfully
2026-02-03 12:52:37,033 [INFO] apscheduler.executors.default: Job "Scheduler._hold_and_overdue_job (trigger: interval[0:01:00], next run at: 2026-02-03 12:53:37 +05)" executed successfully
2026-02-03 12:52:37,266 [INFO] apscheduler.executors.default: Job "Scheduler._check_invoices_job (trigger: interval[0:00:30], next run at: 2026-02-03 12:53:07 +05)" executed successfully
2026-02-03 12:53:07,028 [INFO] apscheduler.executors.default: Running job "Scheduler._check_invoices_job (trigger: interval[0:00:30], next run at: 2026-02-03 12:53:37 +05)" (scheduled at 2026-02-03 12:53:07.017036+05:00)
2026-02-03 12:53:07,304 [INFO] apscheduler.executors.default: Job "Scheduler._check_invoices_job (trigger: interval[0:00:30], next run at: 2026-02-03 12:53:37 +05)" executed successfully
2026-02-03 12:53:37,025 [INFO] apscheduler.executors.default: Running job "Scheduler._check_invoices_job (trigger: interval[0:00:30], next run at: 2026-02-03 12:54:07 +05)" (scheduled at 2026-02-03 12:53:37.017036+05:00)
2026-02-03 12:53:37,025 [INFO] apscheduler.executors.default: Running job "Scheduler._broadcast_job (trigger: interval[0:01:00], next run at: 2026-02-03 12:54:37 +05)" (scheduled at 2026-02-03 12:53:37.018036+05:00)
2026-02-03 12:53:37,026 [INFO] apscheduler.executors.default: Running job "Scheduler._hold_and_overdue_job (trigger: interval[0:01:00], next run at: 2026-02-03 12:54:37 +05)" (scheduled at 2026-02-03 12:53:37.018036+05:00)
2026-02-03 12:53:37,027 [INFO] apscheduler.executors.default: Job "Scheduler._broadcast_job (trigger: interval[0:01:00], next run at: 2026-02-03 12:54:37 +05)" executed successfully
2026-02-03 12:53:37,027 [INFO] apscheduler.executors.default: Job "Scheduler._hold_and_overdue_job (trigger: interval[0:01:00], next run at: 2026-02-03 12:54:37 +05)" executed successfully
2026-02-03 12:53:37,265 [INFO] apscheduler.executors.default: Job "Scheduler._check_invoices_job (trigger: interval[0:00:30], next run at: 2026-02-03 12:54:07 +05)" executed successfully
2026-02-03 12:54:07,024 [INFO] apscheduler.executors.default: Running job "Scheduler._check_invoices_job (trigger: interval[0:00:30], next run at: 2026-02-03 12:54:37 +05)" (scheduled at 2026-02-03 12:54:07.017036+05:00)
2026-02-03 12:54:07,249 [INFO] apscheduler.executors.default: Job "Scheduler._check_invoices_job (trigger: interval[0:00:30], next run at: 2026-02-03 12:54:37 +05)" executed successfully
2026-02-03 12:54:37,027 [INFO] apscheduler.executors.default: Running job "Scheduler._check_invoices_job (trigger: interval[0:00:30], next run at: 2026-02-03 12:55:07 +05)" (scheduled at 2026-02-03 12:54:37.017036+05:00)
2026-02-03 12:54:37,027 [INFO] apscheduler.executors.default: Running job "Scheduler._broadcast_job (trigger: interval[0:01:00], next run at: 2026-02-03 12:55:37 +05)" (scheduled at 2026-02-03 12:54:37.018036+05:00)
2026-02-03 12:54:37,028 [INFO] apscheduler.executors.default: Running job "Scheduler._hold_and_overdue_job (trigger: interval[0:01:00], next run at: 2026-02-03 12:55:37 +05)" (scheduled at 2026-02-03 12:54:37.018036+05:00)
2026-02-03 12:54:37,029 [INFO] apscheduler.executors.default: Job "Scheduler._broadcast_job (trigger: interval[0:01:00], next run at: 2026-02-03 12:55:37 +05)" executed successfully
2026-02-03 12:54:37,029 [INFO] apscheduler.executors.default: Job "Scheduler._hold_and_overdue_job (trigger: interval[0:01:00], next run at: 2026-02-03 12:55:37 +05)" executed successfully
2026-02-03 12:54:37,259 [INFO] apscheduler.executors.default: Job "Scheduler._check_invoices_job (trigger: interval[0:00:30], next run at: 2026-02-03 12:55:07 +05)" executed successfully
2026-02-03 12:55:07,025 [INFO] apscheduler.executors.default: Running job "Scheduler._check_invoices_job (trigger: interval[0:00:30], next run at: 2026-02-03 12:55:37 +05)" (scheduled at 2026-02-03 12:55:07.017036+05:00)
2026-02-03 12:55:07,237 [INFO] apscheduler.executors.default: Job "Scheduler._check_invoices_job (trigger: interval[0:00:30], next run at: 2026-02-03 12:55:37 +05)" executed successfully
2026-02-03 12:55:37,035 [INFO] apscheduler.executors.default: Running job "Scheduler._check_invoices_job (trigger: interval[0:00:30], next run at: 2026-02-03 12:56:07 +05)" (scheduled at 2026-02-03 12:55:37.017036+05:00)
2026-02-03 12:55:37,035 [INFO] apscheduler.executors.default: Running job "Scheduler._broadcast_job (trigger: interval[0:01:00], next run at: 2026-02-03 12:56:37 +05)" (scheduled at 2026-02-03 12:55:37.018036+05:00)
2026-02-03 12:55:37,036 [INFO] apscheduler.executors.default: Running job "Scheduler._hold_and_overdue_job (trigger: interval[0:01:00], next run at: 2026-02-03 12:56:37 +05)" (scheduled at 2026-02-03 12:55:37.018036+05:00)
2026-02-03 12:55:37,037 [INFO] apscheduler.executors.default: Job "Scheduler._broadcast_job (trigger: interval[0:01:00], next run at: 2026-02-03 12:56:37 +05)" executed successfully
2026-02-03 12:55:37,037 [INFO] apscheduler.executors.default: Job "Scheduler._hold_and_overdue_job (trigger: interval[0:01:00], next run at: 2026-02-03 12:56:37 +05)" executed successfully
2026-02-03 12:55:37,326 [INFO] apscheduler.executors.default: Job "Scheduler._check_invoices_job (trigger: interval[0:00:30], next run at: 2026-02-03 12:56:07 +05)" executed successfully
2026-02-03 12:56:07,031 [INFO] apscheduler.executors.default: Running job "Scheduler._check_invoices_job (trigger: interval[0:00:30], next run at: 2026-02-03 12:56:37 +05)" (scheduled at 2026-02-03 12:56:07.017036+05:00)
2026-02-03 12:56:07,250 [INFO] apscheduler.executors.default: Job "Scheduler._check_invoices_job (trigger: interval[0:00:30], next run at: 2026-02-03 12:56:37 +05)" executed successfully
2026-02-03 12:56:37,021 [INFO] apscheduler.executors.default: Running job "Scheduler._check_invoices_job (trigger: interval[0:00:30], next run at: 2026-02-03 12:57:07 +05)" (scheduled at 2026-02-03 12:56:37.017036+05:00)
2026-02-03 12:56:37,022 [INFO] apscheduler.executors.default: Running job "Scheduler._broadcast_job (trigger: interval[0:01:00], next run at: 2026-02-03 12:57:37 +05)" (scheduled at 2026-02-03 12:56:37.018036+05:00)
2026-02-03 12:56:37,022 [INFO] apscheduler.executors.default: Running job "Scheduler._hold_and_overdue_job (trigger: interval[0:01:00], next run at: 2026-02-03 12:57:37 +05)" (scheduled at 2026-02-03 12:56:37.018036+05:00)
2026-02-03 12:56:37,023 [INFO] apscheduler.executors.default: Job "Scheduler._broadcast_job (trigger: interval[0:01:00], next run at: 2026-02-03 12:57:37 +05)" executed successfully
2026-02-03 12:56:37,023 [INFO] apscheduler.executors.default: Job "Scheduler._hold_and_overdue_job (trigger: interval[0:01:00], next run at: 2026-02-03 12:57:37 +05)" executed successfully
2026-02-03 12:56:37,252 [INFO] apscheduler.executors.default: Job "Scheduler._check_invoices_job (trigger: interval[0:00:30], next run at: 2026-02-03 12:57:07 +05)" executed successfully
2026-02-03 12:57:07,028 [INFO] apscheduler.executors.default: Running job "Scheduler._check_invoices_job (trigger: interval[0:00:30], next run at: 2026-02-03 12:57:37 +05)" (scheduled at 2026-02-03 12:57:07.017036+05:00)
2026-02-03 12:57:07,262 [INFO] apscheduler.executors.default: Job "Scheduler._check_invoices_job (trigger: interval[0:00:30], next run at: 2026-02-03 12:57:37 +05)" executed successfully
2026-02-03 12:57:37,021 [INFO] apscheduler.executors.default: Running job "Scheduler._check_invoices_job (trigger: interval[0:00:30], next run at: 2026-02-03 12:58:07 +05)" (scheduled at 2026-02-03 12:57:37.017036+05:00)
2026-02-03 12:57:37,021 [INFO] apscheduler.executors.default: Running job "Scheduler._broadcast_job (trigger: interval[0:01:00], next run at: 2026-02-03 12:58:37 +05)" (scheduled at 2026-02-03 12:57:37.018036+05:00)
2026-02-03 12:57:37,022 [INFO] apscheduler.executors.default: Running job "Scheduler._hold_and_overdue_job (trigger: interval[0:01:00], next run at: 2026-02-03 12:58:37 +05)" (scheduled at 2026-02-03 12:57:37.018036+05:00)
2026-02-03 12:57:37,023 [INFO] apscheduler.executors.default: Job "Scheduler._broadcast_job (trigger: interval[0:01:00], next run at: 2026-02-03 12:58:37 +05)" executed successfully
2026-02-03 12:57:37,023 [INFO] apscheduler.executors.default: Job "Scheduler._hold_and_overdue_job (trigger: interval[0:01:00], next run at: 2026-02-03 12:58:37 +05)" executed successfully
2026-02-03 12:57:37,259 [INFO] apscheduler.executors.default: Job "Scheduler._check_invoices_job (trigger: interval[0:00:30], next run at: 2026-02-03 12:58:07 +05)" executed successfully
2026-02-03 12:58:07,031 [INFO] apscheduler.executors.default: Running job "Scheduler._check_invoices_job (trigger: interval[0:00:30], next run at: 2026-02-03 12:58:37 +05)" (scheduled at 2026-02-03 12:58:07.017036+05:00)
2026-02-03 12:58:07,259 [INFO] apscheduler.executors.default: Job "Scheduler._check_invoices_job (trigger: interval[0:00:30], next run at: 2026-02-03 12:58:37 +05)" executed successfully
2026-02-03 12:58:37,017 [INFO] apscheduler.executors.default: Running job "Scheduler._check_invoices_job (trigger: interval[0:00:30], next run at: 2026-02-03 12:59:07 +05)" (scheduled at 2026-02-03 12:58:37.017036+05:00)
2026-02-03 12:58:37,018 [INFO] apscheduler.executors.default: Running job "Scheduler._broadcast_job (trigger: interval[0:01:00], next run at: 2026-02-03 12:59:37 +05)" (scheduled at 2026-02-03 12:58:37.018036+05:00)
2026-02-03 12:58:37,018 [INFO] apscheduler.executors.default: Running job "Scheduler._hold_and_overdue_job (trigger: interval[0:01:00], next run at: 2026-02-03 12:59:37 +05)" (scheduled at 2026-02-03 12:58:37.018036+05:00)
2026-02-03 12:58:37,019 [INFO] apscheduler.executors.default: Job "Scheduler._broadcast_job (trigger: interval[0:01:00], next run at: 2026-02-03 12:59:37 +05)" executed successfully
2026-02-03 12:58:37,020 [INFO] apscheduler.executors.default: Job "Scheduler._hold_and_overdue_job (trigger: interval[0:01:00], next run at: 2026-02-03 12:59:37 +05)" executed successfully
2026-02-03 12:58:37,244 [INFO] apscheduler.executors.default: Job "Scheduler._check_invoices_job (trigger: interval[0:00:30], next run at: 2026-02-03 12:59:07 +05)" executed successfully
2026-02-03 12:59:07,017 [INFO] apscheduler.executors.default: Running job "Scheduler._check_invoices_job (trigger: interval[0:00:30], next run at: 2026-02-03 12:59:37 +05)" (scheduled at 2026-02-03 12:59:07.017036+05:00)
2026-02-03 12:59:07,302 [INFO] apscheduler.executors.default: Job "Scheduler._check_invoices_job (trigger: interval[0:00:30], next run at: 2026-02-03 12:59:37 +05)" executed successfully
2026-02-03 12:59:37,030 [INFO] apscheduler.executors.default: Running job "Scheduler._check_invoices_job (trigger: interval[0:00:30], next run at: 2026-02-03 13:00:07 +05)" (scheduled at 2026-02-03 12:59:37.017036+05:00)
2026-02-03 12:59:37,030 [INFO] apscheduler.executors.default: Running job "Scheduler._broadcast_job (trigger: interval[0:01:00], next run at: 2026-02-03 13:00:37 +05)" (scheduled at 2026-02-03 12:59:37.018036+05:00)
2026-02-03 12:59:37,030 [INFO] apscheduler.executors.default: Running job "Scheduler._hold_and_overdue_job (trigger: interval[0:01:00], next run at: 2026-02-03 13:00:37 +05)" (scheduled at 2026-02-03 12:59:37.018036+05:00)
2026-02-03 12:59:37,031 [INFO] apscheduler.executors.default: Job "Scheduler._broadcast_job (trigger: interval[0:01:00], next run at: 2026-02-03 13:00:37 +05)" executed successfully
2026-02-03 12:59:37,032 [INFO] apscheduler.executors.default: Job "Scheduler._hold_and_overdue_job (trigger: interval[0:01:00], next run at: 2026-02-03 13:00:37 +05)" executed successfully
2026-02-03 12:59:37,429 [INFO] apscheduler.executors.default: Job "Scheduler._check_invoices_job (trigger: interval[0:00:30], next run at: 2026-02-03 13:00:07 +05)" executed successfully
2026-02-03 13:00:07,021 [INFO] apscheduler.executors.default: Running job "Scheduler._check_invoices_job (trigger: interval[0:00:30], next run at: 2026-02-03 13:00:37 +05)" (scheduled at 2026-02-03 13:00:07.017036+05:00)
2026-02-03 13:00:07,393 [INFO] apscheduler.executors.default: Job "Scheduler._check_invoices_job (trigger: interval[0:00:30], next run at: 2026-02-03 13:00:37 +05)" executed successfully
2026-02-03 13:00:37,041 [INFO] apscheduler.executors.default: Running job "Scheduler._check_invoices_job (trigger: interval[0:00:30], next run at: 2026-02-03 13:01:07 +05)" (scheduled at 2026-02-03 13:00:37.017036+05:00)
2026-02-03 13:00:37,041 [INFO] apscheduler.executors.default: Running job "Scheduler._broadcast_job (trigger: interval[0:01:00], next run at: 2026-02-03 13:01:37 +05)" (scheduled at 2026-02-03 13:00:37.018036+05:00)
2026-02-03 13:00:37,042 [INFO] apscheduler.executors.default: Running job "Scheduler._hold_and_overdue_job (trigger: interval[0:01:00], next run at: 2026-02-03 13:01:37 +05)" (scheduled at 2026-02-03 13:00:37.018036+05:00)
2026-02-03 13:00:37,043 [INFO] apscheduler.executors.default: Job "Scheduler._broadcast_job (trigger: interval[0:01:00], next run at: 2026-02-03 13:01:37 +05)" executed successfully
2026-02-03 13:00:37,044 [INFO] apscheduler.executors.default: Job "Scheduler._hold_and_overdue_job (trigger: interval[0:01:00], next run at: 2026-02-03 13:01:37 +05)" executed successfully
2026-02-03 13:00:37,287 [INFO] apscheduler.executors.default: Job "Scheduler._check_invoices_job (trigger: interval[0:00:30], next run at: 2026-02-03 13:01:07 +05)" executed successfully
2026-02-03 13:01:07,028 [INFO] apscheduler.executors.default: Running job "Scheduler._check_invoices_job (trigger: interval[0:00:30], next run at: 2026-02-03 13:01:37 +05)" (scheduled at 2026-02-03 13:01:07.017036+05:00)
2026-02-03 13:01:07,262 [INFO] apscheduler.executors.default: Job "Scheduler._check_invoices_job (trigger: interval[0:00:30], next run at: 2026-02-03 13:01:37 +05)" executed successfully
2026-02-03 13:01:37,028 [INFO] apscheduler.executors.default: Running job "Scheduler._check_invoices_job (trigger: interval[0:00:30], next run at: 2026-02-03 13:02:07 +05)" (scheduled at 2026-02-03 13:01:37.017036+05:00)
2026-02-03 13:01:37,028 [INFO] apscheduler.executors.default: Running job "Scheduler._broadcast_job (trigger: interval[0:01:00], next run at: 2026-02-03 13:02:37 +05)" (scheduled at 2026-02-03 13:01:37.018036+05:00)
2026-02-03 13:01:37,029 [INFO] apscheduler.executors.default: Running job "Scheduler._hold_and_overdue_job (trigger: interval[0:01:00], next run at: 2026-02-03 13:02:37 +05)" (scheduled at 2026-02-03 13:01:37.018036+05:00)
2026-02-03 13:01:37,030 [INFO] apscheduler.executors.default: Job "Scheduler._broadcast_job (trigger: interval[0:01:00], next run at: 2026-02-03 13:02:37 +05)" executed successfully
2026-02-03 13:01:37,030 [INFO] apscheduler.executors.default: Job "Scheduler._hold_and_overdue_job (trigger: interval[0:01:00], next run at: 2026-02-03 13:02:37 +05)" executed successfully
2026-02-03 13:01:37,739 [INFO] apscheduler.executors.default: Job "Scheduler._check_invoices_job (trigger: interval[0:00:30], next run at: 2026-02-03 13:02:07 +05)" executed successfully
2026-02-03 13:02:07,027 [INFO] apscheduler.executors.default: Running job "Scheduler._check_invoices_job (trigger: interval[0:00:30], next run at: 2026-02-03 13:02:37 +05)" (scheduled at 2026-02-03 13:02:07.017036+05:00)
2026-02-03 13:02:07,348 [INFO] apscheduler.executors.default: Job "Scheduler._check_invoices_job (trigger: interval[0:00:30], next run at: 2026-02-03 13:02:37 +05)" executed successfully
2026-02-03 13:02:37,033 [INFO] apscheduler.executors.default: Running job "Scheduler._check_invoices_job (trigger: interval[0:00:30], next run at: 2026-02-03 13:03:07 +05)" (scheduled at 2026-02-03 13:02:37.017036+05:00)
2026-02-03 13:02:37,033 [INFO] apscheduler.executors.default: Running job "Scheduler._broadcast_job (trigger: interval[0:01:00], next run at: 2026-02-03 13:03:37 +05)" (scheduled at 2026-02-03 13:02:37.018036+05:00)
2026-02-03 13:02:37,033 [INFO] apscheduler.executors.default: Running job "Scheduler._hold_and_overdue_job (trigger: interval[0:01:00], next run at: 2026-02-03 13:03:37 +05)" (scheduled at 2026-02-03 13:02:37.018036+05:00)
2026-02-03 13:02:37,034 [INFO] apscheduler.executors.default: Job "Scheduler._broadcast_job (trigger: interval[0:01:00], next run at: 2026-02-03 13:03:37 +05)" executed successfully
2026-02-03 13:02:37,034 [INFO] apscheduler.executors.default: Job "Scheduler._hold_and_overdue_job (trigger: interval[0:01:00], next run at: 2026-02-03 13:03:37 +05)" executed successfully
2026-02-03 13:02:37,281 [INFO] apscheduler.executors.default: Job "Scheduler._check_invoices_job (trigger: interval[0:00:30], next run at: 2026-02-03 13:03:07 +05)" executed successfully
2026-02-03 13:03:07,018 [INFO] apscheduler.executors.default: Running job "Scheduler._check_invoices_job (trigger: interval[0:00:30], next run at: 2026-02-03 13:03:37 +05)" (scheduled at 2026-02-03 13:03:07.017036+05:00)
2026-02-03 13:03:07,322 [INFO] apscheduler.executors.default: Job "Scheduler._check_invoices_job (trigger: interval[0:00:30], next run at: 2026-02-03 13:03:37 +05)" executed successfully
2026-02-03 13:03:37,028 [INFO] apscheduler.executors.default: Running job "Scheduler._check_invoices_job (trigger: interval[0:00:30], next run at: 2026-02-03 13:04:07 +05)" (scheduled at 2026-02-03 13:03:37.017036+05:00)
2026-02-03 13:03:37,028 [INFO] apscheduler.executors.default: Running job "Scheduler._broadcast_job (trigger: interval[0:01:00], next run at: 2026-02-03 13:04:37 +05)" (scheduled at 2026-02-03 13:03:37.018036+05:00)
2026-02-03 13:03:37,028 [INFO] apscheduler.executors.default: Running job "Scheduler._hold_and_overdue_job (trigger: interval[0:01:00], next run at: 2026-02-03 13:04:37 +05)" (scheduled at 2026-02-03 13:03:37.018036+05:00)
2026-02-03 13:03:37,029 [INFO] apscheduler.executors.default: Job "Scheduler._broadcast_job (trigger: interval[0:01:00], next run at: 2026-02-03 13:04:37 +05)" executed successfully
2026-02-03 13:03:37,030 [INFO] apscheduler.executors.default: Job "Scheduler._hold_and_overdue_job (trigger: interval[0:01:00], next run at: 2026-02-03 13:04:37 +05)" executed successfully
2026-02-03 13:03:37,521 [INFO] apscheduler.executors.default: Job "Scheduler._check_invoices_job (trigger: interval[0:00:30], next run at: 2026-02-03 13:04:07 +05)" executed successfully
2026-02-03 13:04:07,020 [INFO] apscheduler.executors.default: Running job "Scheduler._check_invoices_job (trigger: interval[0:00:30], next run at: 2026-02-03 13:04:37 +05)" (scheduled at 2026-02-03 13:04:07.017036+05:00)
2026-02-03 13:04:07,254 [INFO] apscheduler.executors.default: Job "Scheduler._check_invoices_job (trigger: interval[0:00:30], next run at: 2026-02-03 13:04:37 +05)" executed successfully
2026-02-03 13:04:37,046 [INFO] apscheduler.executors.default: Running job "Scheduler._check_invoices_job (trigger: interval[0:00:30], next run at: 2026-02-03 13:05:07 +05)" (scheduled at 2026-02-03 13:04:37.017036+05:00)
2026-02-03 13:04:37,046 [INFO] apscheduler.executors.default: Running job "Scheduler._broadcast_job (trigger: interval[0:01:00], next run at: 2026-02-03 13:05:37 +05)" (scheduled at 2026-02-03 13:04:37.018036+05:00)
2026-02-03 13:04:37,046 [INFO] apscheduler.executors.default: Running job "Scheduler._hold_and_overdue_job (trigger: interval[0:01:00], next run at: 2026-02-03 13:05:37 +05)" (scheduled at 2026-02-03 13:04:37.018036+05:00)
2026-02-03 13:04:37,047 [INFO] apscheduler.executors.default: Job "Scheduler._broadcast_job (trigger: interval[0:01:00], next run at: 2026-02-03 13:05:37 +05)" executed successfully
2026-02-03 13:04:37,047 [INFO] apscheduler.executors.default: Job "Scheduler._hold_and_overdue_job (trigger: interval[0:01:00], next run at: 2026-02-03 13:05:37 +05)" executed successfully
2026-02-03 13:04:37,261 [INFO] apscheduler.executors.default: Job "Scheduler._check_invoices_job (trigger: interval[0:00:30], next run at: 2026-02-03 13:05:07 +05)" executed successfully
2026-02-03 13:05:07,029 [INFO] apscheduler.executors.default: Running job "Scheduler._check_invoices_job (trigger: interval[0:00:30], next run at: 2026-02-03 13:05:37 +05)" (scheduled at 2026-02-03 13:05:07.017036+05:00)
2026-02-03 13:05:07,291 [INFO] apscheduler.executors.default: Job "Scheduler._check_invoices_job (trigger: interval[0:00:30], next run at: 2026-02-03 13:05:37 +05)" executed successfully
2026-02-03 13:05:37,025 [INFO] apscheduler.executors.default: Running job "Scheduler._check_invoices_job (trigger: interval[0:00:30], next run at: 2026-02-03 13:06:07 +05)" (scheduled at 2026-02-03 13:05:37.017036+05:00)
2026-02-03 13:05:37,026 [INFO] apscheduler.executors.default: Running job "Scheduler._broadcast_job (trigger: interval[0:01:00], next run at: 2026-02-03 13:06:37 +05)" (scheduled at 2026-02-03 13:05:37.018036+05:00)
2026-02-03 13:05:37,026 [INFO] apscheduler.executors.default: Running job "Scheduler._hold_and_overdue_job (trigger: interval[0:01:00], next run at: 2026-02-03 13:06:37 +05)" (scheduled at 2026-02-03 13:05:37.018036+05:00)
2026-02-03 13:05:37,026 [INFO] apscheduler.executors.default: Job "Scheduler._broadcast_job (trigger: interval[0:01:00], next run at: 2026-02-03 13:06:37 +05)" executed successfully
2026-02-03 13:05:37,027 [INFO] apscheduler.executors.default: Job "Scheduler._hold_and_overdue_job (trigger: interval[0:01:00], next run at: 2026-02-03 13:06:37 +05)" executed successfully
2026-02-03 13:05:37,423 [INFO] apscheduler.executors.default: Job "Scheduler._check_invoices_job (trigger: interval[0:00:30], next run at: 2026-02-03 13:06:07 +05)" executed successfully
2026-02-03 13:06:07,026 [INFO] apscheduler.executors.default: Running job "Scheduler._check_invoices_job (trigger: interval[0:00:30], next run at: 2026-02-03 13:06:37 +05)" (scheduled at 2026-02-03 13:06:07.017036+05:00)
2026-02-03 13:06:07,229 [INFO] apscheduler.executors.default: Job "Scheduler._check_invoices_job (trigger: interval[0:00:30], next run at: 2026-02-03 13:06:37 +05)" executed successfully
2026-02-03 13:06:37,017 [INFO] apscheduler.executors.default: Running job "Scheduler._check_invoices_job (trigger: interval[0:00:30], next run at: 2026-02-03 13:07:07 +05)" (scheduled at 2026-02-03 13:06:37.017036+05:00)
2026-02-03 13:06:37,018 [INFO] apscheduler.executors.default: Running job "Scheduler._broadcast_job (trigger: interval[0:01:00], next run at: 2026-02-03 13:07:37 +05)" (scheduled at 2026-02-03 13:06:37.018036+05:00)
2026-02-03 13:06:37,018 [INFO] apscheduler.executors.default: Running job "Scheduler._hold_and_overdue_job (trigger: interval[0:01:00], next run at: 2026-02-03 13:07:37 +05)" (scheduled at 2026-02-03 13:06:37.018036+05:00)
2026-02-03 13:06:37,019 [INFO] apscheduler.executors.default: Job "Scheduler._broadcast_job (trigger: interval[0:01:00], next run at: 2026-02-03 13:07:37 +05)" executed successfully
2026-02-03 13:06:37,020 [INFO] apscheduler.executors.default: Job "Scheduler._hold_and_overdue_job (trigger: interval[0:01:00], next run at: 2026-02-03 13:07:37 +05)" executed successfully
2026-02-03 13:06:37,267 [INFO] apscheduler.executors.default: Job "Scheduler._check_invoices_job (trigger: interval[0:00:30], next run at: 2026-02-03 13:07:07 +05)" executed successfully
2026-02-03 13:07:07,022 [INFO] apscheduler.executors.default: Running job "Scheduler._check_invoices_job (trigger: interval[0:00:30], next run at: 2026-02-03 13:07:37 +05)" (scheduled at 2026-02-03 13:07:07.017036+05:00)
2026-02-03 13:07:07,372 [INFO] apscheduler.executors.default: Job "Scheduler._check_invoices_job (trigger: interval[0:00:30], next run at: 2026-02-03 13:07:37 +05)" executed successfully
2026-02-03 13:07:37,029 [INFO] apscheduler.executors.default: Running job "Scheduler._check_invoices_job (trigger: interval[0:00:30], next run at: 2026-02-03 13:08:07 +05)" (scheduled at 2026-02-03 13:07:37.017036+05:00)
2026-02-03 13:07:37,030 [INFO] apscheduler.executors.default: Running job "Scheduler._broadcast_job (trigger: interval[0:01:00], next run at: 2026-02-03 13:08:37 +05)" (scheduled at 2026-02-03 13:07:37.018036+05:00)
2026-02-03 13:07:37,030 [INFO] apscheduler.executors.default: Running job "Scheduler._hold_and_overdue_job (trigger: interval[0:01:00], next run at: 2026-02-03 13:08:37 +05)" (scheduled at 2026-02-03 13:07:37.018036+05:00)
2026-02-03 13:07:37,031 [INFO] apscheduler.executors.default: Job "Scheduler._broadcast_job (trigger: interval[0:01:00], next run at: 2026-02-03 13:08:37 +05)" executed successfully
2026-02-03 13:07:37,032 [INFO] apscheduler.executors.default: Job "Scheduler._hold_and_overdue_job (trigger: interval[0:01:00], next run at: 2026-02-03 13:08:37 +05)" executed successfully
2026-02-03 13:07:37,303 [INFO] apscheduler.executors.default: Job "Scheduler._check_invoices_job (trigger: interval[0:00:30], next run at: 2026-02-03 13:08:07 +05)" executed successfully
2026-02-03 13:08:07,020 [INFO] apscheduler.executors.default: Running job "Scheduler._check_invoices_job (trigger: interval[0:00:30], next run at: 2026-02-03 13:08:37 +05)" (scheduled at 2026-02-03 13:08:07.017036+05:00)
2026-02-03 13:08:07,266 [INFO] apscheduler.executors.default: Job "Scheduler._check_invoices_job (trigger: interval[0:00:30], next run at: 2026-02-03 13:08:37 +05)" executed successfully
2026-02-03 13:08:37,034 [INFO] apscheduler.executors.default: Running job "Scheduler._check_invoices_job (trigger: interval[0:00:30], next run at: 2026-02-03 13:09:07 +05)" (scheduled at 2026-02-03 13:08:37.017036+05:00)
2026-02-03 13:08:37,034 [INFO] apscheduler.executors.default: Running job "Scheduler._broadcast_job (trigger: interval[0:01:00], next run at: 2026-02-03 13:09:37 +05)" (scheduled at 2026-02-03 13:08:37.018036+05:00)
2026-02-03 13:08:37,035 [INFO] apscheduler.executors.default: Running job "Scheduler._hold_and_overdue_job (trigger: interval[0:01:00], next run at: 2026-02-03 13:09:37 +05)" (scheduled at 2026-02-03 13:08:37.018036+05:00)
2026-02-03 13:08:37,036 [INFO] apscheduler.executors.default: Job "Scheduler._broadcast_job (trigger: interval[0:01:00], next run at: 2026-02-03 13:09:37 +05)" executed successfully
2026-02-03 13:08:37,037 [INFO] apscheduler.executors.default: Job "Scheduler._hold_and_overdue_job (trigger: interval[0:01:00], next run at: 2026-02-03 13:09:37 +05)" executed successfully
2026-02-03 13:08:37,269 [INFO] apscheduler.executors.default: Job "Scheduler._check_invoices_job (trigger: interval[0:00:30], next run at: 2026-02-03 13:09:07 +05)" executed successfully
2026-02-03 13:09:07,029 [INFO] apscheduler.executors.default: Running job "Scheduler._check_invoices_job (trigger: interval[0:00:30], next run at: 2026-02-03 13:09:37 +05)" (scheduled at 2026-02-03 13:09:07.017036+05:00)
2026-02-03 13:09:07,252 [INFO] apscheduler.executors.default: Job "Scheduler._check_invoices_job (trigger: interval[0:00:30], next run at: 2026-02-03 13:09:37 +05)" executed successfully
2026-02-03 13:09:37,026 [INFO] apscheduler.executors.default: Running job "Scheduler._check_invoices_job (trigger: interval[0:00:30], next run at: 2026-02-03 13:10:07 +05)" (scheduled at 2026-02-03 13:09:37.017036+05:00)
2026-02-03 13:09:37,026 [INFO] apscheduler.executors.default: Running job "Scheduler._broadcast_job (trigger: interval[0:01:00], next run at: 2026-02-03 13:10:37 +05)" (scheduled at 2026-02-03 13:09:37.018036+05:00)
2026-02-03 13:09:37,027 [INFO] apscheduler.executors.default: Running job "Scheduler._hold_and_overdue_job (trigger: interval[0:01:00], next run at: 2026-02-03 13:10:37 +05)" (scheduled at 2026-02-03 13:09:37.018036+05:00)
2026-02-03 13:09:37,028 [INFO] apscheduler.executors.default: Job "Scheduler._broadcast_job (trigger: interval[0:01:00], next run at: 2026-02-03 13:10:37 +05)" executed successfully
2026-02-03 13:09:37,028 [INFO] apscheduler.executors.default: Job "Scheduler._hold_and_overdue_job (trigger: interval[0:01:00], next run at: 2026-02-03 13:10:37 +05)" executed successfully
2026-02-03 13:09:37,245 [INFO] apscheduler.executors.default: Job "Scheduler._check_invoices_job (trigger: interval[0:00:30], next run at: 2026-02-03 13:10:07 +05)" executed successfully
2026-02-03 13:10:07,023 [INFO] apscheduler.executors.default: Running job "Scheduler._check_invoices_job (trigger: interval[0:00:30], next run at: 2026-02-03 13:10:37 +05)" (scheduled at 2026-02-03 13:10:07.017036+05:00)
2026-02-03 13:10:07,272 [INFO] apscheduler.executors.default: Job "Scheduler._check_invoices_job (trigger: interval[0:00:30], next run at: 2026-02-03 13:10:37 +05)" executed successfully
2026-02-03 13:10:37,023 [INFO] apscheduler.executors.default: Running job "Scheduler._check_invoices_job (trigger: interval[0:00:30], next run at: 2026-02-03 13:11:07 +05)" (scheduled at 2026-02-03 13:10:37.017036+05:00)
2026-02-03 13:10:37,023 [INFO] apscheduler.executors.default: Running job "Scheduler._broadcast_job (trigger: interval[0:01:00], next run at: 2026-02-03 13:11:37 +05)" (scheduled at 2026-02-03 13:10:37.018036+05:00)
2026-02-03 13:10:37,024 [INFO] apscheduler.executors.default: Running job "Scheduler._hold_and_overdue_job (trigger: interval[0:01:00], next run at: 2026-02-03 13:11:37 +05)" (scheduled at 2026-02-03 13:10:37.018036+05:00)
2026-02-03 13:10:37,025 [INFO] apscheduler.executors.default: Job "Scheduler._broadcast_job (trigger: interval[0:01:00], next run at: 2026-02-03 13:11:37 +05)" executed successfully
2026-02-03 13:10:37,025 [INFO] apscheduler.executors.default: Job "Scheduler._hold_and_overdue_job (trigger: interval[0:01:00], next run at: 2026-02-03 13:11:37 +05)" executed successfully
2026-02-03 13:10:37,264 [INFO] apscheduler.executors.default: Job "Scheduler._check_invoices_job (trigger: interval[0:00:30], next run at: 2026-02-03 13:11:07 +05)" executed successfully
2026-02-03 13:11:07,040 [INFO] apscheduler.executors.default: Running job "Scheduler._check_invoices_job (trigger: interval[0:00:30], next run at: 2026-02-03 13:11:37 +05)" (scheduled at 2026-02-03 13:11:07.017036+05:00)
2026-02-03 13:11:07,241 [INFO] apscheduler.executors.default: Job "Scheduler._check_invoices_job (trigger: interval[0:00:30], next run at: 2026-02-03 13:11:37 +05)" executed successfully
2026-02-03 13:11:37,019 [INFO] apscheduler.executors.default: Running job "Scheduler._check_invoices_job (trigger: interval[0:00:30], next run at: 2026-02-03 13:12:07 +05)" (scheduled at 2026-02-03 13:11:37.017036+05:00)
2026-02-03 13:11:37,019 [INFO] apscheduler.executors.default: Running job "Scheduler._broadcast_job (trigger: interval[0:01:00], next run at: 2026-02-03 13:12:37 +05)" (scheduled at 2026-02-03 13:11:37.018036+05:00)
2026-02-03 13:11:37,020 [INFO] apscheduler.executors.default: Running job "Scheduler._hold_and_overdue_job (trigger: interval[0:01:00], next run at: 2026-02-03 13:12:37 +05)" (scheduled at 2026-02-03 13:11:37.018036+05:00)
2026-02-03 13:11:37,021 [INFO] apscheduler.executors.default: Job "Scheduler._broadcast_job (trigger: interval[0:01:00], next run at: 2026-02-03 13:12:37 +05)" executed successfully
2026-02-03 13:11:37,021 [INFO] apscheduler.executors.default: Job "Scheduler._hold_and_overdue_job (trigger: interval[0:01:00], next run at: 2026-02-03 13:12:37 +05)" executed successfully
2026-02-03 13:11:37,569 [INFO] apscheduler.executors.default: Job "Scheduler._check_invoices_job (trigger: interval[0:00:30], next run at: 2026-02-03 13:12:07 +05)" executed successfully
2026-02-03 13:12:07,030 [INFO] apscheduler.executors.default: Running job "Scheduler._check_invoices_job (trigger: interval[0:00:30], next run at: 2026-02-03 13:12:37 +05)" (scheduled at 2026-02-03 13:12:07.017036+05:00)
2026-02-03 13:12:07,239 [INFO] apscheduler.executors.default: Job "Scheduler._check_invoices_job (trigger: interval[0:00:30], next run at: 2026-02-03 13:12:37 +05)" executed successfully
2026-02-03 13:12:37,026 [INFO] apscheduler.executors.default: Running job "Scheduler._check_invoices_job (trigger: interval[0:00:30], next run at: 2026-02-03 13:13:07 +05)" (scheduled at 2026-02-03 13:12:37.017036+05:00)
2026-02-03 13:12:37,026 [INFO] apscheduler.executors.default: Running job "Scheduler._broadcast_job (trigger: interval[0:01:00], next run at: 2026-02-03 13:13:37 +05)" (scheduled at 2026-02-03 13:12:37.018036+05:00)
2026-02-03 13:12:37,027 [INFO] apscheduler.executors.default: Running job "Scheduler._hold_and_overdue_job (trigger: interval[0:01:00], next run at: 2026-02-03 13:13:37 +05)" (scheduled at 2026-02-03 13:12:37.018036+05:00)
2026-02-03 13:12:37,027 [INFO] apscheduler.executors.default: Job "Scheduler._broadcast_job (trigger: interval[0:01:00], next run at: 2026-02-03 13:13:37 +05)" executed successfully
2026-02-03 13:12:37,028 [INFO] apscheduler.executors.default: Job "Scheduler._hold_and_overdue_job (trigger: interval[0:01:00], next run at: 2026-02-03 13:13:37 +05)" executed successfully
2026-02-03 13:12:37,252 [INFO] apscheduler.executors.default: Job "Scheduler._check_invoices_job (trigger: interval[0:00:30], next run at: 2026-02-03 13:13:07 +05)" executed successfully
2026-02-03 13:13:07,020 [INFO] apscheduler.executors.default: Running job "Scheduler._check_invoices_job (trigger: interval[0:00:30], next run at: 2026-02-03 13:13:37 +05)" (scheduled at 2026-02-03 13:13:07.017036+05:00)
2026-02-03 13:13:07,318 [INFO] apscheduler.executors.default: Job "Scheduler._check_invoices_job (trigger: interval[0:00:30], next run at: 2026-02-03 13:13:37 +05)" executed successfully
2026-02-03 13:13:37,037 [INFO] apscheduler.executors.default: Running job "Scheduler._check_invoices_job (trigger: interval[0:00:30], next run at: 2026-02-03 13:14:07 +05)" (scheduled at 2026-02-03 13:13:37.017036+05:00)
2026-02-03 13:13:37,037 [INFO] apscheduler.executors.default: Running job "Scheduler._broadcast_job (trigger: interval[0:01:00], next run at: 2026-02-03 13:14:37 +05)" (scheduled at 2026-02-03 13:13:37.018036+05:00)
2026-02-03 13:13:37,038 [INFO] apscheduler.executors.default: Running job "Scheduler._hold_and_overdue_job (trigger: interval[0:01:00], next run at: 2026-02-03 13:14:37 +05)" (scheduled at 2026-02-03 13:13:37.018036+05:00)
2026-02-03 13:13:37,039 [INFO] apscheduler.executors.default: Job "Scheduler._broadcast_job (trigger: interval[0:01:00], next run at: 2026-02-03 13:14:37 +05)" executed successfully
2026-02-03 13:13:37,040 [INFO] apscheduler.executors.default: Job "Scheduler._hold_and_overdue_job (trigger: interval[0:01:00], next run at: 2026-02-03 13:14:37 +05)" executed successfully
2026-02-03 13:13:37,290 [INFO] apscheduler.executors.default: Job "Scheduler._check_invoices_job (trigger: interval[0:00:30], next run at: 2026-02-03 13:14:07 +05)" executed successfully
2026-02-03 13:14:07,026 [INFO] apscheduler.executors.default: Running job "Scheduler._check_invoices_job (trigger: interval[0:00:30], next run at: 2026-02-03 13:14:37 +05)" (scheduled at 2026-02-03 13:14:07.017036+05:00)
2026-02-03 13:14:07,273 [INFO] apscheduler.executors.default: Job "Scheduler._check_invoices_job (trigger: interval[0:00:30], next run at: 2026-02-03 13:14:37 +05)" executed successfully
2026-02-03 13:14:37,024 [INFO] apscheduler.executors.default: Running job "Scheduler._check_invoices_job (trigger: interval[0:00:30], next run at: 2026-02-03 13:15:07 +05)" (scheduled at 2026-02-03 13:14:37.017036+05:00)
2026-02-03 13:14:37,024 [INFO] apscheduler.executors.default: Running job "Scheduler._broadcast_job (trigger: interval[0:01:00], next run at: 2026-02-03 13:15:37 +05)" (scheduled at 2026-02-03 13:14:37.018036+05:00)
2026-02-03 13:14:37,025 [INFO] apscheduler.executors.default: Running job "Scheduler._hold_and_overdue_job (trigger: interval[0:01:00], next run at: 2026-02-03 13:15:37 +05)" (scheduled at 2026-02-03 13:14:37.018036+05:00)
2026-02-03 13:14:37,026 [INFO] apscheduler.executors.default: Job "Scheduler._broadcast_job (trigger: interval[0:01:00], next run at: 2026-02-03 13:15:37 +05)" executed successfully
2026-02-03 13:14:37,026 [INFO] apscheduler.executors.default: Job "Scheduler._hold_and_overdue_job (trigger: interval[0:01:00], next run at: 2026-02-03 13:15:37 +05)" executed successfully
2026-02-03 13:14:37,248 [INFO] apscheduler.executors.default: Job "Scheduler._check_invoices_job (trigger: interval[0:00:30], next run at: 2026-02-03 13:15:07 +05)" executed successfully
2026-02-03 13:15:07,037 [INFO] apscheduler.executors.default: Running job "Scheduler._check_invoices_job (trigger: interval[0:00:30], next run at: 2026-02-03 13:15:37 +05)" (scheduled at 2026-02-03 13:15:07.017036+05:00)
2026-02-03 13:15:07,279 [INFO] apscheduler.executors.default: Job "Scheduler._check_invoices_job (trigger: interval[0:00:30], next run at: 2026-02-03 13:15:37 +05)" executed successfully
2026-02-03 13:15:37,019 [INFO] apscheduler.executors.default: Running job "Scheduler._check_invoices_job (trigger: interval[0:00:30], next run at: 2026-02-03 13:16:07 +05)" (scheduled at 2026-02-03 13:15:37.017036+05:00)
2026-02-03 13:15:37,019 [INFO] apscheduler.executors.default: Running job "Scheduler._broadcast_job (trigger: interval[0:01:00], next run at: 2026-02-03 13:16:37 +05)" (scheduled at 2026-02-03 13:15:37.018036+05:00)
2026-02-03 13:15:37,020 [INFO] apscheduler.executors.default: Running job "Scheduler._hold_and_overdue_job (trigger: interval[0:01:00], next run at: 2026-02-03 13:16:37 +05)" (scheduled at 2026-02-03 13:15:37.018036+05:00)
2026-02-03 13:15:37,021 [INFO] apscheduler.executors.default: Job "Scheduler._broadcast_job (trigger: interval[0:01:00], next run at: 2026-02-03 13:16:37 +05)" executed successfully
2026-02-03 13:15:37,021 [INFO] apscheduler.executors.default: Job "Scheduler._hold_and_overdue_job (trigger: interval[0:01:00], next run at: 2026-02-03 13:16:37 +05)" executed successfully
2026-02-03 13:15:37,455 [INFO] apscheduler.executors.default: Job "Scheduler._check_invoices_job (trigger: interval[0:00:30], next run at: 2026-02-03 13:16:07 +05)" executed successfully
2026-02-03 13:16:07,017 [INFO] apscheduler.executors.default: Running job "Scheduler._check_invoices_job (trigger: interval[0:00:30], next run at: 2026-02-03 13:16:37 +05)" (scheduled at 2026-02-03 13:16:07.017036+05:00)
2026-02-03 13:16:07,306 [INFO] apscheduler.executors.default: Job "Scheduler._check_invoices_job (trigger: interval[0:00:30], next run at: 2026-02-03 13:16:37 +05)" executed successfully
2026-02-03 13:16:37,019 [INFO] apscheduler.executors.default: Running job "Scheduler._check_invoices_job (trigger: interval[0:00:30], next run at: 2026-02-03 13:17:07 +05)" (scheduled at 2026-02-03 13:16:37.017036+05:00)
2026-02-03 13:16:37,019 [INFO] apscheduler.executors.default: Running job "Scheduler._broadcast_job (trigger: interval[0:01:00], next run at: 2026-02-03 13:17:37 +05)" (scheduled at 2026-02-03 13:16:37.018036+05:00)
2026-02-03 13:16:37,020 [INFO] apscheduler.executors.default: Running job "Scheduler._hold_and_overdue_job (trigger: interval[0:01:00], next run at: 2026-02-03 13:17:37 +05)" (scheduled at 2026-02-03 13:16:37.018036+05:00)
2026-02-03 13:16:37,021 [INFO] apscheduler.executors.default: Job "Scheduler._broadcast_job (trigger: interval[0:01:00], next run at: 2026-02-03 13:17:37 +05)" executed successfully
2026-02-03 13:16:37,022 [INFO] apscheduler.executors.default: Job "Scheduler._hold_and_overdue_job (trigger: interval[0:01:00], next run at: 2026-02-03 13:17:37 +05)" executed successfully
2026-02-03 13:16:37,231 [INFO] apscheduler.executors.default: Job "Scheduler._check_invoices_job (trigger: interval[0:00:30], next run at: 2026-02-03 13:17:07 +05)" executed successfully
2026-02-03 13:17:07,032 [INFO] apscheduler.executors.default: Running job "Scheduler._check_invoices_job (trigger: interval[0:00:30], next run at: 2026-02-03 13:17:37 +05)" (scheduled at 2026-02-03 13:17:07.017036+05:00)
2026-02-03 13:17:07,277 [INFO] apscheduler.executors.default: Job "Scheduler._check_invoices_job (trigger: interval[0:00:30], next run at: 2026-02-03 13:17:37 +05)" executed successfully
2026-02-03 13:17:37,028 [INFO] apscheduler.executors.default: Running job "Scheduler._check_invoices_job (trigger: interval[0:00:30], next run at: 2026-02-03 13:18:07 +05)" (scheduled at 2026-02-03 13:17:37.017036+05:00)
2026-02-03 13:17:37,028 [INFO] apscheduler.executors.default: Running job "Scheduler._broadcast_job (trigger: interval[0:01:00], next run at: 2026-02-03 13:18:37 +05)" (scheduled at 2026-02-03 13:17:37.018036+05:00)
2026-02-03 13:17:37,029 [INFO] apscheduler.executors.default: Running job "Scheduler._hold_and_overdue_job (trigger: interval[0:01:00], next run at: 2026-02-03 13:18:37 +05)" (scheduled at 2026-02-03 13:17:37.018036+05:00)
2026-02-03 13:17:37,030 [INFO] apscheduler.executors.default: Job "Scheduler._broadcast_job (trigger: interval[0:01:00], next run at: 2026-02-03 13:18:37 +05)" executed successfully
2026-02-03 13:17:37,030 [INFO] apscheduler.executors.default: Job "Scheduler._hold_and_overdue_job (trigger: interval[0:01:00], next run at: 2026-02-03 13:18:37 +05)" executed successfully
2026-02-03 13:17:37,395 [INFO] apscheduler.executors.default: Job "Scheduler._check_invoices_job (trigger: interval[0:00:30], next run at: 2026-02-03 13:18:07 +05)" executed successfully
2026-02-03 13:18:07,033 [INFO] apscheduler.executors.default: Running job "Scheduler._check_invoices_job (trigger: interval[0:00:30], next run at: 2026-02-03 13:18:37 +05)" (scheduled at 2026-02-03 13:18:07.017036+05:00)
2026-02-03 13:18:07,299 [INFO] apscheduler.executors.default: Job "Scheduler._check_invoices_job (trigger: interval[0:00:30], next run at: 2026-02-03 13:18:37 +05)" executed successfully
2026-02-03 13:18:37,020 [INFO] apscheduler.executors.default: Running job "Scheduler._check_invoices_job (trigger: interval[0:00:30], next run at: 2026-02-03 13:19:07 +05)" (scheduled at 2026-02-03 13:18:37.017036+05:00)
2026-02-03 13:18:37,021 [INFO] apscheduler.executors.default: Running job "Scheduler._broadcast_job (trigger: interval[0:01:00], next run at: 2026-02-03 13:19:37 +05)" (scheduled at 2026-02-03 13:18:37.018036+05:00)
2026-02-03 13:18:37,021 [INFO] apscheduler.executors.default: Running job "Scheduler._hold_and_overdue_job (trigger: interval[0:01:00], next run at: 2026-02-03 13:19:37 +05)" (scheduled at 2026-02-03 13:18:37.018036+05:00)
2026-02-03 13:18:37,022 [INFO] apscheduler.executors.default: Job "Scheduler._broadcast_job (trigger: interval[0:01:00], next run at: 2026-02-03 13:19:37 +05)" executed successfully
2026-02-03 13:18:37,022 [INFO] apscheduler.executors.default: Job "Scheduler._hold_and_overdue_job (trigger: interval[0:01:00], next run at: 2026-02-03 13:19:37 +05)" executed successfully
2026-02-03 13:18:37,238 [INFO] apscheduler.executors.default: Job "Scheduler._check_invoices_job (trigger: interval[0:00:30], next run at: 2026-02-03 13:19:07 +05)" executed successfully
2026-02-03 13:19:07,041 [INFO] apscheduler.executors.default: Running job "Scheduler._check_invoices_job (trigger: interval[0:00:30], next run at: 2026-02-03 13:19:37 +05)" (scheduled at 2026-02-03 13:19:07.017036+05:00)
2026-02-03 13:19:07,358 [INFO] apscheduler.executors.default: Job "Scheduler._check_invoices_job (trigger: interval[0:00:30], next run at: 2026-02-03 13:19:37 +05)" executed successfully
2026-02-03 13:19:37,031 [INFO] apscheduler.executors.default: Running job "Scheduler._check_invoices_job (trigger: interval[0:00:30], next run at: 2026-02-03 13:20:07 +05)" (scheduled at 2026-02-03 13:19:37.017036+05:00)
2026-02-03 13:19:37,031 [INFO] apscheduler.executors.default: Running job "Scheduler._broadcast_job (trigger: interval[0:01:00], next run at: 2026-02-03 13:20:37 +05)" (scheduled at 2026-02-03 13:19:37.018036+05:00)
2026-02-03 13:19:37,032 [INFO] apscheduler.executors.default: Running job "Scheduler._hold_and_overdue_job (trigger: interval[0:01:00], next run at: 2026-02-03 13:20:37 +05)" (scheduled at 2026-02-03 13:19:37.018036+05:00)
2026-02-03 13:19:37,033 [INFO] apscheduler.executors.default: Job "Scheduler._broadcast_job (trigger: interval[0:01:00], next run at: 2026-02-03 13:20:37 +05)" executed successfully
2026-02-03 13:19:37,033 [INFO] apscheduler.executors.default: Job "Scheduler._hold_and_overdue_job (trigger: interval[0:01:00], next run at: 2026-02-03 13:20:37 +05)" executed successfully
2026-02-03 13:19:37,259 [INFO] apscheduler.executors.default: Job "Scheduler._check_invoices_job (trigger: interval[0:00:30], next run at: 2026-02-03 13:20:07 +05)" executed successfully
2026-02-03 13:20:07,027 [INFO] apscheduler.executors.default: Running job "Scheduler._check_invoices_job (trigger: interval[0:00:30], next run at: 2026-02-03 13:20:37 +05)" (scheduled at 2026-02-03 13:20:07.017036+05:00)
2026-02-03 13:20:07,242 [INFO] apscheduler.executors.default: Job "Scheduler._check_invoices_job (trigger: interval[0:00:30], next run at: 2026-02-03 13:20:37 +05)" executed successfully
2026-02-03 13:20:37,026 [INFO] apscheduler.executors.default: Running job "Scheduler._check_invoices_job (trigger: interval[0:00:30], next run at: 2026-02-03 13:21:07 +05)" (scheduled at 2026-02-03 13:20:37.017036+05:00)
2026-02-03 13:20:37,027 [INFO] apscheduler.executors.default: Running job "Scheduler._broadcast_job (trigger: interval[0:01:00], next run at: 2026-02-03 13:21:37 +05)" (scheduled at 2026-02-03 13:20:37.018036+05:00)
2026-02-03 13:20:37,027 [INFO] apscheduler.executors.default: Running job "Scheduler._hold_and_overdue_job (trigger: interval[0:01:00], next run at: 2026-02-03 13:21:37 +05)" (scheduled at 2026-02-03 13:20:37.018036+05:00)
2026-02-03 13:20:37,028 [INFO] apscheduler.executors.default: Job "Scheduler._broadcast_job (trigger: interval[0:01:00], next run at: 2026-02-03 13:21:37 +05)" executed successfully
2026-02-03 13:20:37,028 [INFO] apscheduler.executors.default: Job "Scheduler._hold_and_overdue_job (trigger: interval[0:01:00], next run at: 2026-02-03 13:21:37 +05)" executed successfully
2026-02-03 13:20:37,288 [INFO] apscheduler.executors.default: Job "Scheduler._check_invoices_job (trigger: interval[0:00:30], next run at: 2026-02-03 13:21:07 +05)" executed successfully
2026-02-03 13:21:07,033 [INFO] apscheduler.executors.default: Running job "Scheduler._check_invoices_job (trigger: interval[0:00:30], next run at: 2026-02-03 13:21:37 +05)" (scheduled at 2026-02-03 13:21:07.017036+05:00)
2026-02-03 13:21:07,245 [INFO] apscheduler.executors.default: Job "Scheduler._check_invoices_job (trigger: interval[0:00:30], next run at: 2026-02-03 13:21:37 +05)" executed successfully
2026-02-03 13:21:37,029 [INFO] apscheduler.executors.default: Running job "Scheduler._check_invoices_job (trigger: interval[0:00:30], next run at: 2026-02-03 13:22:07 +05)" (scheduled at 2026-02-03 13:21:37.017036+05:00)
2026-02-03 13:21:37,029 [INFO] apscheduler.executors.default: Running job "Scheduler._broadcast_job (trigger: interval[0:01:00], next run at: 2026-02-03 13:22:37 +05)" (scheduled at 2026-02-03 13:21:37.018036+05:00)
2026-02-03 13:21:37,030 [INFO] apscheduler.executors.default: Running job "Scheduler._hold_and_overdue_job (trigger: interval[0:01:00], next run at: 2026-02-03 13:22:37 +05)" (scheduled at 2026-02-03 13:21:37.018036+05:00)
2026-02-03 13:21:37,031 [INFO] apscheduler.executors.default: Job "Scheduler._broadcast_job (trigger: interval[0:01:00], next run at: 2026-02-03 13:22:37 +05)" executed successfully
2026-02-03 13:21:37,031 [INFO] apscheduler.executors.default: Job "Scheduler._hold_and_overdue_job (trigger: interval[0:01:00], next run at: 2026-02-03 13:22:37 +05)" executed successfully
2026-02-03 13:21:37,257 [INFO] apscheduler.executors.default: Job "Scheduler._check_invoices_job (trigger: interval[0:00:30], next run at: 2026-02-03 13:22:07 +05)" executed successfully
2026-02-03 13:22:07,033 [INFO] apscheduler.executors.default: Running job "Scheduler._check_invoices_job (trigger: interval[0:00:30], next run at: 2026-02-03 13:22:37 +05)" (scheduled at 2026-02-03 13:22:07.017036+05:00)
2026-02-03 13:22:07,333 [INFO] apscheduler.executors.default: Job "Scheduler._check_invoices_job (trigger: interval[0:00:30], next run at: 2026-02-03 13:22:37 +05)" executed successfully
2026-02-03 13:22:37,019 [INFO] apscheduler.executors.default: Running job "Scheduler._check_invoices_job (trigger: interval[0:00:30], next run at: 2026-02-03 13:23:07 +05)" (scheduled at 2026-02-03 13:22:37.017036+05:00)
2026-02-03 13:22:37,019 [INFO] apscheduler.executors.default: Running job "Scheduler._broadcast_job (trigger: interval[0:01:00], next run at: 2026-02-03 13:23:37 +05)" (scheduled at 2026-02-03 13:22:37.018036+05:00)
2026-02-03 13:22:37,020 [INFO] apscheduler.executors.default: Running job "Scheduler._hold_and_overdue_job (trigger: interval[0:01:00], next run at: 2026-02-03 13:23:37 +05)" (scheduled at 2026-02-03 13:22:37.018036+05:00)
2026-02-03 13:22:37,021 [INFO] apscheduler.executors.default: Job "Scheduler._broadcast_job (trigger: interval[0:01:00], next run at: 2026-02-03 13:23:37 +05)" executed successfully
2026-02-03 13:22:37,021 [INFO] apscheduler.executors.default: Job "Scheduler._hold_and_overdue_job (trigger: interval[0:01:00], next run at: 2026-02-03 13:23:37 +05)" executed successfully
2026-02-03 13:22:37,241 [INFO] apscheduler.executors.default: Job "Scheduler._check_invoices_job (trigger: interval[0:00:30], next run at: 2026-02-03 13:23:07 +05)" executed successfully
2026-02-03 13:23:07,022 [INFO] apscheduler.executors.default: Running job "Scheduler._check_invoices_job (trigger: interval[0:00:30], next run at: 2026-02-03 13:23:37 +05)" (scheduled at 2026-02-03 13:23:07.017036+05:00)
2026-02-03 13:23:07,322 [INFO] apscheduler.executors.default: Job "Scheduler._check_invoices_job (trigger: interval[0:00:30], next run at: 2026-02-03 13:23:37 +05)" executed successfully
2026-02-03 13:23:37,029 [INFO] apscheduler.executors.default: Running job "Scheduler._check_invoices_job (trigger: interval[0:00:30], next run at: 2026-02-03 13:24:07 +05)" (scheduled at 2026-02-03 13:23:37.017036+05:00)
2026-02-03 13:23:37,030 [INFO] apscheduler.executors.default: Running job "Scheduler._broadcast_job (trigger: interval[0:01:00], next run at: 2026-02-03 13:24:37 +05)" (scheduled at 2026-02-03 13:23:37.018036+05:00)
2026-02-03 13:23:37,030 [INFO] apscheduler.executors.default: Running job "Scheduler._hold_and_overdue_job (trigger: interval[0:01:00], next run at: 2026-02-03 13:24:37 +05)" (scheduled at 2026-02-03 13:23:37.018036+05:00)
2026-02-03 13:23:37,031 [INFO] apscheduler.executors.default: Job "Scheduler._broadcast_job (trigger: interval[0:01:00], next run at: 2026-02-03 13:24:37 +05)" executed successfully
2026-02-03 13:23:37,032 [INFO] apscheduler.executors.default: Job "Scheduler._hold_and_overdue_job (trigger: interval[0:01:00], next run at: 2026-02-03 13:24:37 +05)" executed successfully
2026-02-03 13:23:37,296 [INFO] apscheduler.executors.default: Job "Scheduler._check_invoices_job (trigger: interval[0:00:30], next run at: 2026-02-03 13:24:07 +05)" executed successfully
2026-02-03 13:24:07,020 [INFO] apscheduler.executors.default: Running job "Scheduler._check_invoices_job (trigger: interval[0:00:30], next run at: 2026-02-03 13:24:37 +05)" (scheduled at 2026-02-03 13:24:07.017036+05:00)
2026-02-03 13:24:07,236 [INFO] apscheduler.executors.default: Job "Scheduler._check_invoices_job (trigger: interval[0:00:30], next run at: 2026-02-03 13:24:37 +05)" executed successfully
2026-02-03 13:24:37,041 [INFO] apscheduler.executors.default: Running job "Scheduler._check_invoices_job (trigger: interval[0:00:30], next run at: 2026-02-03 13:25:07 +05)" (scheduled at 2026-02-03 13:24:37.017036+05:00)
2026-02-03 13:24:37,041 [INFO] apscheduler.executors.default: Running job "Scheduler._broadcast_job (trigger: interval[0:01:00], next run at: 2026-02-03 13:25:37 +05)" (scheduled at 2026-02-03 13:24:37.018036+05:00)
2026-02-03 13:24:37,042 [INFO] apscheduler.executors.default: Running job "Scheduler._hold_and_overdue_job (trigger: interval[0:01:00], next run at: 2026-02-03 13:25:37 +05)" (scheduled at 2026-02-03 13:24:37.018036+05:00)
2026-02-03 13:24:37,043 [INFO] apscheduler.executors.default: Job "Scheduler._broadcast_job (trigger: interval[0:01:00], next run at: 2026-02-03 13:25:37 +05)" executed successfully
2026-02-03 13:24:37,043 [INFO] apscheduler.executors.default: Job "Scheduler._hold_and_overdue_job (trigger: interval[0:01:00], next run at: 2026-02-03 13:25:37 +05)" executed successfully
2026-02-03 13:24:37,244 [INFO] apscheduler.executors.default: Job "Scheduler._check_invoices_job (trigger: interval[0:00:30], next run at: 2026-02-03 13:25:07 +05)" executed successfully
2026-02-03 13:25:07,024 [INFO] apscheduler.executors.default: Running job "Scheduler._check_invoices_job (trigger: interval[0:00:30], next run at: 2026-02-03 13:25:37 +05)" (scheduled at 2026-02-03 13:25:07.017036+05:00)
2026-02-03 13:25:07,248 [INFO] apscheduler.executors.default: Job "Scheduler._check_invoices_job (trigger: interval[0:00:30], next run at: 2026-02-03 13:25:37 +05)" executed successfully
2026-02-03 13:25:37,037 [INFO] apscheduler.executors.default: Running job "Scheduler._check_invoices_job (trigger: interval[0:00:30], next run at: 2026-02-03 13:26:07 +05)" (scheduled at 2026-02-03 13:25:37.017036+05:00)
2026-02-03 13:25:37,037 [INFO] apscheduler.executors.default: Running job "Scheduler._broadcast_job (trigger: interval[0:01:00], next run at: 2026-02-03 13:26:37 +05)" (scheduled at 2026-02-03 13:25:37.018036+05:00)
2026-02-03 13:25:37,038 [INFO] apscheduler.executors.default: Running job "Scheduler._hold_and_overdue_job (trigger: interval[0:01:00], next run at: 2026-02-03 13:26:37 +05)" (scheduled at 2026-02-03 13:25:37.018036+05:00)
2026-02-03 13:25:37,039 [INFO] apscheduler.executors.default: Job "Scheduler._broadcast_job (trigger: interval[0:01:00], next run at: 2026-02-03 13:26:37 +05)" executed successfully
2026-02-03 13:25:37,039 [INFO] apscheduler.executors.default: Job "Scheduler._hold_and_overdue_job (trigger: interval[0:01:00], next run at: 2026-02-03 13:26:37 +05)" executed successfully
2026-02-03 13:25:37,278 [INFO] apscheduler.executors.default: Job "Scheduler._check_invoices_job (trigger: interval[0:00:30], next run at: 2026-02-03 13:26:07 +05)" executed successfully
2026-02-03 13:26:07,038 [INFO] apscheduler.executors.default: Running job "Scheduler._check_invoices_job (trigger: interval[0:00:30], next run at: 2026-02-03 13:26:37 +05)" (scheduled at 2026-02-03 13:26:07.017036+05:00)
2026-02-03 13:26:07,240 [INFO] apscheduler.executors.default: Job "Scheduler._check_invoices_job (trigger: interval[0:00:30], next run at: 2026-02-03 13:26:37 +05)" executed successfully
2026-02-03 13:26:37,030 [INFO] apscheduler.executors.default: Running job "Scheduler._check_invoices_job (trigger: interval[0:00:30], next run at: 2026-02-03 13:27:07 +05)" (scheduled at 2026-02-03 13:26:37.017036+05:00)
2026-02-03 13:26:37,030 [INFO] apscheduler.executors.default: Running job "Scheduler._broadcast_job (trigger: interval[0:01:00], next run at: 2026-02-03 13:27:37 +05)" (scheduled at 2026-02-03 13:26:37.018036+05:00)
2026-02-03 13:26:37,031 [INFO] apscheduler.executors.default: Running job "Scheduler._hold_and_overdue_job (trigger: interval[0:01:00], next run at: 2026-02-03 13:27:37 +05)" (scheduled at 2026-02-03 13:26:37.018036+05:00)
2026-02-03 13:26:37,032 [INFO] apscheduler.executors.default: Job "Scheduler._broadcast_job (trigger: interval[0:01:00], next run at: 2026-02-03 13:27:37 +05)" executed successfully
2026-02-03 13:26:37,032 [INFO] apscheduler.executors.default: Job "Scheduler._hold_and_overdue_job (trigger: interval[0:01:00], next run at: 2026-02-03 13:27:37 +05)" executed successfully
2026-02-03 13:26:37,323 [INFO] apscheduler.executors.default: Job "Scheduler._check_invoices_job (trigger: interval[0:00:30], next run at: 2026-02-03 13:27:07 +05)" executed successfully
2026-02-03 13:27:07,030 [INFO] apscheduler.executors.default: Running job "Scheduler._check_invoices_job (trigger: interval[0:00:30], next run at: 2026-02-03 13:27:37 +05)" (scheduled at 2026-02-03 13:27:07.017036+05:00)
2026-02-03 13:27:07,275 [INFO] apscheduler.executors.default: Job "Scheduler._check_invoices_job (trigger: interval[0:00:30], next run at: 2026-02-03 13:27:37 +05)" executed successfully
2026-02-03 13:27:37,020 [INFO] apscheduler.executors.default: Running job "Scheduler._check_invoices_job (trigger: interval[0:00:30], next run at: 2026-02-03 13:28:07 +05)" (scheduled at 2026-02-03 13:27:37.017036+05:00)
2026-02-03 13:27:37,020 [INFO] apscheduler.executors.default: Running job "Scheduler._broadcast_job (trigger: interval[0:01:00], next run at: 2026-02-03 13:28:37 +05)" (scheduled at 2026-02-03 13:27:37.018036+05:00)
2026-02-03 13:27:37,021 [INFO] apscheduler.executors.default: Running job "Scheduler._hold_and_overdue_job (trigger: interval[0:01:00], next run at: 2026-02-03 13:28:37 +05)" (scheduled at 2026-02-03 13:27:37.018036+05:00)
2026-02-03 13:27:37,022 [INFO] apscheduler.executors.default: Job "Scheduler._broadcast_job (trigger: interval[0:01:00], next run at: 2026-02-03 13:28:37 +05)" executed successfully
2026-02-03 13:27:37,022 [INFO] apscheduler.executors.default: Job "Scheduler._hold_and_overdue_job (trigger: interval[0:01:00], next run at: 2026-02-03 13:28:37 +05)" executed successfully
2026-02-03 13:27:37,381 [INFO] apscheduler.executors.default: Job "Scheduler._check_invoices_job (trigger: interval[0:00:30], next run at: 2026-02-03 13:28:07 +05)" executed successfully
2026-02-03 13:28:07,033 [INFO] apscheduler.executors.default: Running job "Scheduler._check_invoices_job (trigger: interval[0:00:30], next run at: 2026-02-03 13:28:37 +05)" (scheduled at 2026-02-03 13:28:07.017036+05:00)
2026-02-03 13:28:07,261 [INFO] apscheduler.executors.default: Job "Scheduler._check_invoices_job (trigger: interval[0:00:30], next run at: 2026-02-03 13:28:37 +05)" executed successfully
2026-02-03 13:28:37,017 [INFO] apscheduler.executors.default: Running job "Scheduler._check_invoices_job (trigger: interval[0:00:30], next run at: 2026-02-03 13:29:07 +05)" (scheduled at 2026-02-03 13:28:37.017036+05:00)
2026-02-03 13:28:37,018 [INFO] apscheduler.executors.default: Running job "Scheduler._broadcast_job (trigger: interval[0:01:00], next run at: 2026-02-03 13:29:37 +05)" (scheduled at 2026-02-03 13:28:37.018036+05:00)
2026-02-03 13:28:37,018 [INFO] apscheduler.executors.default: Running job "Scheduler._hold_and_overdue_job (trigger: interval[0:01:00], next run at: 2026-02-03 13:29:37 +05)" (scheduled at 2026-02-03 13:28:37.018036+05:00)
2026-02-03 13:28:37,019 [INFO] apscheduler.executors.default: Job "Scheduler._broadcast_job (trigger: interval[0:01:00], next run at: 2026-02-03 13:29:37 +05)" executed successfully
2026-02-03 13:28:37,020 [INFO] apscheduler.executors.default: Job "Scheduler._hold_and_overdue_job (trigger: interval[0:01:00], next run at: 2026-02-03 13:29:37 +05)" executed successfully
2026-02-03 13:28:37,279 [INFO] apscheduler.executors.default: Job "Scheduler._check_invoices_job (trigger: interval[0:00:30], next run at: 2026-02-03 13:29:07 +05)" executed successfully
2026-02-03 13:29:07,018 [INFO] apscheduler.executors.default: Running job "Scheduler._check_invoices_job (trigger: interval[0:00:30], next run at: 2026-02-03 13:29:37 +05)" (scheduled at 2026-02-03 13:29:07.017036+05:00)
2026-02-03 13:29:07,395 [INFO] apscheduler.executors.default: Job "Scheduler._check_invoices_job (trigger: interval[0:00:30], next run at: 2026-02-03 13:29:37 +05)" executed successfully
2026-02-03 13:29:37,028 [INFO] apscheduler.executors.default: Running job "Scheduler._check_invoices_job (trigger: interval[0:00:30], next run at: 2026-02-03 13:30:07 +05)" (scheduled at 2026-02-03 13:29:37.017036+05:00)
2026-02-03 13:29:37,028 [INFO] apscheduler.executors.default: Running job "Scheduler._broadcast_job (trigger: interval[0:01:00], next run at: 2026-02-03 13:30:37 +05)" (scheduled at 2026-02-03 13:29:37.018036+05:00)
2026-02-03 13:29:37,029 [INFO] apscheduler.executors.default: Running job "Scheduler._hold_and_overdue_job (trigger: interval[0:01:00], next run at: 2026-02-03 13:30:37 +05)" (scheduled at 2026-02-03 13:29:37.018036+05:00)
2026-02-03 13:29:37,030 [INFO] apscheduler.executors.default: Job "Scheduler._broadcast_job (trigger: interval[0:01:00], next run at: 2026-02-03 13:30:37 +05)" executed successfully
2026-02-03 13:29:37,030 [INFO] apscheduler.executors.default: Job "Scheduler._hold_and_overdue_job (trigger: interval[0:01:00], next run at: 2026-02-03 13:30:37 +05)" executed successfully
2026-02-03 13:29:37,237 [INFO] apscheduler.executors.default: Job "Scheduler._check_invoices_job (trigger: interval[0:00:30], next run at: 2026-02-03 13:30:07 +05)" executed successfully
2026-02-03 13:30:07,031 [INFO] apscheduler.executors.default: Running job "Scheduler._check_invoices_job (trigger: interval[0:00:30], next run at: 2026-02-03 13:30:37 +05)" (scheduled at 2026-02-03 13:30:07.017036+05:00)
2026-02-03 13:30:07,249 [INFO] apscheduler.executors.default: Job "Scheduler._check_invoices_job (trigger: interval[0:00:30], next run at: 2026-02-03 13:30:37 +05)" executed successfully
2026-02-03 13:30:37,030 [INFO] apscheduler.executors.default: Running job "Scheduler._check_invoices_job (trigger: interval[0:00:30], next run at: 2026-02-03 13:31:07 +05)" (scheduled at 2026-02-03 13:30:37.017036+05:00)
2026-02-03 13:30:37,030 [INFO] apscheduler.executors.default: Running job "Scheduler._broadcast_job (trigger: interval[0:01:00], next run at: 2026-02-03 13:31:37 +05)" (scheduled at 2026-02-03 13:30:37.018036+05:00)
2026-02-03 13:30:37,031 [INFO] apscheduler.executors.default: Running job "Scheduler._hold_and_overdue_job (trigger: interval[0:01:00], next run at: 2026-02-03 13:31:37 +05)" (scheduled at 2026-02-03 13:30:37.018036+05:00)
2026-02-03 13:30:37,032 [INFO] apscheduler.executors.default: Job "Scheduler._broadcast_job (trigger: interval[0:01:00], next run at: 2026-02-03 13:31:37 +05)" executed successfully
2026-02-03 13:30:37,032 [INFO] apscheduler.executors.default: Job "Scheduler._hold_and_overdue_job (trigger: interval[0:01:00], next run at: 2026-02-03 13:31:37 +05)" executed successfully
2026-02-03 13:30:37,268 [INFO] apscheduler.executors.default: Job "Scheduler._check_invoices_job (trigger: interval[0:00:30], next run at: 2026-02-03 13:31:07 +05)" executed successfully
2026-02-03 13:31:07,026 [INFO] apscheduler.executors.default: Running job "Scheduler._check_invoices_job (trigger: interval[0:00:30], next run at: 2026-02-03 13:31:37 +05)" (scheduled at 2026-02-03 13:31:07.017036+05:00)
2026-02-03 13:31:07,240 [INFO] apscheduler.executors.default: Job "Scheduler._check_invoices_job (trigger: interval[0:00:30], next run at: 2026-02-03 13:31:37 +05)" executed successfully
2026-02-03 13:31:37,029 [INFO] apscheduler.executors.default: Running job "Scheduler._check_invoices_job (trigger: interval[0:00:30], next run at: 2026-02-03 13:32:07 +05)" (scheduled at 2026-02-03 13:31:37.017036+05:00)
2026-02-03 13:31:37,030 [INFO] apscheduler.executors.default: Running job "Scheduler._broadcast_job (trigger: interval[0:01:00], next run at: 2026-02-03 13:32:37 +05)" (scheduled at 2026-02-03 13:31:37.018036+05:00)
2026-02-03 13:31:37,030 [INFO] apscheduler.executors.default: Running job "Scheduler._hold_and_overdue_job (trigger: interval[0:01:00], next run at: 2026-02-03 13:32:37 +05)" (scheduled at 2026-02-03 13:31:37.018036+05:00)
2026-02-03 13:31:37,031 [INFO] apscheduler.executors.default: Job "Scheduler._broadcast_job (trigger: interval[0:01:00], next run at: 2026-02-03 13:32:37 +05)" executed successfully
2026-02-03 13:31:37,031 [INFO] apscheduler.executors.default: Job "Scheduler._hold_and_overdue_job (trigger: interval[0:01:00], next run at: 2026-02-03 13:32:37 +05)" executed successfully
2026-02-03 13:31:37,313 [INFO] apscheduler.executors.default: Job "Scheduler._check_invoices_job (trigger: interval[0:00:30], next run at: 2026-02-03 13:32:07 +05)" executed successfully
2026-02-03 13:32:07,018 [INFO] apscheduler.executors.default: Running job "Scheduler._check_invoices_job (trigger: interval[0:00:30], next run at: 2026-02-03 13:32:37 +05)" (scheduled at 2026-02-03 13:32:07.017036+05:00)
2026-02-03 13:32:07,276 [INFO] apscheduler.executors.default: Job "Scheduler._check_invoices_job (trigger: interval[0:00:30], next run at: 2026-02-03 13:32:37 +05)" executed successfully
2026-02-03 13:32:37,028 [INFO] apscheduler.executors.default: Running job "Scheduler._check_invoices_job (trigger: interval[0:00:30], next run at: 2026-02-03 13:33:07 +05)" (scheduled at 2026-02-03 13:32:37.017036+05:00)
2026-02-03 13:32:37,029 [INFO] apscheduler.executors.default: Running job "Scheduler._broadcast_job (trigger: interval[0:01:00], next run at: 2026-02-03 13:33:37 +05)" (scheduled at 2026-02-03 13:32:37.018036+05:00)
2026-02-03 13:32:37,029 [INFO] apscheduler.executors.default: Running job "Scheduler._hold_and_overdue_job (trigger: interval[0:01:00], next run at: 2026-02-03 13:33:37 +05)" (scheduled at 2026-02-03 13:32:37.018036+05:00)
2026-02-03 13:32:37,030 [INFO] apscheduler.executors.default: Job "Scheduler._broadcast_job (trigger: interval[0:01:00], next run at: 2026-02-03 13:33:37 +05)" executed successfully
2026-02-03 13:32:37,031 [INFO] apscheduler.executors.default: Job "Scheduler._hold_and_overdue_job (trigger: interval[0:01:00], next run at: 2026-02-03 13:33:37 +05)" executed successfully
2026-02-03 13:32:37,411 [INFO] apscheduler.executors.default: Job "Scheduler._check_invoices_job (trigger: interval[0:00:30], next run at: 2026-02-03 13:33:07 +05)" executed successfully
2026-02-03 13:33:07,019 [INFO] apscheduler.executors.default: Running job "Scheduler._check_invoices_job (trigger: interval[0:00:30], next run at: 2026-02-03 13:33:37 +05)" (scheduled at 2026-02-03 13:33:07.017036+05:00)
2026-02-03 13:33:07,355 [INFO] apscheduler.executors.default: Job "Scheduler._check_invoices_job (trigger: interval[0:00:30], next run at: 2026-02-03 13:33:37 +05)" executed successfully
2026-02-03 13:33:37,032 [INFO] apscheduler.executors.default: Running job "Scheduler._check_invoices_job (trigger: interval[0:00:30], next run at: 2026-02-03 13:34:07 +05)" (scheduled at 2026-02-03 13:33:37.017036+05:00)
2026-02-03 13:33:37,033 [INFO] apscheduler.executors.default: Running job "Scheduler._broadcast_job (trigger: interval[0:01:00], next run at: 2026-02-03 13:34:37 +05)" (scheduled at 2026-02-03 13:33:37.018036+05:00)
2026-02-03 13:33:37,033 [INFO] apscheduler.executors.default: Running job "Scheduler._hold_and_overdue_job (trigger: interval[0:01:00], next run at: 2026-02-03 13:34:37 +05)" (scheduled at 2026-02-03 13:33:37.018036+05:00)
2026-02-03 13:33:37,034 [INFO] apscheduler.executors.default: Job "Scheduler._broadcast_job (trigger: interval[0:01:00], next run at: 2026-02-03 13:34:37 +05)" executed successfully
2026-02-03 13:33:37,034 [INFO] apscheduler.executors.default: Job "Scheduler._hold_and_overdue_job (trigger: interval[0:01:00], next run at: 2026-02-03 13:34:37 +05)" executed successfully
2026-02-03 13:33:37,263 [INFO] apscheduler.executors.default: Job "Scheduler._check_invoices_job (trigger: interval[0:00:30], next run at: 2026-02-03 13:34:07 +05)" executed successfully
2026-02-03 13:34:07,025 [INFO] apscheduler.executors.default: Running job "Scheduler._check_invoices_job (trigger: interval[0:00:30], next run at: 2026-02-03 13:34:37 +05)" (scheduled at 2026-02-03 13:34:07.017036+05:00)
2026-02-03 13:34:07,234 [INFO] apscheduler.executors.default: Job "Scheduler._check_invoices_job (trigger: interval[0:00:30], next run at: 2026-02-03 13:34:37 +05)" executed successfully
2026-02-03 13:34:37,032 [INFO] apscheduler.executors.default: Running job "Scheduler._check_invoices_job (trigger: interval[0:00:30], next run at: 2026-02-03 13:35:07 +05)" (scheduled at 2026-02-03 13:34:37.017036+05:00)
2026-02-03 13:34:37,033 [INFO] apscheduler.executors.default: Running job "Scheduler._broadcast_job (trigger: interval[0:01:00], next run at: 2026-02-03 13:35:37 +05)" (scheduled at 2026-02-03 13:34:37.018036+05:00)
2026-02-03 13:34:37,033 [INFO] apscheduler.executors.default: Running job "Scheduler._hold_and_overdue_job (trigger: interval[0:01:00], next run at: 2026-02-03 13:35:37 +05)" (scheduled at 2026-02-03 13:34:37.018036+05:00)
2026-02-03 13:34:37,034 [INFO] apscheduler.executors.default: Job "Scheduler._broadcast_job (trigger: interval[0:01:00], next run at: 2026-02-03 13:35:37 +05)" executed successfully
2026-02-03 13:34:37,035 [INFO] apscheduler.executors.default: Job "Scheduler._hold_and_overdue_job (trigger: interval[0:01:00], next run at: 2026-02-03 13:35:37 +05)" executed successfully
2026-02-03 13:34:37,256 [INFO] apscheduler.executors.default: Job "Scheduler._check_invoices_job (trigger: interval[0:00:30], next run at: 2026-02-03 13:35:07 +05)" executed successfully
2026-02-03 13:35:07,029 [INFO] apscheduler.executors.default: Running job "Scheduler._check_invoices_job (trigger: interval[0:00:30], next run at: 2026-02-03 13:35:37 +05)" (scheduled at 2026-02-03 13:35:07.017036+05:00)
2026-02-03 13:35:07,512 [INFO] apscheduler.executors.default: Job "Scheduler._check_invoices_job (trigger: interval[0:00:30], next run at: 2026-02-03 13:35:37 +05)" executed successfully
2026-02-03 13:35:37,028 [INFO] apscheduler.executors.default: Running job "Scheduler._check_invoices_job (trigger: interval[0:00:30], next run at: 2026-02-03 13:36:07 +05)" (scheduled at 2026-02-03 13:35:37.017036+05:00)
2026-02-03 13:35:37,028 [INFO] apscheduler.executors.default: Running job "Scheduler._broadcast_job (trigger: interval[0:01:00], next run at: 2026-02-03 13:36:37 +05)" (scheduled at 2026-02-03 13:35:37.018036+05:00)
2026-02-03 13:35:37,029 [INFO] apscheduler.executors.default: Running job "Scheduler._hold_and_overdue_job (trigger: interval[0:01:00], next run at: 2026-02-03 13:36:37 +05)" (scheduled at 2026-02-03 13:35:37.018036+05:00)
2026-02-03 13:35:37,030 [INFO] apscheduler.executors.default: Job "Scheduler._broadcast_job (trigger: interval[0:01:00], next run at: 2026-02-03 13:36:37 +05)" executed successfully
2026-02-03 13:35:37,031 [INFO] apscheduler.executors.default: Job "Scheduler._hold_and_overdue_job (trigger: interval[0:01:00], next run at: 2026-02-03 13:36:37 +05)" executed successfully
2026-02-03 13:35:37,406 [INFO] apscheduler.executors.default: Job "Scheduler._check_invoices_job (trigger: interval[0:00:30], next run at: 2026-02-03 13:36:07 +05)" executed successfully
2026-02-03 13:36:07,032 [INFO] apscheduler.executors.default: Running job "Scheduler._check_invoices_job (trigger: interval[0:00:30], next run at: 2026-02-03 13:36:37 +05)" (scheduled at 2026-02-03 13:36:07.017036+05:00)
2026-02-03 13:36:07,261 [INFO] apscheduler.executors.default: Job "Scheduler._check_invoices_job (trigger: interval[0:00:30], next run at: 2026-02-03 13:36:37 +05)" executed successfully
2026-02-03 13:36:37,030 [INFO] apscheduler.executors.default: Running job "Scheduler._check_invoices_job (trigger: interval[0:00:30], next run at: 2026-02-03 13:37:07 +05)" (scheduled at 2026-02-03 13:36:37.017036+05:00)
2026-02-03 13:36:37,030 [INFO] apscheduler.executors.default: Running job "Scheduler._broadcast_job (trigger: interval[0:01:00], next run at: 2026-02-03 13:37:37 +05)" (scheduled at 2026-02-03 13:36:37.018036+05:00)
2026-02-03 13:36:37,031 [INFO] apscheduler.executors.default: Running job "Scheduler._hold_and_overdue_job (trigger: interval[0:01:00], next run at: 2026-02-03 13:37:37 +05)" (scheduled at 2026-02-03 13:36:37.018036+05:00)
2026-02-03 13:36:37,032 [INFO] apscheduler.executors.default: Job "Scheduler._broadcast_job (trigger: interval[0:01:00], next run at: 2026-02-03 13:37:37 +05)" executed successfully
2026-02-03 13:36:37,032 [INFO] apscheduler.executors.default: Job "Scheduler._hold_and_overdue_job (trigger: interval[0:01:00], next run at: 2026-02-03 13:37:37 +05)" executed successfully
2026-02-03 13:36:37,333 [INFO] apscheduler.executors.default: Job "Scheduler._check_invoices_job (trigger: interval[0:00:30], next run at: 2026-02-03 13:37:07 +05)" executed successfully
2026-02-03 13:37:07,022 [INFO] apscheduler.executors.default: Running job "Scheduler._check_invoices_job (trigger: interval[0:00:30], next run at: 2026-02-03 13:37:37 +05)" (scheduled at 2026-02-03 13:37:07.017036+05:00)
2026-02-03 13:37:07,246 [INFO] apscheduler.executors.default: Job "Scheduler._check_invoices_job (trigger: interval[0:00:30], next run at: 2026-02-03 13:37:37 +05)" executed successfully
2026-02-03 13:37:37,030 [INFO] apscheduler.executors.default: Running job "Scheduler._check_invoices_job (trigger: interval[0:00:30], next run at: 2026-02-03 13:38:07 +05)" (scheduled at 2026-02-03 13:37:37.017036+05:00)
2026-02-03 13:37:37,031 [INFO] apscheduler.executors.default: Running job "Scheduler._broadcast_job (trigger: interval[0:01:00], next run at: 2026-02-03 13:38:37 +05)" (scheduled at 2026-02-03 13:37:37.018036+05:00)
2026-02-03 13:37:37,031 [INFO] apscheduler.executors.default: Running job "Scheduler._hold_and_overdue_job (trigger: interval[0:01:00], next run at: 2026-02-03 13:38:37 +05)" (scheduled at 2026-02-03 13:37:37.018036+05:00)
2026-02-03 13:37:37,032 [INFO] apscheduler.executors.default: Job "Scheduler._broadcast_job (trigger: interval[0:01:00], next run at: 2026-02-03 13:38:37 +05)" executed successfully
2026-02-03 13:37:37,033 [INFO] apscheduler.executors.default: Job "Scheduler._hold_and_overdue_job (trigger: interval[0:01:00], next run at: 2026-02-03 13:38:37 +05)" executed successfully
2026-02-03 13:37:37,271 [INFO] apscheduler.executors.default: Job "Scheduler._check_invoices_job (trigger: interval[0:00:30], next run at: 2026-02-03 13:38:07 +05)" executed successfully
2026-02-03 13:38:07,030 [INFO] apscheduler.executors.default: Running job "Scheduler._check_invoices_job (trigger: interval[0:00:30], next run at: 2026-02-03 13:38:37 +05)" (scheduled at 2026-02-03 13:38:07.017036+05:00)
2026-02-03 13:38:07,287 [INFO] apscheduler.executors.default: Job "Scheduler._check_invoices_job (trigger: interval[0:00:30], next run at: 2026-02-03 13:38:37 +05)" executed successfully
2026-02-03 13:38:37,030 [INFO] apscheduler.executors.default: Running job "Scheduler._check_invoices_job (trigger: interval[0:00:30], next run at: 2026-02-03 13:39:07 +05)" (scheduled at 2026-02-03 13:38:37.017036+05:00)
2026-02-03 13:38:37,030 [INFO] apscheduler.executors.default: Running job "Scheduler._broadcast_job (trigger: interval[0:01:00], next run at: 2026-02-03 13:39:37 +05)" (scheduled at 2026-02-03 13:38:37.018036+05:00)
2026-02-03 13:38:37,031 [INFO] apscheduler.executors.default: Running job "Scheduler._hold_and_overdue_job (trigger: interval[0:01:00], next run at: 2026-02-03 13:39:37 +05)" (scheduled at 2026-02-03 13:38:37.018036+05:00)
2026-02-03 13:38:37,032 [INFO] apscheduler.executors.default: Job "Scheduler._broadcast_job (trigger: interval[0:01:00], next run at: 2026-02-03 13:39:37 +05)" executed successfully
2026-02-03 13:38:37,032 [INFO] apscheduler.executors.default: Job "Scheduler._hold_and_overdue_job (trigger: interval[0:01:00], next run at: 2026-02-03 13:39:37 +05)" executed successfully
2026-02-03 13:38:37,252 [INFO] apscheduler.executors.default: Job "Scheduler._check_invoices_job (trigger: interval[0:00:30], next run at: 2026-02-03 13:39:07 +05)" executed successfully
2026-02-03 13:39:07,020 [INFO] apscheduler.executors.default: Running job "Scheduler._check_invoices_job (trigger: interval[0:00:30], next run at: 2026-02-03 13:39:37 +05)" (scheduled at 2026-02-03 13:39:07.017036+05:00)
2026-02-03 13:39:07,245 [INFO] apscheduler.executors.default: Job "Scheduler._check_invoices_job (trigger: interval[0:00:30], next run at: 2026-02-03 13:39:37 +05)" executed successfully
2026-02-03 13:39:37,032 [INFO] apscheduler.executors.default: Running job "Scheduler._check_invoices_job (trigger: interval[0:00:30], next run at: 2026-02-03 13:40:07 +05)" (scheduled at 2026-02-03 13:39:37.017036+05:00)
2026-02-03 13:39:37,032 [INFO] apscheduler.executors.default: Running job "Scheduler._broadcast_job (trigger: interval[0:01:00], next run at: 2026-02-03 13:40:37 +05)" (scheduled at 2026-02-03 13:39:37.018036+05:00)
2026-02-03 13:39:37,033 [INFO] apscheduler.executors.default: Running job "Scheduler._hold_and_overdue_job (trigger: interval[0:01:00], next run at: 2026-02-03 13:40:37 +05)" (scheduled at 2026-02-03 13:39:37.018036+05:00)
2026-02-03 13:39:37,033 [INFO] apscheduler.executors.default: Job "Scheduler._broadcast_job (trigger: interval[0:01:00], next run at: 2026-02-03 13:40:37 +05)" executed successfully
2026-02-03 13:39:37,034 [INFO] apscheduler.executors.default: Job "Scheduler._hold_and_overdue_job (trigger: interval[0:01:00], next run at: 2026-02-03 13:40:37 +05)" executed successfully
2026-02-03 13:39:37,260 [INFO] apscheduler.executors.default: Job "Scheduler._check_invoices_job (trigger: interval[0:00:30], next run at: 2026-02-03 13:40:07 +05)" executed successfully
2026-02-03 13:40:07,027 [INFO] apscheduler.executors.default: Running job "Scheduler._check_invoices_job (trigger: interval[0:00:30], next run at: 2026-02-03 13:40:37 +05)" (scheduled at 2026-02-03 13:40:07.017036+05:00)
2026-02-03 13:40:07,277 [INFO] apscheduler.executors.default: Job "Scheduler._check_invoices_job (trigger: interval[0:00:30], next run at: 2026-02-03 13:40:37 +05)" executed successfully
2026-02-03 13:40:37,030 [INFO] apscheduler.executors.default: Running job "Scheduler._check_invoices_job (trigger: interval[0:00:30], next run at: 2026-02-03 13:41:07 +05)" (scheduled at 2026-02-03 13:40:37.017036+05:00)
2026-02-03 13:40:37,030 [INFO] apscheduler.executors.default: Running job "Scheduler._broadcast_job (trigger: interval[0:01:00], next run at: 2026-02-03 13:41:37 +05)" (scheduled at 2026-02-03 13:40:37.018036+05:00)
2026-02-03 13:40:37,031 [INFO] apscheduler.executors.default: Running job "Scheduler._hold_and_overdue_job (trigger: interval[0:01:00], next run at: 2026-02-03 13:41:37 +05)" (scheduled at 2026-02-03 13:40:37.018036+05:00)
2026-02-03 13:40:37,032 [INFO] apscheduler.executors.default: Job "Scheduler._broadcast_job (trigger: interval[0:01:00], next run at: 2026-02-03 13:41:37 +05)" executed successfully
2026-02-03 13:40:37,033 [INFO] apscheduler.executors.default: Job "Scheduler._hold_and_overdue_job (trigger: interval[0:01:00], next run at: 2026-02-03 13:41:37 +05)" executed successfully
2026-02-03 13:40:37,306 [INFO] apscheduler.executors.default: Job "Scheduler._check_invoices_job (trigger: interval[0:00:30], next run at: 2026-02-03 13:41:07 +05)" executed successfully
2026-02-03 13:41:07,031 [INFO] apscheduler.executors.default: Running job "Scheduler._check_invoices_job (trigger: interval[0:00:30], next run at: 2026-02-03 13:41:37 +05)" (scheduled at 2026-02-03 13:41:07.017036+05:00)
2026-02-03 13:41:07,271 [INFO] apscheduler.executors.default: Job "Scheduler._check_invoices_job (trigger: interval[0:00:30], next run at: 2026-02-03 13:41:37 +05)" executed successfully
2026-02-03 13:41:37,023 [INFO] apscheduler.executors.default: Running job "Scheduler._check_invoices_job (trigger: interval[0:00:30], next run at: 2026-02-03 13:42:07 +05)" (scheduled at 2026-02-03 13:41:37.017036+05:00)
2026-02-03 13:41:37,024 [INFO] apscheduler.executors.default: Running job "Scheduler._broadcast_job (trigger: interval[0:01:00], next run at: 2026-02-03 13:42:37 +05)" (scheduled at 2026-02-03 13:41:37.018036+05:00)
2026-02-03 13:41:37,024 [INFO] apscheduler.executors.default: Running job "Scheduler._hold_and_overdue_job (trigger: interval[0:01:00], next run at: 2026-02-03 13:42:37 +05)" (scheduled at 2026-02-03 13:41:37.018036+05:00)
2026-02-03 13:41:37,025 [INFO] apscheduler.executors.default: Job "Scheduler._broadcast_job (trigger: interval[0:01:00], next run at: 2026-02-03 13:42:37 +05)" executed successfully
2026-02-03 13:41:37,026 [INFO] apscheduler.executors.default: Job "Scheduler._hold_and_overdue_job (trigger: interval[0:01:00], next run at: 2026-02-03 13:42:37 +05)" executed successfully
2026-02-03 13:41:37,513 [INFO] apscheduler.executors.default: Job "Scheduler._check_invoices_job (trigger: interval[0:00:30], next run at: 2026-02-03 13:42:07 +05)" executed successfully
2026-02-03 13:42:07,018 [INFO] apscheduler.executors.default: Running job "Scheduler._check_invoices_job (trigger: interval[0:00:30], next run at: 2026-02-03 13:42:37 +05)" (scheduled at 2026-02-03 13:42:07.017036+05:00)
2026-02-03 13:42:07,427 [INFO] apscheduler.executors.default: Job "Scheduler._check_invoices_job (trigger: interval[0:00:30], next run at: 2026-02-03 13:42:37 +05)" executed successfully
2026-02-03 13:42:37,022 [INFO] apscheduler.executors.default: Running job "Scheduler._check_invoices_job (trigger: interval[0:00:30], next run at: 2026-02-03 13:43:07 +05)" (scheduled at 2026-02-03 13:42:37.017036+05:00)
2026-02-03 13:42:37,022 [INFO] apscheduler.executors.default: Running job "Scheduler._broadcast_job (trigger: interval[0:01:00], next run at: 2026-02-03 13:43:37 +05)" (scheduled at 2026-02-03 13:42:37.018036+05:00)
2026-02-03 13:42:37,023 [INFO] apscheduler.executors.default: Running job "Scheduler._hold_and_overdue_job (trigger: interval[0:01:00], next run at: 2026-02-03 13:43:37 +05)" (scheduled at 2026-02-03 13:42:37.018036+05:00)
2026-02-03 13:42:37,024 [INFO] apscheduler.executors.default: Job "Scheduler._broadcast_job (trigger: interval[0:01:00], next run at: 2026-02-03 13:43:37 +05)" executed successfully
2026-02-03 13:42:37,025 [INFO] apscheduler.executors.default: Job "Scheduler._hold_and_overdue_job (trigger: interval[0:01:00], next run at: 2026-02-03 13:43:37 +05)" executed successfully
2026-02-03 13:42:37,269 [INFO] apscheduler.executors.default: Job "Scheduler._check_invoices_job (trigger: interval[0:00:30], next run at: 2026-02-03 13:43:07 +05)" executed successfully
2026-02-03 13:43:07,030 [INFO] apscheduler.executors.default: Running job "Scheduler._check_invoices_job (trigger: interval[0:00:30], next run at: 2026-02-03 13:43:37 +05)" (scheduled at 2026-02-03 13:43:07.017036+05:00)
2026-02-03 13:43:07,324 [INFO] apscheduler.executors.default: Job "Scheduler._check_invoices_job (trigger: interval[0:00:30], next run at: 2026-02-03 13:43:37 +05)" executed successfully
2026-02-03 13:43:37,024 [INFO] apscheduler.executors.default: Running job "Scheduler._check_invoices_job (trigger: interval[0:00:30], next run at: 2026-02-03 13:44:07 +05)" (scheduled at 2026-02-03 13:43:37.017036+05:00)
2026-02-03 13:43:37,025 [INFO] apscheduler.executors.default: Running job "Scheduler._broadcast_job (trigger: interval[0:01:00], next run at: 2026-02-03 13:44:37 +05)" (scheduled at 2026-02-03 13:43:37.018036+05:00)
2026-02-03 13:43:37,025 [INFO] apscheduler.executors.default: Running job "Scheduler._hold_and_overdue_job (trigger: interval[0:01:00], next run at: 2026-02-03 13:44:37 +05)" (scheduled at 2026-02-03 13:43:37.018036+05:00)
2026-02-03 13:43:37,026 [INFO] apscheduler.executors.default: Job "Scheduler._broadcast_job (trigger: interval[0:01:00], next run at: 2026-02-03 13:44:37 +05)" executed successfully
2026-02-03 13:43:37,027 [INFO] apscheduler.executors.default: Job "Scheduler._hold_and_overdue_job (trigger: interval[0:01:00], next run at: 2026-02-03 13:44:37 +05)" executed successfully
2026-02-03 13:43:37,253 [INFO] apscheduler.executors.default: Job "Scheduler._check_invoices_job (trigger: interval[0:00:30], next run at: 2026-02-03 13:44:07 +05)" executed successfully
2026-02-03 13:44:07,032 [INFO] apscheduler.executors.default: Running job "Scheduler._check_invoices_job (trigger: interval[0:00:30], next run at: 2026-02-03 13:44:37 +05)" (scheduled at 2026-02-03 13:44:07.017036+05:00)
2026-02-03 13:44:07,246 [INFO] apscheduler.executors.default: Job "Scheduler._check_invoices_job (trigger: interval[0:00:30], next run at: 2026-02-03 13:44:37 +05)" executed successfully
2026-02-03 13:44:37,026 [INFO] apscheduler.executors.default: Running job "Scheduler._check_invoices_job (trigger: interval[0:00:30], next run at: 2026-02-03 13:45:07 +05)" (scheduled at 2026-02-03 13:44:37.017036+05:00)
2026-02-03 13:44:37,027 [INFO] apscheduler.executors.default: Running job "Scheduler._broadcast_job (trigger: interval[0:01:00], next run at: 2026-02-03 13:45:37 +05)" (scheduled at 2026-02-03 13:44:37.018036+05:00)
2026-02-03 13:44:37,027 [INFO] apscheduler.executors.default: Running job "Scheduler._hold_and_overdue_job (trigger: interval[0:01:00], next run at: 2026-02-03 13:45:37 +05)" (scheduled at 2026-02-03 13:44:37.018036+05:00)
2026-02-03 13:44:37,028 [INFO] apscheduler.executors.default: Job "Scheduler._broadcast_job (trigger: interval[0:01:00], next run at: 2026-02-03 13:45:37 +05)" executed successfully
2026-02-03 13:44:37,028 [INFO] apscheduler.executors.default: Job "Scheduler._hold_and_overdue_job (trigger: interval[0:01:00], next run at: 2026-02-03 13:45:37 +05)" executed successfully
2026-02-03 13:44:37,281 [INFO] apscheduler.executors.default: Job "Scheduler._check_invoices_job (trigger: interval[0:00:30], next run at: 2026-02-03 13:45:07 +05)" executed successfully
2026-02-03 13:45:07,030 [INFO] apscheduler.executors.default: Running job "Scheduler._check_invoices_job (trigger: interval[0:00:30], next run at: 2026-02-03 13:45:37 +05)" (scheduled at 2026-02-03 13:45:07.017036+05:00)
2026-02-03 13:45:07,235 [INFO] apscheduler.executors.default: Job "Scheduler._check_invoices_job (trigger: interval[0:00:30], next run at: 2026-02-03 13:45:37 +05)" executed successfully
2026-02-03 13:45:37,030 [INFO] apscheduler.executors.default: Running job "Scheduler._check_invoices_job (trigger: interval[0:00:30], next run at: 2026-02-03 13:46:07 +05)" (scheduled at 2026-02-03 13:45:37.017036+05:00)
2026-02-03 13:45:37,031 [INFO] apscheduler.executors.default: Running job "Scheduler._broadcast_job (trigger: interval[0:01:00], next run at: 2026-02-03 13:46:37 +05)" (scheduled at 2026-02-03 13:45:37.018036+05:00)
2026-02-03 13:45:37,031 [INFO] apscheduler.executors.default: Running job "Scheduler._hold_and_overdue_job (trigger: interval[0:01:00], next run at: 2026-02-03 13:46:37 +05)" (scheduled at 2026-02-03 13:45:37.018036+05:00)
2026-02-03 13:45:37,032 [INFO] apscheduler.executors.default: Job "Scheduler._broadcast_job (trigger: interval[0:01:00], next run at: 2026-02-03 13:46:37 +05)" executed successfully
2026-02-03 13:45:37,032 [INFO] apscheduler.executors.default: Job "Scheduler._hold_and_overdue_job (trigger: interval[0:01:00], next run at: 2026-02-03 13:46:37 +05)" executed successfully
2026-02-03 13:45:37,292 [INFO] apscheduler.executors.default: Job "Scheduler._check_invoices_job (trigger: interval[0:00:30], next run at: 2026-02-03 13:46:07 +05)" executed successfully
2026-02-03 13:46:07,017 [INFO] apscheduler.executors.default: Running job "Scheduler._check_invoices_job (trigger: interval[0:00:30], next run at: 2026-02-03 13:46:37 +05)" (scheduled at 2026-02-03 13:46:07.017036+05:00)
2026-02-03 13:46:07,247 [INFO] apscheduler.executors.default: Job "Scheduler._check_invoices_job (trigger: interval[0:00:30], next run at: 2026-02-03 13:46:37 +05)" executed successfully
2026-02-03 13:46:37,023 [INFO] apscheduler.executors.default: Running job "Scheduler._check_invoices_job (trigger: interval[0:00:30], next run at: 2026-02-03 13:47:07 +05)" (scheduled at 2026-02-03 13:46:37.017036+05:00)
2026-02-03 13:46:37,023 [INFO] apscheduler.executors.default: Running job "Scheduler._broadcast_job (trigger: interval[0:01:00], next run at: 2026-02-03 13:47:37 +05)" (scheduled at 2026-02-03 13:46:37.018036+05:00)
2026-02-03 13:46:37,024 [INFO] apscheduler.executors.default: Running job "Scheduler._hold_and_overdue_job (trigger: interval[0:01:00], next run at: 2026-02-03 13:47:37 +05)" (scheduled at 2026-02-03 13:46:37.018036+05:00)
2026-02-03 13:46:37,024 [INFO] apscheduler.executors.default: Job "Scheduler._broadcast_job (trigger: interval[0:01:00], next run at: 2026-02-03 13:47:37 +05)" executed successfully
2026-02-03 13:46:37,025 [INFO] apscheduler.executors.default: Job "Scheduler._hold_and_overdue_job (trigger: interval[0:01:00], next run at: 2026-02-03 13:47:37 +05)" executed successfully
2026-02-03 13:46:37,238 [INFO] apscheduler.executors.default: Job "Scheduler._check_invoices_job (trigger: interval[0:00:30], next run at: 2026-02-03 13:47:07 +05)" executed successfully
2026-02-03 13:47:07,031 [INFO] apscheduler.executors.default: Running job "Scheduler._check_invoices_job (trigger: interval[0:00:30], next run at: 2026-02-03 13:47:37 +05)" (scheduled at 2026-02-03 13:47:07.017036+05:00)
2026-02-03 13:47:07,288 [INFO] apscheduler.executors.default: Job "Scheduler._check_invoices_job (trigger: interval[0:00:30], next run at: 2026-02-03 13:47:37 +05)" executed successfully
2026-02-03 13:47:37,029 [INFO] apscheduler.executors.default: Running job "Scheduler._check_invoices_job (trigger: interval[0:00:30], next run at: 2026-02-03 13:48:07 +05)" (scheduled at 2026-02-03 13:47:37.017036+05:00)
2026-02-03 13:47:37,030 [INFO] apscheduler.executors.default: Running job "Scheduler._broadcast_job (trigger: interval[0:01:00], next run at: 2026-02-03 13:48:37 +05)" (scheduled at 2026-02-03 13:47:37.018036+05:00)
2026-02-03 13:47:37,030 [INFO] apscheduler.executors.default: Running job "Scheduler._hold_and_overdue_job (trigger: interval[0:01:00], next run at: 2026-02-03 13:48:37 +05)" (scheduled at 2026-02-03 13:47:37.018036+05:00)
2026-02-03 13:47:37,031 [INFO] apscheduler.executors.default: Job "Scheduler._broadcast_job (trigger: interval[0:01:00], next run at: 2026-02-03 13:48:37 +05)" executed successfully
2026-02-03 13:47:37,032 [INFO] apscheduler.executors.default: Job "Scheduler._hold_and_overdue_job (trigger: interval[0:01:00], next run at: 2026-02-03 13:48:37 +05)" executed successfully
2026-02-03 13:47:37,295 [INFO] apscheduler.executors.default: Job "Scheduler._check_invoices_job (trigger: interval[0:00:30], next run at: 2026-02-03 13:48:07 +05)" executed successfully
2026-02-03 13:48:07,023 [INFO] apscheduler.executors.default: Running job "Scheduler._check_invoices_job (trigger: interval[0:00:30], next run at: 2026-02-03 13:48:37 +05)" (scheduled at 2026-02-03 13:48:07.017036+05:00)
2026-02-03 13:48:07,251 [INFO] apscheduler.executors.default: Job "Scheduler._check_invoices_job (trigger: interval[0:00:30], next run at: 2026-02-03 13:48:37 +05)" executed successfully
2026-02-03 13:48:37,026 [INFO] apscheduler.executors.default: Running job "Scheduler._check_invoices_job (trigger: interval[0:00:30], next run at: 2026-02-03 13:49:07 +05)" (scheduled at 2026-02-03 13:48:37.017036+05:00)
2026-02-03 13:48:37,027 [INFO] apscheduler.executors.default: Running job "Scheduler._broadcast_job (trigger: interval[0:01:00], next run at: 2026-02-03 13:49:37 +05)" (scheduled at 2026-02-03 13:48:37.018036+05:00)
2026-02-03 13:48:37,027 [INFO] apscheduler.executors.default: Running job "Scheduler._hold_and_overdue_job (trigger: interval[0:01:00], next run at: 2026-02-03 13:49:37 +05)" (scheduled at 2026-02-03 13:48:37.018036+05:00)
2026-02-03 13:48:37,028 [INFO] apscheduler.executors.default: Job "Scheduler._broadcast_job (trigger: interval[0:01:00], next run at: 2026-02-03 13:49:37 +05)" executed successfully
2026-02-03 13:48:37,029 [INFO] apscheduler.executors.default: Job "Scheduler._hold_and_overdue_job (trigger: interval[0:01:00], next run at: 2026-02-03 13:49:37 +05)" executed successfully
2026-02-03 13:48:37,265 [INFO] apscheduler.executors.default: Job "Scheduler._check_invoices_job (trigger: interval[0:00:30], next run at: 2026-02-03 13:49:07 +05)" executed successfully
2026-02-03 13:49:07,025 [INFO] apscheduler.executors.default: Running job "Scheduler._check_invoices_job (trigger: interval[0:00:30], next run at: 2026-02-03 13:49:37 +05)" (scheduled at 2026-02-03 13:49:07.017036+05:00)
2026-02-03 13:49:07,281 [INFO] apscheduler.executors.default: Job "Scheduler._check_invoices_job (trigger: interval[0:00:30], next run at: 2026-02-03 13:49:37 +05)" executed successfully
2026-02-03 13:49:37,030 [INFO] apscheduler.executors.default: Running job "Scheduler._check_invoices_job (trigger: interval[0:00:30], next run at: 2026-02-03 13:50:07 +05)" (scheduled at 2026-02-03 13:49:37.017036+05:00)
2026-02-03 13:49:37,030 [INFO] apscheduler.executors.default: Running job "Scheduler._broadcast_job (trigger: interval[0:01:00], next run at: 2026-02-03 13:50:37 +05)" (scheduled at 2026-02-03 13:49:37.018036+05:00)
2026-02-03 13:49:37,031 [INFO] apscheduler.executors.default: Running job "Scheduler._hold_and_overdue_job (trigger: interval[0:01:00], next run at: 2026-02-03 13:50:37 +05)" (scheduled at 2026-02-03 13:49:37.018036+05:00)
2026-02-03 13:49:37,031 [INFO] apscheduler.executors.default: Job "Scheduler._broadcast_job (trigger: interval[0:01:00], next run at: 2026-02-03 13:50:37 +05)" executed successfully
2026-02-03 13:49:37,032 [INFO] apscheduler.executors.default: Job "Scheduler._hold_and_overdue_job (trigger: interval[0:01:00], next run at: 2026-02-03 13:50:37 +05)" executed successfully
2026-02-03 13:49:37,308 [INFO] apscheduler.executors.default: Job "Scheduler._check_invoices_job (trigger: interval[0:00:30], next run at: 2026-02-03 13:50:07 +05)" executed successfully
2026-02-03 13:50:07,022 [INFO] apscheduler.executors.default: Running job "Scheduler._check_invoices_job (trigger: interval[0:00:30], next run at: 2026-02-03 13:50:37 +05)" (scheduled at 2026-02-03 13:50:07.017036+05:00)
2026-02-03 13:50:07,401 [INFO] apscheduler.executors.default: Job "Scheduler._check_invoices_job (trigger: interval[0:00:30], next run at: 2026-02-03 13:50:37 +05)" executed successfully
2026-02-03 13:50:37,022 [INFO] apscheduler.executors.default: Running job "Scheduler._check_invoices_job (trigger: interval[0:00:30], next run at: 2026-02-03 13:51:07 +05)" (scheduled at 2026-02-03 13:50:37.017036+05:00)
2026-02-03 13:50:37,022 [INFO] apscheduler.executors.default: Running job "Scheduler._broadcast_job (trigger: interval[0:01:00], next run at: 2026-02-03 13:51:37 +05)" (scheduled at 2026-02-03 13:50:37.018036+05:00)
2026-02-03 13:50:37,023 [INFO] apscheduler.executors.default: Running job "Scheduler._hold_and_overdue_job (trigger: interval[0:01:00], next run at: 2026-02-03 13:51:37 +05)" (scheduled at 2026-02-03 13:50:37.018036+05:00)
2026-02-03 13:50:37,024 [INFO] apscheduler.executors.default: Job "Scheduler._broadcast_job (trigger: interval[0:01:00], next run at: 2026-02-03 13:51:37 +05)" executed successfully
2026-02-03 13:50:37,024 [INFO] apscheduler.executors.default: Job "Scheduler._hold_and_overdue_job (trigger: interval[0:01:00], next run at: 2026-02-03 13:51:37 +05)" executed successfully
2026-02-03 13:50:37,498 [INFO] apscheduler.executors.default: Job "Scheduler._check_invoices_job (trigger: interval[0:00:30], next run at: 2026-02-03 13:51:07 +05)" executed successfully
2026-02-03 13:51:07,027 [INFO] apscheduler.executors.default: Running job "Scheduler._check_invoices_job (trigger: interval[0:00:30], next run at: 2026-02-03 13:51:37 +05)" (scheduled at 2026-02-03 13:51:07.017036+05:00)
2026-02-03 13:51:07,243 [INFO] apscheduler.executors.default: Job "Scheduler._check_invoices_job (trigger: interval[0:00:30], next run at: 2026-02-03 13:51:37 +05)" executed successfully
2026-02-03 13:51:37,018 [INFO] apscheduler.executors.default: Running job "Scheduler._check_invoices_job (trigger: interval[0:00:30], next run at: 2026-02-03 13:52:07 +05)" (scheduled at 2026-02-03 13:51:37.017036+05:00)
2026-02-03 13:51:37,018 [INFO] apscheduler.executors.default: Running job "Scheduler._broadcast_job (trigger: interval[0:01:00], next run at: 2026-02-03 13:52:37 +05)" (scheduled at 2026-02-03 13:51:37.018036+05:00)
2026-02-03 13:51:37,019 [INFO] apscheduler.executors.default: Running job "Scheduler._hold_and_overdue_job (trigger: interval[0:01:00], next run at: 2026-02-03 13:52:37 +05)" (scheduled at 2026-02-03 13:51:37.018036+05:00)
2026-02-03 13:51:37,020 [INFO] apscheduler.executors.default: Job "Scheduler._broadcast_job (trigger: interval[0:01:00], next run at: 2026-02-03 13:52:37 +05)" executed successfully
2026-02-03 13:51:37,020 [INFO] apscheduler.executors.default: Job "Scheduler._hold_and_overdue_job (trigger: interval[0:01:00], next run at: 2026-02-03 13:52:37 +05)" executed successfully
2026-02-03 13:51:37,405 [INFO] apscheduler.executors.default: Job "Scheduler._check_invoices_job (trigger: interval[0:00:30], next run at: 2026-02-03 13:52:07 +05)" executed successfully
2026-02-03 13:52:07,019 [INFO] apscheduler.executors.default: Running job "Scheduler._check_invoices_job (trigger: interval[0:00:30], next run at: 2026-02-03 13:52:37 +05)" (scheduled at 2026-02-03 13:52:07.017036+05:00)
2026-02-03 13:52:07,394 [INFO] apscheduler.executors.default: Job "Scheduler._check_invoices_job (trigger: interval[0:00:30], next run at: 2026-02-03 13:52:37 +05)" executed successfully
2026-02-03 13:52:37,017 [INFO] apscheduler.executors.default: Running job "Scheduler._check_invoices_job (trigger: interval[0:00:30], next run at: 2026-02-03 13:53:07 +05)" (scheduled at 2026-02-03 13:52:37.017036+05:00)
2026-02-03 13:52:37,018 [INFO] apscheduler.executors.default: Running job "Scheduler._broadcast_job (trigger: interval[0:01:00], next run at: 2026-02-03 13:53:37 +05)" (scheduled at 2026-02-03 13:52:37.018036+05:00)
2026-02-03 13:52:37,018 [INFO] apscheduler.executors.default: Running job "Scheduler._hold_and_overdue_job (trigger: interval[0:01:00], next run at: 2026-02-03 13:53:37 +05)" (scheduled at 2026-02-03 13:52:37.018036+05:00)
2026-02-03 13:52:37,019 [INFO] apscheduler.executors.default: Job "Scheduler._broadcast_job (trigger: interval[0:01:00], next run at: 2026-02-03 13:53:37 +05)" executed successfully
2026-02-03 13:52:37,020 [INFO] apscheduler.executors.default: Job "Scheduler._hold_and_overdue_job (trigger: interval[0:01:00], next run at: 2026-02-03 13:53:37 +05)" executed successfully
2026-02-03 13:52:37,252 [INFO] apscheduler.executors.default: Job "Scheduler._check_invoices_job (trigger: interval[0:00:30], next run at: 2026-02-03 13:53:07 +05)" executed successfully
2026-02-03 13:53:07,017 [INFO] apscheduler.executors.default: Running job "Scheduler._check_invoices_job (trigger: interval[0:00:30], next run at: 2026-02-03 13:53:37 +05)" (scheduled at 2026-02-03 13:53:07.017036+05:00)
2026-02-03 13:53:07,371 [INFO] apscheduler.executors.default: Job "Scheduler._check_invoices_job (trigger: interval[0:00:30], next run at: 2026-02-03 13:53:37 +05)" executed successfully
2026-02-03 13:53:37,023 [INFO] apscheduler.executors.default: Running job "Scheduler._check_invoices_job (trigger: interval[0:00:30], next run at: 2026-02-03 13:54:07 +05)" (scheduled at 2026-02-03 13:53:37.017036+05:00)
2026-02-03 13:53:37,023 [INFO] apscheduler.executors.default: Running job "Scheduler._broadcast_job (trigger: interval[0:01:00], next run at: 2026-02-03 13:54:37 +05)" (scheduled at 2026-02-03 13:53:37.018036+05:00)
2026-02-03 13:53:37,024 [INFO] apscheduler.executors.default: Running job "Scheduler._hold_and_overdue_job (trigger: interval[0:01:00], next run at: 2026-02-03 13:54:37 +05)" (scheduled at 2026-02-03 13:53:37.018036+05:00)
2026-02-03 13:53:37,025 [INFO] apscheduler.executors.default: Job "Scheduler._broadcast_job (trigger: interval[0:01:00], next run at: 2026-02-03 13:54:37 +05)" executed successfully
2026-02-03 13:53:37,025 [INFO] apscheduler.executors.default: Job "Scheduler._hold_and_overdue_job (trigger: interval[0:01:00], next run at: 2026-02-03 13:54:37 +05)" executed successfully
2026-02-03 13:53:37,268 [INFO] apscheduler.executors.default: Job "Scheduler._check_invoices_job (trigger: interval[0:00:30], next run at: 2026-02-03 13:54:07 +05)" executed successfully
2026-02-03 13:54:07,021 [INFO] apscheduler.executors.default: Running job "Scheduler._check_invoices_job (trigger: interval[0:00:30], next run at: 2026-02-03 13:54:37 +05)" (scheduled at 2026-02-03 13:54:07.017036+05:00)
2026-02-03 13:54:07,249 [INFO] apscheduler.executors.default: Job "Scheduler._check_invoices_job (trigger: interval[0:00:30], next run at: 2026-02-03 13:54:37 +05)" executed successfully
2026-02-03 13:54:37,034 [INFO] apscheduler.executors.default: Running job "Scheduler._check_invoices_job (trigger: interval[0:00:30], next run at: 2026-02-03 13:55:07 +05)" (scheduled at 2026-02-03 13:54:37.017036+05:00)
2026-02-03 13:54:37,034 [INFO] apscheduler.executors.default: Running job "Scheduler._broadcast_job (trigger: interval[0:01:00], next run at: 2026-02-03 13:55:37 +05)" (scheduled at 2026-02-03 13:54:37.018036+05:00)
2026-02-03 13:54:37,035 [INFO] apscheduler.executors.default: Running job "Scheduler._hold_and_overdue_job (trigger: interval[0:01:00], next run at: 2026-02-03 13:55:37 +05)" (scheduled at 2026-02-03 13:54:37.018036+05:00)
2026-02-03 13:54:37,036 [INFO] apscheduler.executors.default: Job "Scheduler._broadcast_job (trigger: interval[0:01:00], next run at: 2026-02-03 13:55:37 +05)" executed successfully
2026-02-03 13:54:37,036 [INFO] apscheduler.executors.default: Job "Scheduler._hold_and_overdue_job (trigger: interval[0:01:00], next run at: 2026-02-03 13:55:37 +05)" executed successfully
2026-02-03 13:54:37,251 [INFO] apscheduler.executors.default: Job "Scheduler._check_invoices_job (trigger: interval[0:00:30], next run at: 2026-02-03 13:55:07 +05)" executed successfully
2026-02-03 13:55:07,022 [INFO] apscheduler.executors.default: Running job "Scheduler._check_invoices_job (trigger: interval[0:00:30], next run at: 2026-02-03 13:55:37 +05)" (scheduled at 2026-02-03 13:55:07.017036+05:00)
2026-02-03 13:55:07,269 [INFO] apscheduler.executors.default: Job "Scheduler._check_invoices_job (trigger: interval[0:00:30], next run at: 2026-02-03 13:55:37 +05)" executed successfully
2026-02-03 13:55:37,035 [INFO] apscheduler.executors.default: Running job "Scheduler._check_invoices_job (trigger: interval[0:00:30], next run at: 2026-02-03 13:56:07 +05)" (scheduled at 2026-02-03 13:55:37.017036+05:00)
2026-02-03 13:55:37,035 [INFO] apscheduler.executors.default: Running job "Scheduler._broadcast_job (trigger: interval[0:01:00], next run at: 2026-02-03 13:56:37 +05)" (scheduled at 2026-02-03 13:55:37.018036+05:00)
2026-02-03 13:55:37,036 [INFO] apscheduler.executors.default: Running job "Scheduler._hold_and_overdue_job (trigger: interval[0:01:00], next run at: 2026-02-03 13:56:37 +05)" (scheduled at 2026-02-03 13:55:37.018036+05:00)
2026-02-03 13:55:37,036 [INFO] apscheduler.executors.default: Job "Scheduler._broadcast_job (trigger: interval[0:01:00], next run at: 2026-02-03 13:56:37 +05)" executed successfully
2026-02-03 13:55:37,037 [INFO] apscheduler.executors.default: Job "Scheduler._hold_and_overdue_job (trigger: interval[0:01:00], next run at: 2026-02-03 13:56:37 +05)" executed successfully
2026-02-03 13:55:37,260 [INFO] apscheduler.executors.default: Job "Scheduler._check_invoices_job (trigger: interval[0:00:30], next run at: 2026-02-03 13:56:07 +05)" executed successfully
2026-02-03 13:56:07,041 [INFO] apscheduler.executors.default: Running job "Scheduler._check_invoices_job (trigger: interval[0:00:30], next run at: 2026-02-03 13:56:37 +05)" (scheduled at 2026-02-03 13:56:07.017036+05:00)
2026-02-03 13:56:07,262 [INFO] apscheduler.executors.default: Job "Scheduler._check_invoices_job (trigger: interval[0:00:30], next run at: 2026-02-03 13:56:37 +05)" executed successfully
2026-02-03 13:56:37,026 [INFO] apscheduler.executors.default: Running job "Scheduler._check_invoices_job (trigger: interval[0:00:30], next run at: 2026-02-03 13:57:07 +05)" (scheduled at 2026-02-03 13:56:37.017036+05:00)
2026-02-03 13:56:37,026 [INFO] apscheduler.executors.default: Running job "Scheduler._broadcast_job (trigger: interval[0:01:00], next run at: 2026-02-03 13:57:37 +05)" (scheduled at 2026-02-03 13:56:37.018036+05:00)
2026-02-03 13:56:37,027 [INFO] apscheduler.executors.default: Running job "Scheduler._hold_and_overdue_job (trigger: interval[0:01:00], next run at: 2026-02-03 13:57:37 +05)" (scheduled at 2026-02-03 13:56:37.018036+05:00)
2026-02-03 13:56:37,028 [INFO] apscheduler.executors.default: Job "Scheduler._broadcast_job (trigger: interval[0:01:00], next run at: 2026-02-03 13:57:37 +05)" executed successfully
2026-02-03 13:56:37,028 [INFO] apscheduler.executors.default: Job "Scheduler._hold_and_overdue_job (trigger: interval[0:01:00], next run at: 2026-02-03 13:57:37 +05)" executed successfully
2026-02-03 13:56:37,622 [INFO] apscheduler.executors.default: Job "Scheduler._check_invoices_job (trigger: interval[0:00:30], next run at: 2026-02-03 13:57:07 +05)" executed successfully
2026-02-03 13:57:07,034 [INFO] apscheduler.executors.default: Running job "Scheduler._check_invoices_job (trigger: interval[0:00:30], next run at: 2026-02-03 13:57:37 +05)" (scheduled at 2026-02-03 13:57:07.017036+05:00)
2026-02-03 13:57:07,273 [INFO] apscheduler.executors.default: Job "Scheduler._check_invoices_job (trigger: interval[0:00:30], next run at: 2026-02-03 13:57:37 +05)" executed successfully
2026-02-03 13:57:37,022 [INFO] apscheduler.executors.default: Running job "Scheduler._check_invoices_job (trigger: interval[0:00:30], next run at: 2026-02-03 13:58:07 +05)" (scheduled at 2026-02-03 13:57:37.017036+05:00)
2026-02-03 13:57:37,022 [INFO] apscheduler.executors.default: Running job "Scheduler._broadcast_job (trigger: interval[0:01:00], next run at: 2026-02-03 13:58:37 +05)" (scheduled at 2026-02-03 13:57:37.018036+05:00)
2026-02-03 13:57:37,023 [INFO] apscheduler.executors.default: Running job "Scheduler._hold_and_overdue_job (trigger: interval[0:01:00], next run at: 2026-02-03 13:58:37 +05)" (scheduled at 2026-02-03 13:57:37.018036+05:00)
2026-02-03 13:57:37,024 [INFO] apscheduler.executors.default: Job "Scheduler._broadcast_job (trigger: interval[0:01:00], next run at: 2026-02-03 13:58:37 +05)" executed successfully
2026-02-03 13:57:37,025 [INFO] apscheduler.executors.default: Job "Scheduler._hold_and_overdue_job (trigger: interval[0:01:00], next run at: 2026-02-03 13:58:37 +05)" executed successfully
2026-02-03 13:57:37,280 [INFO] apscheduler.executors.default: Job "Scheduler._check_invoices_job (trigger: interval[0:00:30], next run at: 2026-02-03 13:58:07 +05)" executed successfully
2026-02-03 13:58:07,030 [INFO] apscheduler.executors.default: Running job "Scheduler._check_invoices_job (trigger: interval[0:00:30], next run at: 2026-02-03 13:58:37 +05)" (scheduled at 2026-02-03 13:58:07.017036+05:00)
2026-02-03 13:58:07,325 [INFO] apscheduler.executors.default: Job "Scheduler._check_invoices_job (trigger: interval[0:00:30], next run at: 2026-02-03 13:58:37 +05)" executed successfully
2026-02-03 13:58:37,028 [INFO] apscheduler.executors.default: Running job "Scheduler._check_invoices_job (trigger: interval[0:00:30], next run at: 2026-02-03 13:59:07 +05)" (scheduled at 2026-02-03 13:58:37.017036+05:00)
2026-02-03 13:58:37,028 [INFO] apscheduler.executors.default: Running job "Scheduler._broadcast_job (trigger: interval[0:01:00], next run at: 2026-02-03 13:59:37 +05)" (scheduled at 2026-02-03 13:58:37.018036+05:00)
2026-02-03 13:58:37,029 [INFO] apscheduler.executors.default: Running job "Scheduler._hold_and_overdue_job (trigger: interval[0:01:00], next run at: 2026-02-03 13:59:37 +05)" (scheduled at 2026-02-03 13:58:37.018036+05:00)
2026-02-03 13:58:37,030 [INFO] apscheduler.executors.default: Job "Scheduler._broadcast_job (trigger: interval[0:01:00], next run at: 2026-02-03 13:59:37 +05)" executed successfully
2026-02-03 13:58:37,030 [INFO] apscheduler.executors.default: Job "Scheduler._hold_and_overdue_job (trigger: interval[0:01:00], next run at: 2026-02-03 13:59:37 +05)" executed successfully
2026-02-03 13:58:37,284 [INFO] apscheduler.executors.default: Job "Scheduler._check_invoices_job (trigger: interval[0:00:30], next run at: 2026-02-03 13:59:07 +05)" executed successfully
2026-02-03 13:59:07,018 [INFO] apscheduler.executors.default: Running job "Scheduler._check_invoices_job (trigger: interval[0:00:30], next run at: 2026-02-03 13:59:37 +05)" (scheduled at 2026-02-03 13:59:07.017036+05:00)
2026-02-03 13:59:07,280 [INFO] apscheduler.executors.default: Job "Scheduler._check_invoices_job (trigger: interval[0:00:30], next run at: 2026-02-03 13:59:37 +05)" executed successfully
2026-02-03 13:59:37,024 [INFO] apscheduler.executors.default: Running job "Scheduler._check_invoices_job (trigger: interval[0:00:30], next run at: 2026-02-03 14:00:07 +05)" (scheduled at 2026-02-03 13:59:37.017036+05:00)
2026-02-03 13:59:37,024 [INFO] apscheduler.executors.default: Running job "Scheduler._broadcast_job (trigger: interval[0:01:00], next run at: 2026-02-03 14:00:37 +05)" (scheduled at 2026-02-03 13:59:37.018036+05:00)
2026-02-03 13:59:37,025 [INFO] apscheduler.executors.default: Running job "Scheduler._hold_and_overdue_job (trigger: interval[0:01:00], next run at: 2026-02-03 14:00:37 +05)" (scheduled at 2026-02-03 13:59:37.018036+05:00)
2026-02-03 13:59:37,026 [INFO] apscheduler.executors.default: Job "Scheduler._broadcast_job (trigger: interval[0:01:00], next run at: 2026-02-03 14:00:37 +05)" executed successfully
2026-02-03 13:59:37,026 [INFO] apscheduler.executors.default: Job "Scheduler._hold_and_overdue_job (trigger: interval[0:01:00], next run at: 2026-02-03 14:00:37 +05)" executed successfully
2026-02-03 13:59:37,238 [INFO] apscheduler.executors.default: Job "Scheduler._check_invoices_job (trigger: interval[0:00:30], next run at: 2026-02-03 14:00:07 +05)" executed successfully
2026-02-03 14:00:07,021 [INFO] apscheduler.executors.default: Running job "Scheduler._check_invoices_job (trigger: interval[0:00:30], next run at: 2026-02-03 14:00:37 +05)" (scheduled at 2026-02-03 14:00:07.017036+05:00)
2026-02-03 14:00:07,250 [INFO] apscheduler.executors.default: Job "Scheduler._check_invoices_job (trigger: interval[0:00:30], next run at: 2026-02-03 14:00:37 +05)" executed successfully
2026-02-03 14:00:37,034 [INFO] apscheduler.executors.default: Running job "Scheduler._check_invoices_job (trigger: interval[0:00:30], next run at: 2026-02-03 14:01:07 +05)" (scheduled at 2026-02-03 14:00:37.017036+05:00)
2026-02-03 14:00:37,034 [INFO] apscheduler.executors.default: Running job "Scheduler._broadcast_job (trigger: interval[0:01:00], next run at: 2026-02-03 14:01:37 +05)" (scheduled at 2026-02-03 14:00:37.018036+05:00)
2026-02-03 14:00:37,035 [INFO] apscheduler.executors.default: Running job "Scheduler._hold_and_overdue_job (trigger: interval[0:01:00], next run at: 2026-02-03 14:01:37 +05)" (scheduled at 2026-02-03 14:00:37.018036+05:00)
2026-02-03 14:00:37,036 [INFO] apscheduler.executors.default: Job "Scheduler._broadcast_job (trigger: interval[0:01:00], next run at: 2026-02-03 14:01:37 +05)" executed successfully
2026-02-03 14:00:37,036 [INFO] apscheduler.executors.default: Job "Scheduler._hold_and_overdue_job (trigger: interval[0:01:00], next run at: 2026-02-03 14:01:37 +05)" executed successfully
2026-02-03 14:00:37,268 [INFO] apscheduler.executors.default: Job "Scheduler._check_invoices_job (trigger: interval[0:00:30], next run at: 2026-02-03 14:01:07 +05)" executed successfully
2026-02-03 14:01:07,019 [INFO] apscheduler.executors.default: Running job "Scheduler._check_invoices_job (trigger: interval[0:00:30], next run at: 2026-02-03 14:01:37 +05)" (scheduled at 2026-02-03 14:01:07.017036+05:00)
2026-02-03 14:01:07,239 [INFO] apscheduler.executors.default: Job "Scheduler._check_invoices_job (trigger: interval[0:00:30], next run at: 2026-02-03 14:01:37 +05)" executed successfully
2026-02-03 14:01:37,030 [INFO] apscheduler.executors.default: Running job "Scheduler._check_invoices_job (trigger: interval[0:00:30], next run at: 2026-02-03 14:02:07 +05)" (scheduled at 2026-02-03 14:01:37.017036+05:00)
2026-02-03 14:01:37,031 [INFO] apscheduler.executors.default: Running job "Scheduler._broadcast_job (trigger: interval[0:01:00], next run at: 2026-02-03 14:02:37 +05)" (scheduled at 2026-02-03 14:01:37.018036+05:00)
2026-02-03 14:01:37,031 [INFO] apscheduler.executors.default: Running job "Scheduler._hold_and_overdue_job (trigger: interval[0:01:00], next run at: 2026-02-03 14:02:37 +05)" (scheduled at 2026-02-03 14:01:37.018036+05:00)
2026-02-03 14:01:37,032 [INFO] apscheduler.executors.default: Job "Scheduler._broadcast_job (trigger: interval[0:01:00], next run at: 2026-02-03 14:02:37 +05)" executed successfully
2026-02-03 14:01:37,032 [INFO] apscheduler.executors.default: Job "Scheduler._hold_and_overdue_job (trigger: interval[0:01:00], next run at: 2026-02-03 14:02:37 +05)" executed successfully
2026-02-03 14:01:41,171 [INFO] apscheduler.executors.default: Job "Scheduler._check_invoices_job (trigger: interval[0:00:30], next run at: 2026-02-03 14:02:07 +05)" executed successfully
2026-02-03 14:02:07,028 [INFO] apscheduler.executors.default: Running job "Scheduler._check_invoices_job (trigger: interval[0:00:30], next run at: 2026-02-03 14:02:37 +05)" (scheduled at 2026-02-03 14:02:07.017036+05:00)
2026-02-03 14:02:09,685 [INFO] apscheduler.executors.default: Job "Scheduler._check_invoices_job (trigger: interval[0:00:30], next run at: 2026-02-03 14:02:37 +05)" executed successfully
2026-02-03 14:02:37,021 [INFO] apscheduler.executors.default: Running job "Scheduler._check_invoices_job (trigger: interval[0:00:30], next run at: 2026-02-03 14:03:07 +05)" (scheduled at 2026-02-03 14:02:37.017036+05:00)
2026-02-03 14:02:37,021 [INFO] apscheduler.executors.default: Running job "Scheduler._broadcast_job (trigger: interval[0:01:00], next run at: 2026-02-03 14:03:37 +05)" (scheduled at 2026-02-03 14:02:37.018036+05:00)
2026-02-03 14:02:37,022 [INFO] apscheduler.executors.default: Running job "Scheduler._hold_and_overdue_job (trigger: interval[0:01:00], next run at: 2026-02-03 14:03:37 +05)" (scheduled at 2026-02-03 14:02:37.018036+05:00)
2026-02-03 14:02:37,023 [INFO] apscheduler.executors.default: Job "Scheduler._broadcast_job (trigger: interval[0:01:00], next run at: 2026-02-03 14:03:37 +05)" executed successfully
2026-02-03 14:02:37,023 [INFO] apscheduler.executors.default: Job "Scheduler._hold_and_overdue_job (trigger: interval[0:01:00], next run at: 2026-02-03 14:03:37 +05)" executed successfully
2026-02-03 14:02:38,826 [INFO] apscheduler.executors.default: Job "Scheduler._check_invoices_job (trigger: interval[0:00:30], next run at: 2026-02-03 14:03:07 +05)" executed successfully
2026-02-03 14:03:07,029 [INFO] apscheduler.executors.default: Running job "Scheduler._check_invoices_job (trigger: interval[0:00:30], next run at: 2026-02-03 14:03:37 +05)" (scheduled at 2026-02-03 14:03:07.017036+05:00)
2026-02-03 14:03:07,352 [INFO] apscheduler.executors.default: Job "Scheduler._check_invoices_job (trigger: interval[0:00:30], next run at: 2026-02-03 14:03:37 +05)" executed successfully
2026-02-03 14:03:37,029 [INFO] apscheduler.executors.default: Running job "Scheduler._check_invoices_job (trigger: interval[0:00:30], next run at: 2026-02-03 14:04:07 +05)" (scheduled at 2026-02-03 14:03:37.017036+05:00)
2026-02-03 14:03:37,029 [INFO] apscheduler.executors.default: Running job "Scheduler._broadcast_job (trigger: interval[0:01:00], next run at: 2026-02-03 14:04:37 +05)" (scheduled at 2026-02-03 14:03:37.018036+05:00)
2026-02-03 14:03:37,030 [INFO] apscheduler.executors.default: Running job "Scheduler._hold_and_overdue_job (trigger: interval[0:01:00], next run at: 2026-02-03 14:04:37 +05)" (scheduled at 2026-02-03 14:03:37.018036+05:00)
2026-02-03 14:03:37,030 [INFO] apscheduler.executors.default: Job "Scheduler._broadcast_job (trigger: interval[0:01:00], next run at: 2026-02-03 14:04:37 +05)" executed successfully
2026-02-03 14:03:37,031 [INFO] apscheduler.executors.default: Job "Scheduler._hold_and_overdue_job (trigger: interval[0:01:00], next run at: 2026-02-03 14:04:37 +05)" executed successfully
2026-02-03 14:03:37,254 [INFO] apscheduler.executors.default: Job "Scheduler._check_invoices_job (trigger: interval[0:00:30], next run at: 2026-02-03 14:04:07 +05)" executed successfully
2026-02-03 14:04:07,028 [INFO] apscheduler.executors.default: Running job "Scheduler._check_invoices_job (trigger: interval[0:00:30], next run at: 2026-02-03 14:04:37 +05)" (scheduled at 2026-02-03 14:04:07.017036+05:00)
2026-02-03 14:04:07,886 [INFO] apscheduler.executors.default: Job "Scheduler._check_invoices_job (trigger: interval[0:00:30], next run at: 2026-02-03 14:04:37 +05)" executed successfully
2026-02-03 14:04:37,019 [INFO] apscheduler.executors.default: Running job "Scheduler._check_invoices_job (trigger: interval[0:00:30], next run at: 2026-02-03 14:05:07 +05)" (scheduled at 2026-02-03 14:04:37.017036+05:00)
2026-02-03 14:04:37,019 [INFO] apscheduler.executors.default: Running job "Scheduler._broadcast_job (trigger: interval[0:01:00], next run at: 2026-02-03 14:05:37 +05)" (scheduled at 2026-02-03 14:04:37.018036+05:00)
2026-02-03 14:04:37,020 [INFO] apscheduler.executors.default: Running job "Scheduler._hold_and_overdue_job (trigger: interval[0:01:00], next run at: 2026-02-03 14:05:37 +05)" (scheduled at 2026-02-03 14:04:37.018036+05:00)
2026-02-03 14:04:37,020 [INFO] apscheduler.executors.default: Job "Scheduler._broadcast_job (trigger: interval[0:01:00], next run at: 2026-02-03 14:05:37 +05)" executed successfully
2026-02-03 14:04:37,021 [INFO] apscheduler.executors.default: Job "Scheduler._hold_and_overdue_job (trigger: interval[0:01:00], next run at: 2026-02-03 14:05:37 +05)" executed successfully
2026-02-03 14:04:37,387 [INFO] apscheduler.executors.default: Job "Scheduler._check_invoices_job (trigger: interval[0:00:30], next run at: 2026-02-03 14:05:07 +05)" executed successfully
2026-02-03 14:05:07,033 [INFO] apscheduler.executors.default: Running job "Scheduler._check_invoices_job (trigger: interval[0:00:30], next run at: 2026-02-03 14:05:37 +05)" (scheduled at 2026-02-03 14:05:07.017036+05:00)
2026-02-03 14:05:07,428 [INFO] apscheduler.executors.default: Job "Scheduler._check_invoices_job (trigger: interval[0:00:30], next run at: 2026-02-03 14:05:37 +05)" executed successfully
2026-02-03 14:05:37,021 [INFO] apscheduler.executors.default: Running job "Scheduler._check_invoices_job (trigger: interval[0:00:30], next run at: 2026-02-03 14:06:07 +05)" (scheduled at 2026-02-03 14:05:37.017036+05:00)
2026-02-03 14:05:37,022 [INFO] apscheduler.executors.default: Running job "Scheduler._broadcast_job (trigger: interval[0:01:00], next run at: 2026-02-03 14:06:37 +05)" (scheduled at 2026-02-03 14:05:37.018036+05:00)
2026-02-03 14:05:37,022 [INFO] apscheduler.executors.default: Running job "Scheduler._hold_and_overdue_job (trigger: interval[0:01:00], next run at: 2026-02-03 14:06:37 +05)" (scheduled at 2026-02-03 14:05:37.018036+05:00)
2026-02-03 14:05:37,023 [INFO] apscheduler.executors.default: Job "Scheduler._broadcast_job (trigger: interval[0:01:00], next run at: 2026-02-03 14:06:37 +05)" executed successfully
2026-02-03 14:05:37,024 [INFO] apscheduler.executors.default: Job "Scheduler._hold_and_overdue_job (trigger: interval[0:01:00], next run at: 2026-02-03 14:06:37 +05)" executed successfully
2026-02-03 14:05:37,260 [INFO] apscheduler.executors.default: Job "Scheduler._check_invoices_job (trigger: interval[0:00:30], next run at: 2026-02-03 14:06:07 +05)" executed successfully
2026-02-03 14:06:07,036 [INFO] apscheduler.executors.default: Running job "Scheduler._check_invoices_job (trigger: interval[0:00:30], next run at: 2026-02-03 14:06:37 +05)" (scheduled at 2026-02-03 14:06:07.017036+05:00)
2026-02-03 14:06:07,257 [INFO] apscheduler.executors.default: Job "Scheduler._check_invoices_job (trigger: interval[0:00:30], next run at: 2026-02-03 14:06:37 +05)" executed successfully
2026-02-03 14:06:37,026 [INFO] apscheduler.executors.default: Running job "Scheduler._check_invoices_job (trigger: interval[0:00:30], next run at: 2026-02-03 14:07:07 +05)" (scheduled at 2026-02-03 14:06:37.017036+05:00)
2026-02-03 14:06:37,026 [INFO] apscheduler.executors.default: Running job "Scheduler._broadcast_job (trigger: interval[0:01:00], next run at: 2026-02-03 14:07:37 +05)" (scheduled at 2026-02-03 14:06:37.018036+05:00)
2026-02-03 14:06:37,027 [INFO] apscheduler.executors.default: Running job "Scheduler._hold_and_overdue_job (trigger: interval[0:01:00], next run at: 2026-02-03 14:07:37 +05)" (scheduled at 2026-02-03 14:06:37.018036+05:00)
2026-02-03 14:06:37,028 [INFO] apscheduler.executors.default: Job "Scheduler._broadcast_job (trigger: interval[0:01:00], next run at: 2026-02-03 14:07:37 +05)" executed successfully
2026-02-03 14:06:37,028 [INFO] apscheduler.executors.default: Job "Scheduler._hold_and_overdue_job (trigger: interval[0:01:00], next run at: 2026-02-03 14:07:37 +05)" executed successfully
2026-02-03 14:06:37,324 [INFO] apscheduler.executors.default: Job "Scheduler._check_invoices_job (trigger: interval[0:00:30], next run at: 2026-02-03 14:07:07 +05)" executed successfully
2026-02-03 14:07:07,035 [INFO] apscheduler.executors.default: Running job "Scheduler._check_invoices_job (trigger: interval[0:00:30], next run at: 2026-02-03 14:07:37 +05)" (scheduled at 2026-02-03 14:07:07.017036+05:00)
2026-02-03 14:07:07,250 [INFO] apscheduler.executors.default: Job "Scheduler._check_invoices_job (trigger: interval[0:00:30], next run at: 2026-02-03 14:07:37 +05)" executed successfully
2026-02-03 14:07:37,031 [INFO] apscheduler.executors.default: Running job "Scheduler._check_invoices_job (trigger: interval[0:00:30], next run at: 2026-02-03 14:08:07 +05)" (scheduled at 2026-02-03 14:07:37.017036+05:00)
2026-02-03 14:07:37,032 [INFO] apscheduler.executors.default: Running job "Scheduler._broadcast_job (trigger: interval[0:01:00], next run at: 2026-02-03 14:08:37 +05)" (scheduled at 2026-02-03 14:07:37.018036+05:00)
2026-02-03 14:07:37,032 [INFO] apscheduler.executors.default: Running job "Scheduler._hold_and_overdue_job (trigger: interval[0:01:00], next run at: 2026-02-03 14:08:37 +05)" (scheduled at 2026-02-03 14:07:37.018036+05:00)
2026-02-03 14:07:37,033 [INFO] apscheduler.executors.default: Job "Scheduler._broadcast_job (trigger: interval[0:01:00], next run at: 2026-02-03 14:08:37 +05)" executed successfully
2026-02-03 14:07:37,034 [INFO] apscheduler.executors.default: Job "Scheduler._hold_and_overdue_job (trigger: interval[0:01:00], next run at: 2026-02-03 14:08:37 +05)" executed successfully
2026-02-03 14:07:37,493 [INFO] apscheduler.executors.default: Job "Scheduler._check_invoices_job (trigger: interval[0:00:30], next run at: 2026-02-03 14:08:07 +05)" executed successfully
2026-02-03 14:08:07,023 [INFO] apscheduler.executors.default: Running job "Scheduler._check_invoices_job (trigger: interval[0:00:30], next run at: 2026-02-03 14:08:37 +05)" (scheduled at 2026-02-03 14:08:07.017036+05:00)
2026-02-03 14:08:07,578 [INFO] apscheduler.executors.default: Job "Scheduler._check_invoices_job (trigger: interval[0:00:30], next run at: 2026-02-03 14:08:37 +05)" executed successfully
2026-02-03 14:08:37,030 [INFO] apscheduler.executors.default: Running job "Scheduler._check_invoices_job (trigger: interval[0:00:30], next run at: 2026-02-03 14:09:07 +05)" (scheduled at 2026-02-03 14:08:37.017036+05:00)
2026-02-03 14:08:37,030 [INFO] apscheduler.executors.default: Running job "Scheduler._broadcast_job (trigger: interval[0:01:00], next run at: 2026-02-03 14:09:37 +05)" (scheduled at 2026-02-03 14:08:37.018036+05:00)
2026-02-03 14:08:37,031 [INFO] apscheduler.executors.default: Running job "Scheduler._hold_and_overdue_job (trigger: interval[0:01:00], next run at: 2026-02-03 14:09:37 +05)" (scheduled at 2026-02-03 14:08:37.018036+05:00)
2026-02-03 14:08:37,032 [INFO] apscheduler.executors.default: Job "Scheduler._broadcast_job (trigger: interval[0:01:00], next run at: 2026-02-03 14:09:37 +05)" executed successfully
2026-02-03 14:08:37,032 [INFO] apscheduler.executors.default: Job "Scheduler._hold_and_overdue_job (trigger: interval[0:01:00], next run at: 2026-02-03 14:09:37 +05)" executed successfully
2026-02-03 14:08:37,463 [INFO] apscheduler.executors.default: Job "Scheduler._check_invoices_job (trigger: interval[0:00:30], next run at: 2026-02-03 14:09:07 +05)" executed successfully
2026-02-03 14:09:07,028 [INFO] apscheduler.executors.default: Running job "Scheduler._check_invoices_job (trigger: interval[0:00:30], next run at: 2026-02-03 14:09:37 +05)" (scheduled at 2026-02-03 14:09:07.017036+05:00)
2026-02-03 14:09:07,239 [INFO] apscheduler.executors.default: Job "Scheduler._check_invoices_job (trigger: interval[0:00:30], next run at: 2026-02-03 14:09:37 +05)" executed successfully
2026-02-03 14:09:37,029 [INFO] apscheduler.executors.default: Running job "Scheduler._check_invoices_job (trigger: interval[0:00:30], next run at: 2026-02-03 14:10:07 +05)" (scheduled at 2026-02-03 14:09:37.017036+05:00)
2026-02-03 14:09:37,029 [INFO] apscheduler.executors.default: Running job "Scheduler._broadcast_job (trigger: interval[0:01:00], next run at: 2026-02-03 14:10:37 +05)" (scheduled at 2026-02-03 14:09:37.018036+05:00)
2026-02-03 14:09:37,030 [INFO] apscheduler.executors.default: Running job "Scheduler._hold_and_overdue_job (trigger: interval[0:01:00], next run at: 2026-02-03 14:10:37 +05)" (scheduled at 2026-02-03 14:09:37.018036+05:00)
2026-02-03 14:09:37,031 [INFO] apscheduler.executors.default: Job "Scheduler._broadcast_job (trigger: interval[0:01:00], next run at: 2026-02-03 14:10:37 +05)" executed successfully
2026-02-03 14:09:37,031 [INFO] apscheduler.executors.default: Job "Scheduler._hold_and_overdue_job (trigger: interval[0:01:00], next run at: 2026-02-03 14:10:37 +05)" executed successfully
2026-02-03 14:09:37,514 [INFO] apscheduler.executors.default: Job "Scheduler._check_invoices_job (trigger: interval[0:00:30], next run at: 2026-02-03 14:10:07 +05)" executed successfully
2026-02-03 14:10:07,025 [INFO] apscheduler.executors.default: Running job "Scheduler._check_invoices_job (trigger: interval[0:00:30], next run at: 2026-02-03 14:10:37 +05)" (scheduled at 2026-02-03 14:10:07.017036+05:00)
2026-02-03 14:10:07,237 [INFO] apscheduler.executors.default: Job "Scheduler._check_invoices_job (trigger: interval[0:00:30], next run at: 2026-02-03 14:10:37 +05)" executed successfully
2026-02-03 14:10:37,033 [INFO] apscheduler.executors.default: Running job "Scheduler._check_invoices_job (trigger: interval[0:00:30], next run at: 2026-02-03 14:11:07 +05)" (scheduled at 2026-02-03 14:10:37.017036+05:00)
2026-02-03 14:10:37,033 [INFO] apscheduler.executors.default: Running job "Scheduler._broadcast_job (trigger: interval[0:01:00], next run at: 2026-02-03 14:11:37 +05)" (scheduled at 2026-02-03 14:10:37.018036+05:00)
2026-02-03 14:10:37,034 [INFO] apscheduler.executors.default: Running job "Scheduler._hold_and_overdue_job (trigger: interval[0:01:00], next run at: 2026-02-03 14:11:37 +05)" (scheduled at 2026-02-03 14:10:37.018036+05:00)
2026-02-03 14:10:37,035 [INFO] apscheduler.executors.default: Job "Scheduler._broadcast_job (trigger: interval[0:01:00], next run at: 2026-02-03 14:11:37 +05)" executed successfully
2026-02-03 14:10:37,035 [INFO] apscheduler.executors.default: Job "Scheduler._hold_and_overdue_job (trigger: interval[0:01:00], next run at: 2026-02-03 14:11:37 +05)" executed successfully
2026-02-03 14:10:37,384 [INFO] apscheduler.executors.default: Job "Scheduler._check_invoices_job (trigger: interval[0:00:30], next run at: 2026-02-03 14:11:07 +05)" executed successfully
2026-02-03 14:11:07,021 [INFO] apscheduler.executors.default: Running job "Scheduler._check_invoices_job (trigger: interval[0:00:30], next run at: 2026-02-03 14:11:37 +05)" (scheduled at 2026-02-03 14:11:07.017036+05:00)
2026-02-03 14:11:07,337 [INFO] apscheduler.executors.default: Job "Scheduler._check_invoices_job (trigger: interval[0:00:30], next run at: 2026-02-03 14:11:37 +05)" executed successfully
2026-02-03 14:11:37,034 [INFO] apscheduler.executors.default: Running job "Scheduler._check_invoices_job (trigger: interval[0:00:30], next run at: 2026-02-03 14:12:07 +05)" (scheduled at 2026-02-03 14:11:37.017036+05:00)
2026-02-03 14:11:37,035 [INFO] apscheduler.executors.default: Running job "Scheduler._broadcast_job (trigger: interval[0:01:00], next run at: 2026-02-03 14:12:37 +05)" (scheduled at 2026-02-03 14:11:37.018036+05:00)
2026-02-03 14:11:37,035 [INFO] apscheduler.executors.default: Running job "Scheduler._hold_and_overdue_job (trigger: interval[0:01:00], next run at: 2026-02-03 14:12:37 +05)" (scheduled at 2026-02-03 14:11:37.018036+05:00)
2026-02-03 14:11:37,036 [INFO] apscheduler.executors.default: Job "Scheduler._broadcast_job (trigger: interval[0:01:00], next run at: 2026-02-03 14:12:37 +05)" executed successfully
2026-02-03 14:11:37,037 [INFO] apscheduler.executors.default: Job "Scheduler._hold_and_overdue_job (trigger: interval[0:01:00], next run at: 2026-02-03 14:12:37 +05)" executed successfully
2026-02-03 14:11:37,291 [INFO] apscheduler.executors.default: Job "Scheduler._check_invoices_job (trigger: interval[0:00:30], next run at: 2026-02-03 14:12:07 +05)" executed successfully
2026-02-03 14:12:07,028 [INFO] apscheduler.executors.default: Running job "Scheduler._check_invoices_job (trigger: interval[0:00:30], next run at: 2026-02-03 14:12:37 +05)" (scheduled at 2026-02-03 14:12:07.017036+05:00)
2026-02-03 14:12:07,242 [INFO] apscheduler.executors.default: Job "Scheduler._check_invoices_job (trigger: interval[0:00:30], next run at: 2026-02-03 14:12:37 +05)" executed successfully
2026-02-03 14:12:37,027 [INFO] apscheduler.executors.default: Running job "Scheduler._check_invoices_job (trigger: interval[0:00:30], next run at: 2026-02-03 14:13:07 +05)" (scheduled at 2026-02-03 14:12:37.017036+05:00)
2026-02-03 14:12:37,027 [INFO] apscheduler.executors.default: Running job "Scheduler._broadcast_job (trigger: interval[0:01:00], next run at: 2026-02-03 14:13:37 +05)" (scheduled at 2026-02-03 14:12:37.018036+05:00)
2026-02-03 14:12:37,028 [INFO] apscheduler.executors.default: Running job "Scheduler._hold_and_overdue_job (trigger: interval[0:01:00], next run at: 2026-02-03 14:13:37 +05)" (scheduled at 2026-02-03 14:12:37.018036+05:00)
2026-02-03 14:12:37,029 [INFO] apscheduler.executors.default: Job "Scheduler._broadcast_job (trigger: interval[0:01:00], next run at: 2026-02-03 14:13:37 +05)" executed successfully
2026-02-03 14:12:37,030 [INFO] apscheduler.executors.default: Job "Scheduler._hold_and_overdue_job (trigger: interval[0:01:00], next run at: 2026-02-03 14:13:37 +05)" executed successfully
2026-02-03 14:12:37,771 [INFO] apscheduler.executors.default: Job "Scheduler._check_invoices_job (trigger: interval[0:00:30], next run at: 2026-02-03 14:13:07 +05)" executed successfully
2026-02-03 14:13:07,031 [INFO] apscheduler.executors.default: Running job "Scheduler._check_invoices_job (trigger: interval[0:00:30], next run at: 2026-02-03 14:13:37 +05)" (scheduled at 2026-02-03 14:13:07.017036+05:00)
2026-02-03 14:13:07,234 [INFO] apscheduler.executors.default: Job "Scheduler._check_invoices_job (trigger: interval[0:00:30], next run at: 2026-02-03 14:13:37 +05)" executed successfully
2026-02-03 14:13:37,023 [INFO] apscheduler.executors.default: Running job "Scheduler._check_invoices_job (trigger: interval[0:00:30], next run at: 2026-02-03 14:14:07 +05)" (scheduled at 2026-02-03 14:13:37.017036+05:00)
2026-02-03 14:13:37,023 [INFO] apscheduler.executors.default: Running job "Scheduler._broadcast_job (trigger: interval[0:01:00], next run at: 2026-02-03 14:14:37 +05)" (scheduled at 2026-02-03 14:13:37.018036+05:00)
2026-02-03 14:13:37,024 [INFO] apscheduler.executors.default: Running job "Scheduler._hold_and_overdue_job (trigger: interval[0:01:00], next run at: 2026-02-03 14:14:37 +05)" (scheduled at 2026-02-03 14:13:37.018036+05:00)
2026-02-03 14:13:37,025 [INFO] apscheduler.executors.default: Job "Scheduler._broadcast_job (trigger: interval[0:01:00], next run at: 2026-02-03 14:14:37 +05)" executed successfully
2026-02-03 14:13:37,025 [INFO] apscheduler.executors.default: Job "Scheduler._hold_and_overdue_job (trigger: interval[0:01:00], next run at: 2026-02-03 14:14:37 +05)" executed successfully
2026-02-03 14:13:37,462 [INFO] apscheduler.executors.default: Job "Scheduler._check_invoices_job (trigger: interval[0:00:30], next run at: 2026-02-03 14:14:07 +05)" executed successfully
2026-02-03 14:14:07,028 [INFO] apscheduler.executors.default: Running job "Scheduler._check_invoices_job (trigger: interval[0:00:30], next run at: 2026-02-03 14:14:37 +05)" (scheduled at 2026-02-03 14:14:07.017036+05:00)
2026-02-03 14:14:07,329 [INFO] apscheduler.executors.default: Job "Scheduler._check_invoices_job (trigger: interval[0:00:30], next run at: 2026-02-03 14:14:37 +05)" executed successfully
2026-02-03 14:14:37,030 [INFO] apscheduler.executors.default: Running job "Scheduler._check_invoices_job (trigger: interval[0:00:30], next run at: 2026-02-03 14:15:07 +05)" (scheduled at 2026-02-03 14:14:37.017036+05:00)
2026-02-03 14:14:37,030 [INFO] apscheduler.executors.default: Running job "Scheduler._broadcast_job (trigger: interval[0:01:00], next run at: 2026-02-03 14:15:37 +05)" (scheduled at 2026-02-03 14:14:37.018036+05:00)
2026-02-03 14:14:37,031 [INFO] apscheduler.executors.default: Running job "Scheduler._hold_and_overdue_job (trigger: interval[0:01:00], next run at: 2026-02-03 14:15:37 +05)" (scheduled at 2026-02-03 14:14:37.018036+05:00)
2026-02-03 14:14:37,032 [INFO] apscheduler.executors.default: Job "Scheduler._broadcast_job (trigger: interval[0:01:00], next run at: 2026-02-03 14:15:37 +05)" executed successfully
2026-02-03 14:14:37,033 [INFO] apscheduler.executors.default: Job "Scheduler._hold_and_overdue_job (trigger: interval[0:01:00], next run at: 2026-02-03 14:15:37 +05)" executed successfully
2026-02-03 14:14:37,305 [INFO] apscheduler.executors.default: Job "Scheduler._check_invoices_job (trigger: interval[0:00:30], next run at: 2026-02-03 14:15:07 +05)" executed successfully
2026-02-03 14:15:07,027 [INFO] apscheduler.executors.default: Running job "Scheduler._check_invoices_job (trigger: interval[0:00:30], next run at: 2026-02-03 14:15:37 +05)" (scheduled at 2026-02-03 14:15:07.017036+05:00)
2026-02-03 14:15:07,278 [INFO] apscheduler.executors.default: Job "Scheduler._check_invoices_job (trigger: interval[0:00:30], next run at: 2026-02-03 14:15:37 +05)" executed successfully
2026-02-03 14:15:37,032 [INFO] apscheduler.executors.default: Running job "Scheduler._check_invoices_job (trigger: interval[0:00:30], next run at: 2026-02-03 14:16:07 +05)" (scheduled at 2026-02-03 14:15:37.017036+05:00)
2026-02-03 14:15:37,033 [INFO] apscheduler.executors.default: Running job "Scheduler._broadcast_job (trigger: interval[0:01:00], next run at: 2026-02-03 14:16:37 +05)" (scheduled at 2026-02-03 14:15:37.018036+05:00)
2026-02-03 14:15:37,033 [INFO] apscheduler.executors.default: Running job "Scheduler._hold_and_overdue_job (trigger: interval[0:01:00], next run at: 2026-02-03 14:16:37 +05)" (scheduled at 2026-02-03 14:15:37.018036+05:00)
2026-02-03 14:15:37,034 [INFO] apscheduler.executors.default: Job "Scheduler._broadcast_job (trigger: interval[0:01:00], next run at: 2026-02-03 14:16:37 +05)" executed successfully
2026-02-03 14:15:37,035 [INFO] apscheduler.executors.default: Job "Scheduler._hold_and_overdue_job (trigger: interval[0:01:00], next run at: 2026-02-03 14:16:37 +05)" executed successfully
2026-02-03 14:15:37,376 [INFO] apscheduler.executors.default: Job "Scheduler._check_invoices_job (trigger: interval[0:00:30], next run at: 2026-02-03 14:16:07 +05)" executed successfully
2026-02-03 14:16:07,025 [INFO] apscheduler.executors.default: Running job "Scheduler._check_invoices_job (trigger: interval[0:00:30], next run at: 2026-02-03 14:16:37 +05)" (scheduled at 2026-02-03 14:16:07.017036+05:00)
2026-02-03 14:16:07,297 [INFO] apscheduler.executors.default: Job "Scheduler._check_invoices_job (trigger: interval[0:00:30], next run at: 2026-02-03 14:16:37 +05)" executed successfully
2026-02-03 14:16:37,025 [INFO] apscheduler.executors.default: Running job "Scheduler._check_invoices_job (trigger: interval[0:00:30], next run at: 2026-02-03 14:17:07 +05)" (scheduled at 2026-02-03 14:16:37.017036+05:00)
2026-02-03 14:16:37,026 [INFO] apscheduler.executors.default: Running job "Scheduler._broadcast_job (trigger: interval[0:01:00], next run at: 2026-02-03 14:17:37 +05)" (scheduled at 2026-02-03 14:16:37.018036+05:00)
2026-02-03 14:16:37,026 [INFO] apscheduler.executors.default: Running job "Scheduler._hold_and_overdue_job (trigger: interval[0:01:00], next run at: 2026-02-03 14:17:37 +05)" (scheduled at 2026-02-03 14:16:37.018036+05:00)
2026-02-03 14:16:37,027 [INFO] apscheduler.executors.default: Job "Scheduler._broadcast_job (trigger: interval[0:01:00], next run at: 2026-02-03 14:17:37 +05)" executed successfully
2026-02-03 14:16:37,028 [INFO] apscheduler.executors.default: Job "Scheduler._hold_and_overdue_job (trigger: interval[0:01:00], next run at: 2026-02-03 14:17:37 +05)" executed successfully
2026-02-03 14:16:37,378 [INFO] apscheduler.executors.default: Job "Scheduler._check_invoices_job (trigger: interval[0:00:30], next run at: 2026-02-03 14:17:07 +05)" executed successfully
2026-02-03 14:17:07,022 [INFO] apscheduler.executors.default: Running job "Scheduler._check_invoices_job (trigger: interval[0:00:30], next run at: 2026-02-03 14:17:37 +05)" (scheduled at 2026-02-03 14:17:07.017036+05:00)
2026-02-03 14:17:07,239 [INFO] apscheduler.executors.default: Job "Scheduler._check_invoices_job (trigger: interval[0:00:30], next run at: 2026-02-03 14:17:37 +05)" executed successfully
2026-02-03 14:17:37,030 [INFO] apscheduler.executors.default: Running job "Scheduler._check_invoices_job (trigger: interval[0:00:30], next run at: 2026-02-03 14:18:07 +05)" (scheduled at 2026-02-03 14:17:37.017036+05:00)
2026-02-03 14:17:37,031 [INFO] apscheduler.executors.default: Running job "Scheduler._broadcast_job (trigger: interval[0:01:00], next run at: 2026-02-03 14:18:37 +05)" (scheduled at 2026-02-03 14:17:37.018036+05:00)
2026-02-03 14:17:37,031 [INFO] apscheduler.executors.default: Running job "Scheduler._hold_and_overdue_job (trigger: interval[0:01:00], next run at: 2026-02-03 14:18:37 +05)" (scheduled at 2026-02-03 14:17:37.018036+05:00)
2026-02-03 14:17:37,032 [INFO] apscheduler.executors.default: Job "Scheduler._broadcast_job (trigger: interval[0:01:00], next run at: 2026-02-03 14:18:37 +05)" executed successfully
2026-02-03 14:17:37,033 [INFO] apscheduler.executors.default: Job "Scheduler._hold_and_overdue_job (trigger: interval[0:01:00], next run at: 2026-02-03 14:18:37 +05)" executed successfully
2026-02-03 14:17:37,251 [INFO] apscheduler.executors.default: Job "Scheduler._check_invoices_job (trigger: interval[0:00:30], next run at: 2026-02-03 14:18:07 +05)" executed successfully
2026-02-03 14:18:07,027 [INFO] apscheduler.executors.default: Running job "Scheduler._check_invoices_job (trigger: interval[0:00:30], next run at: 2026-02-03 14:18:37 +05)" (scheduled at 2026-02-03 14:18:07.017036+05:00)
2026-02-03 14:18:07,278 [INFO] apscheduler.executors.default: Job "Scheduler._check_invoices_job (trigger: interval[0:00:30], next run at: 2026-02-03 14:18:37 +05)" executed successfully
2026-02-03 14:18:37,029 [INFO] apscheduler.executors.default: Running job "Scheduler._check_invoices_job (trigger: interval[0:00:30], next run at: 2026-02-03 14:19:07 +05)" (scheduled at 2026-02-03 14:18:37.017036+05:00)
2026-02-03 14:18:37,030 [INFO] apscheduler.executors.default: Running job "Scheduler._broadcast_job (trigger: interval[0:01:00], next run at: 2026-02-03 14:19:37 +05)" (scheduled at 2026-02-03 14:18:37.018036+05:00)
2026-02-03 14:18:37,030 [INFO] apscheduler.executors.default: Running job "Scheduler._hold_and_overdue_job (trigger: interval[0:01:00], next run at: 2026-02-03 14:19:37 +05)" (scheduled at 2026-02-03 14:18:37.018036+05:00)
2026-02-03 14:18:37,031 [INFO] apscheduler.executors.default: Job "Scheduler._broadcast_job (trigger: interval[0:01:00], next run at: 2026-02-03 14:19:37 +05)" executed successfully
2026-02-03 14:18:37,031 [INFO] apscheduler.executors.default: Job "Scheduler._hold_and_overdue_job (trigger: interval[0:01:00], next run at: 2026-02-03 14:19:37 +05)" executed successfully
2026-02-03 14:18:37,372 [INFO] apscheduler.executors.default: Job "Scheduler._check_invoices_job (trigger: interval[0:00:30], next run at: 2026-02-03 14:19:07 +05)" executed successfully
2026-02-03 14:19:07,027 [INFO] apscheduler.executors.default: Running job "Scheduler._check_invoices_job (trigger: interval[0:00:30], next run at: 2026-02-03 14:19:37 +05)" (scheduled at 2026-02-03 14:19:07.017036+05:00)
2026-02-03 14:19:07,270 [INFO] apscheduler.executors.default: Job "Scheduler._check_invoices_job (trigger: interval[0:00:30], next run at: 2026-02-03 14:19:37 +05)" executed successfully
2026-02-03 14:19:37,029 [INFO] apscheduler.executors.default: Running job "Scheduler._check_invoices_job (trigger: interval[0:00:30], next run at: 2026-02-03 14:20:07 +05)" (scheduled at 2026-02-03 14:19:37.017036+05:00)
2026-02-03 14:19:37,030 [INFO] apscheduler.executors.default: Running job "Scheduler._broadcast_job (trigger: interval[0:01:00], next run at: 2026-02-03 14:20:37 +05)" (scheduled at 2026-02-03 14:19:37.018036+05:00)
2026-02-03 14:19:37,030 [INFO] apscheduler.executors.default: Running job "Scheduler._hold_and_overdue_job (trigger: interval[0:01:00], next run at: 2026-02-03 14:20:37 +05)" (scheduled at 2026-02-03 14:19:37.018036+05:00)
2026-02-03 14:19:37,031 [INFO] apscheduler.executors.default: Job "Scheduler._broadcast_job (trigger: interval[0:01:00], next run at: 2026-02-03 14:20:37 +05)" executed successfully
2026-02-03 14:19:37,032 [INFO] apscheduler.executors.default: Job "Scheduler._hold_and_overdue_job (trigger: interval[0:01:00], next run at: 2026-02-03 14:20:37 +05)" executed successfully
2026-02-03 14:19:37,282 [INFO] apscheduler.executors.default: Job "Scheduler._check_invoices_job (trigger: interval[0:00:30], next run at: 2026-02-03 14:20:07 +05)" executed successfully
2026-02-03 14:20:07,017 [INFO] apscheduler.executors.default: Running job "Scheduler._check_invoices_job (trigger: interval[0:00:30], next run at: 2026-02-03 14:20:37 +05)" (scheduled at 2026-02-03 14:20:07.017036+05:00)
2026-02-03 14:20:07,229 [INFO] apscheduler.executors.default: Job "Scheduler._check_invoices_job (trigger: interval[0:00:30], next run at: 2026-02-03 14:20:37 +05)" executed successfully
2026-02-03 14:20:37,028 [INFO] apscheduler.executors.default: Running job "Scheduler._check_invoices_job (trigger: interval[0:00:30], next run at: 2026-02-03 14:21:07 +05)" (scheduled at 2026-02-03 14:20:37.017036+05:00)
2026-02-03 14:20:37,029 [INFO] apscheduler.executors.default: Running job "Scheduler._broadcast_job (trigger: interval[0:01:00], next run at: 2026-02-03 14:21:37 +05)" (scheduled at 2026-02-03 14:20:37.018036+05:00)
2026-02-03 14:20:37,029 [INFO] apscheduler.executors.default: Running job "Scheduler._hold_and_overdue_job (trigger: interval[0:01:00], next run at: 2026-02-03 14:21:37 +05)" (scheduled at 2026-02-03 14:20:37.018036+05:00)
2026-02-03 14:20:37,030 [INFO] apscheduler.executors.default: Job "Scheduler._broadcast_job (trigger: interval[0:01:00], next run at: 2026-02-03 14:21:37 +05)" executed successfully
2026-02-03 14:20:37,031 [INFO] apscheduler.executors.default: Job "Scheduler._hold_and_overdue_job (trigger: interval[0:01:00], next run at: 2026-02-03 14:21:37 +05)" executed successfully
2026-02-03 14:20:37,250 [INFO] apscheduler.executors.default: Job "Scheduler._check_invoices_job (trigger: interval[0:00:30], next run at: 2026-02-03 14:21:07 +05)" executed successfully
2026-02-03 14:21:07,020 [INFO] apscheduler.executors.default: Running job "Scheduler._check_invoices_job (trigger: interval[0:00:30], next run at: 2026-02-03 14:21:37 +05)" (scheduled at 2026-02-03 14:21:07.017036+05:00)
2026-02-03 14:21:07,268 [INFO] apscheduler.executors.default: Job "Scheduler._check_invoices_job (trigger: interval[0:00:30], next run at: 2026-02-03 14:21:37 +05)" executed successfully
2026-02-03 14:21:37,025 [INFO] apscheduler.executors.default: Running job "Scheduler._check_invoices_job (trigger: interval[0:00:30], next run at: 2026-02-03 14:22:07 +05)" (scheduled at 2026-02-03 14:21:37.017036+05:00)
2026-02-03 14:21:37,026 [INFO] apscheduler.executors.default: Running job "Scheduler._broadcast_job (trigger: interval[0:01:00], next run at: 2026-02-03 14:22:37 +05)" (scheduled at 2026-02-03 14:21:37.018036+05:00)
2026-02-03 14:21:37,026 [INFO] apscheduler.executors.default: Running job "Scheduler._hold_and_overdue_job (trigger: interval[0:01:00], next run at: 2026-02-03 14:22:37 +05)" (scheduled at 2026-02-03 14:21:37.018036+05:00)
2026-02-03 14:21:37,027 [INFO] apscheduler.executors.default: Job "Scheduler._broadcast_job (trigger: interval[0:01:00], next run at: 2026-02-03 14:22:37 +05)" executed successfully
2026-02-03 14:21:37,028 [INFO] apscheduler.executors.default: Job "Scheduler._hold_and_overdue_job (trigger: interval[0:01:00], next run at: 2026-02-03 14:22:37 +05)" executed successfully
2026-02-03 14:21:37,563 [INFO] apscheduler.executors.default: Job "Scheduler._check_invoices_job (trigger: interval[0:00:30], next run at: 2026-02-03 14:22:07 +05)" executed successfully
2026-02-03 14:22:07,022 [INFO] apscheduler.executors.default: Running job "Scheduler._check_invoices_job (trigger: interval[0:00:30], next run at: 2026-02-03 14:22:37 +05)" (scheduled at 2026-02-03 14:22:07.017036+05:00)
2026-02-03 14:22:07,276 [INFO] apscheduler.executors.default: Job "Scheduler._check_invoices_job (trigger: interval[0:00:30], next run at: 2026-02-03 14:22:37 +05)" executed successfully
2026-02-03 14:22:37,032 [INFO] apscheduler.executors.default: Running job "Scheduler._check_invoices_job (trigger: interval[0:00:30], next run at: 2026-02-03 14:23:07 +05)" (scheduled at 2026-02-03 14:22:37.017036+05:00)
2026-02-03 14:22:37,033 [INFO] apscheduler.executors.default: Running job "Scheduler._broadcast_job (trigger: interval[0:01:00], next run at: 2026-02-03 14:23:37 +05)" (scheduled at 2026-02-03 14:22:37.018036+05:00)
2026-02-03 14:22:37,033 [INFO] apscheduler.executors.default: Running job "Scheduler._hold_and_overdue_job (trigger: interval[0:01:00], next run at: 2026-02-03 14:23:37 +05)" (scheduled at 2026-02-03 14:22:37.018036+05:00)
2026-02-03 14:22:37,034 [INFO] apscheduler.executors.default: Job "Scheduler._broadcast_job (trigger: interval[0:01:00], next run at: 2026-02-03 14:23:37 +05)" executed successfully
2026-02-03 14:22:37,034 [INFO] apscheduler.executors.default: Job "Scheduler._hold_and_overdue_job (trigger: interval[0:01:00], next run at: 2026-02-03 14:23:37 +05)" executed successfully
2026-02-03 14:22:37,247 [INFO] apscheduler.executors.default: Job "Scheduler._check_invoices_job (trigger: interval[0:00:30], next run at: 2026-02-03 14:23:07 +05)" executed successfully
2026-02-03 14:23:07,028 [INFO] apscheduler.executors.default: Running job "Scheduler._check_invoices_job (trigger: interval[0:00:30], next run at: 2026-02-03 14:23:37 +05)" (scheduled at 2026-02-03 14:23:07.017036+05:00)
2026-02-03 14:23:07,319 [INFO] apscheduler.executors.default: Job "Scheduler._check_invoices_job (trigger: interval[0:00:30], next run at: 2026-02-03 14:23:37 +05)" executed successfully
2026-02-03 14:23:37,022 [INFO] apscheduler.executors.default: Running job "Scheduler._check_invoices_job (trigger: interval[0:00:30], next run at: 2026-02-03 14:24:07 +05)" (scheduled at 2026-02-03 14:23:37.017036+05:00)
2026-02-03 14:23:37,023 [INFO] apscheduler.executors.default: Running job "Scheduler._broadcast_job (trigger: interval[0:01:00], next run at: 2026-02-03 14:24:37 +05)" (scheduled at 2026-02-03 14:23:37.018036+05:00)
2026-02-03 14:23:37,023 [INFO] apscheduler.executors.default: Running job "Scheduler._hold_and_overdue_job (trigger: interval[0:01:00], next run at: 2026-02-03 14:24:37 +05)" (scheduled at 2026-02-03 14:23:37.018036+05:00)
2026-02-03 14:23:37,024 [INFO] apscheduler.executors.default: Job "Scheduler._broadcast_job (trigger: interval[0:01:00], next run at: 2026-02-03 14:24:37 +05)" executed successfully
2026-02-03 14:23:37,025 [INFO] apscheduler.executors.default: Job "Scheduler._hold_and_overdue_job (trigger: interval[0:01:00], next run at: 2026-02-03 14:24:37 +05)" executed successfully
2026-02-03 14:23:37,245 [INFO] apscheduler.executors.default: Job "Scheduler._check_invoices_job (trigger: interval[0:00:30], next run at: 2026-02-03 14:24:07 +05)" executed successfully
2026-02-03 14:24:07,024 [INFO] apscheduler.executors.default: Running job "Scheduler._check_invoices_job (trigger: interval[0:00:30], next run at: 2026-02-03 14:24:37 +05)" (scheduled at 2026-02-03 14:24:07.017036+05:00)
2026-02-03 14:24:07,322 [INFO] apscheduler.executors.default: Job "Scheduler._check_invoices_job (trigger: interval[0:00:30], next run at: 2026-02-03 14:24:37 +05)" executed successfully
2026-02-03 14:24:37,023 [INFO] apscheduler.executors.default: Running job "Scheduler._check_invoices_job (trigger: interval[0:00:30], next run at: 2026-02-03 14:25:07 +05)" (scheduled at 2026-02-03 14:24:37.017036+05:00)
2026-02-03 14:24:37,024 [INFO] apscheduler.executors.default: Running job "Scheduler._broadcast_job (trigger: interval[0:01:00], next run at: 2026-02-03 14:25:37 +05)" (scheduled at 2026-02-03 14:24:37.018036+05:00)
2026-02-03 14:24:37,024 [INFO] apscheduler.executors.default: Running job "Scheduler._hold_and_overdue_job (trigger: interval[0:01:00], next run at: 2026-02-03 14:25:37 +05)" (scheduled at 2026-02-03 14:24:37.018036+05:00)
2026-02-03 14:24:37,025 [INFO] apscheduler.executors.default: Job "Scheduler._broadcast_job (trigger: interval[0:01:00], next run at: 2026-02-03 14:25:37 +05)" executed successfully
2026-02-03 14:24:37,026 [INFO] apscheduler.executors.default: Job "Scheduler._hold_and_overdue_job (trigger: interval[0:01:00], next run at: 2026-02-03 14:25:37 +05)" executed successfully
2026-02-03 14:24:37,278 [INFO] apscheduler.executors.default: Job "Scheduler._check_invoices_job (trigger: interval[0:00:30], next run at: 2026-02-03 14:25:07 +05)" executed successfully
2026-02-03 14:25:07,033 [INFO] apscheduler.executors.default: Running job "Scheduler._check_invoices_job (trigger: interval[0:00:30], next run at: 2026-02-03 14:25:37 +05)" (scheduled at 2026-02-03 14:25:07.017036+05:00)
2026-02-03 14:25:07,244 [INFO] apscheduler.executors.default: Job "Scheduler._check_invoices_job (trigger: interval[0:00:30], next run at: 2026-02-03 14:25:37 +05)" executed successfully
2026-02-03 14:25:37,031 [INFO] apscheduler.executors.default: Running job "Scheduler._check_invoices_job (trigger: interval[0:00:30], next run at: 2026-02-03 14:26:07 +05)" (scheduled at 2026-02-03 14:25:37.017036+05:00)
2026-02-03 14:25:37,031 [INFO] apscheduler.executors.default: Running job "Scheduler._broadcast_job (trigger: interval[0:01:00], next run at: 2026-02-03 14:26:37 +05)" (scheduled at 2026-02-03 14:25:37.018036+05:00)
2026-02-03 14:25:37,032 [INFO] apscheduler.executors.default: Running job "Scheduler._hold_and_overdue_job (trigger: interval[0:01:00], next run at: 2026-02-03 14:26:37 +05)" (scheduled at 2026-02-03 14:25:37.018036+05:00)
2026-02-03 14:25:37,033 [INFO] apscheduler.executors.default: Job "Scheduler._broadcast_job (trigger: interval[0:01:00], next run at: 2026-02-03 14:26:37 +05)" executed successfully
2026-02-03 14:25:37,033 [INFO] apscheduler.executors.default: Job "Scheduler._hold_and_overdue_job (trigger: interval[0:01:00], next run at: 2026-02-03 14:26:37 +05)" executed successfully
2026-02-03 14:25:37,288 [INFO] apscheduler.executors.default: Job "Scheduler._check_invoices_job (trigger: interval[0:00:30], next run at: 2026-02-03 14:26:07 +05)" executed successfully
2026-02-03 14:26:07,019 [INFO] apscheduler.executors.default: Running job "Scheduler._check_invoices_job (trigger: interval[0:00:30], next run at: 2026-02-03 14:26:37 +05)" (scheduled at 2026-02-03 14:26:07.017036+05:00)
2026-02-03 14:26:07,390 [INFO] apscheduler.executors.default: Job "Scheduler._check_invoices_job (trigger: interval[0:00:30], next run at: 2026-02-03 14:26:37 +05)" executed successfully
2026-02-03 14:26:37,022 [INFO] apscheduler.executors.default: Running job "Scheduler._check_invoices_job (trigger: interval[0:00:30], next run at: 2026-02-03 14:27:07 +05)" (scheduled at 2026-02-03 14:26:37.017036+05:00)
2026-02-03 14:26:37,022 [INFO] apscheduler.executors.default: Running job "Scheduler._broadcast_job (trigger: interval[0:01:00], next run at: 2026-02-03 14:27:37 +05)" (scheduled at 2026-02-03 14:26:37.018036+05:00)
2026-02-03 14:26:37,023 [INFO] apscheduler.executors.default: Running job "Scheduler._hold_and_overdue_job (trigger: interval[0:01:00], next run at: 2026-02-03 14:27:37 +05)" (scheduled at 2026-02-03 14:26:37.018036+05:00)
2026-02-03 14:26:37,024 [INFO] apscheduler.executors.default: Job "Scheduler._broadcast_job (trigger: interval[0:01:00], next run at: 2026-02-03 14:27:37 +05)" executed successfully
2026-02-03 14:26:37,025 [INFO] apscheduler.executors.default: Job "Scheduler._hold_and_overdue_job (trigger: interval[0:01:00], next run at: 2026-02-03 14:27:37 +05)" executed successfully
2026-02-03 14:26:37,247 [INFO] apscheduler.executors.default: Job "Scheduler._check_invoices_job (trigger: interval[0:00:30], next run at: 2026-02-03 14:27:07 +05)" executed successfully
2026-02-03 14:27:07,045 [INFO] apscheduler.executors.default: Running job "Scheduler._check_invoices_job (trigger: interval[0:00:30], next run at: 2026-02-03 14:27:37 +05)" (scheduled at 2026-02-03 14:27:07.017036+05:00)
2026-02-03 14:27:07,287 [INFO] apscheduler.executors.default: Job "Scheduler._check_invoices_job (trigger: interval[0:00:30], next run at: 2026-02-03 14:27:37 +05)" executed successfully
2026-02-03 14:27:37,037 [INFO] apscheduler.executors.default: Running job "Scheduler._check_invoices_job (trigger: interval[0:00:30], next run at: 2026-02-03 14:28:07 +05)" (scheduled at 2026-02-03 14:27:37.017036+05:00)
2026-02-03 14:27:37,037 [INFO] apscheduler.executors.default: Running job "Scheduler._broadcast_job (trigger: interval[0:01:00], next run at: 2026-02-03 14:28:37 +05)" (scheduled at 2026-02-03 14:27:37.018036+05:00)
2026-02-03 14:27:37,038 [INFO] apscheduler.executors.default: Running job "Scheduler._hold_and_overdue_job (trigger: interval[0:01:00], next run at: 2026-02-03 14:28:37 +05)" (scheduled at 2026-02-03 14:27:37.018036+05:00)
2026-02-03 14:27:37,039 [INFO] apscheduler.executors.default: Job "Scheduler._broadcast_job (trigger: interval[0:01:00], next run at: 2026-02-03 14:28:37 +05)" executed successfully
2026-02-03 14:27:37,039 [INFO] apscheduler.executors.default: Job "Scheduler._hold_and_overdue_job (trigger: interval[0:01:00], next run at: 2026-02-03 14:28:37 +05)" executed successfully
2026-02-03 14:27:37,292 [INFO] apscheduler.executors.default: Job "Scheduler._check_invoices_job (trigger: interval[0:00:30], next run at: 2026-02-03 14:28:07 +05)" executed successfully
2026-02-03 14:28:07,029 [INFO] apscheduler.executors.default: Running job "Scheduler._check_invoices_job (trigger: interval[0:00:30], next run at: 2026-02-03 14:28:37 +05)" (scheduled at 2026-02-03 14:28:07.017036+05:00)
2026-02-03 14:28:07,293 [INFO] apscheduler.executors.default: Job "Scheduler._check_invoices_job (trigger: interval[0:00:30], next run at: 2026-02-03 14:28:37 +05)" executed successfully
2026-02-03 14:28:37,022 [INFO] apscheduler.executors.default: Running job "Scheduler._check_invoices_job (trigger: interval[0:00:30], next run at: 2026-02-03 14:29:07 +05)" (scheduled at 2026-02-03 14:28:37.017036+05:00)
2026-02-03 14:28:37,023 [INFO] apscheduler.executors.default: Running job "Scheduler._broadcast_job (trigger: interval[0:01:00], next run at: 2026-02-03 14:29:37 +05)" (scheduled at 2026-02-03 14:28:37.018036+05:00)
2026-02-03 14:28:37,023 [INFO] apscheduler.executors.default: Running job "Scheduler._hold_and_overdue_job (trigger: interval[0:01:00], next run at: 2026-02-03 14:29:37 +05)" (scheduled at 2026-02-03 14:28:37.018036+05:00)
2026-02-03 14:28:37,024 [INFO] apscheduler.executors.default: Job "Scheduler._broadcast_job (trigger: interval[0:01:00], next run at: 2026-02-03 14:29:37 +05)" executed successfully
2026-02-03 14:28:37,025 [INFO] apscheduler.executors.default: Job "Scheduler._hold_and_overdue_job (trigger: interval[0:01:00], next run at: 2026-02-03 14:29:37 +05)" executed successfully
2026-02-03 14:28:37,230 [INFO] apscheduler.executors.default: Job "Scheduler._check_invoices_job (trigger: interval[0:00:30], next run at: 2026-02-03 14:29:07 +05)" executed successfully
2026-02-03 14:29:07,024 [INFO] apscheduler.executors.default: Running job "Scheduler._check_invoices_job (trigger: interval[0:00:30], next run at: 2026-02-03 14:29:37 +05)" (scheduled at 2026-02-03 14:29:07.017036+05:00)
2026-02-03 14:29:07,420 [INFO] apscheduler.executors.default: Job "Scheduler._check_invoices_job (trigger: interval[0:00:30], next run at: 2026-02-03 14:29:37 +05)" executed successfully
2026-02-03 14:29:37,030 [INFO] apscheduler.executors.default: Running job "Scheduler._check_invoices_job (trigger: interval[0:00:30], next run at: 2026-02-03 14:30:07 +05)" (scheduled at 2026-02-03 14:29:37.017036+05:00)
2026-02-03 14:29:37,030 [INFO] apscheduler.executors.default: Running job "Scheduler._broadcast_job (trigger: interval[0:01:00], next run at: 2026-02-03 14:30:37 +05)" (scheduled at 2026-02-03 14:29:37.018036+05:00)
2026-02-03 14:29:37,031 [INFO] apscheduler.executors.default: Running job "Scheduler._hold_and_overdue_job (trigger: interval[0:01:00], next run at: 2026-02-03 14:30:37 +05)" (scheduled at 2026-02-03 14:29:37.018036+05:00)
2026-02-03 14:29:37,032 [INFO] apscheduler.executors.default: Job "Scheduler._broadcast_job (trigger: interval[0:01:00], next run at: 2026-02-03 14:30:37 +05)" executed successfully
2026-02-03 14:29:37,033 [INFO] apscheduler.executors.default: Job "Scheduler._hold_and_overdue_job (trigger: interval[0:01:00], next run at: 2026-02-03 14:30:37 +05)" executed successfully
2026-02-03 14:29:37,281 [INFO] apscheduler.executors.default: Job "Scheduler._check_invoices_job (trigger: interval[0:00:30], next run at: 2026-02-03 14:30:07 +05)" executed successfully
2026-02-03 14:30:07,022 [INFO] apscheduler.executors.default: Running job "Scheduler._check_invoices_job (trigger: interval[0:00:30], next run at: 2026-02-03 14:30:37 +05)" (scheduled at 2026-02-03 14:30:07.017036+05:00)
2026-02-03 14:30:07,259 [INFO] apscheduler.executors.default: Job "Scheduler._check_invoices_job (trigger: interval[0:00:30], next run at: 2026-02-03 14:30:37 +05)" executed successfully
2026-02-03 14:30:37,043 [INFO] apscheduler.executors.default: Running job "Scheduler._check_invoices_job (trigger: interval[0:00:30], next run at: 2026-02-03 14:31:07 +05)" (scheduled at 2026-02-03 14:30:37.017036+05:00)
2026-02-03 14:30:37,044 [INFO] apscheduler.executors.default: Running job "Scheduler._broadcast_job (trigger: interval[0:01:00], next run at: 2026-02-03 14:31:37 +05)" (scheduled at 2026-02-03 14:30:37.018036+05:00)
2026-02-03 14:30:37,044 [INFO] apscheduler.executors.default: Running job "Scheduler._hold_and_overdue_job (trigger: interval[0:01:00], next run at: 2026-02-03 14:31:37 +05)" (scheduled at 2026-02-03 14:30:37.018036+05:00)
2026-02-03 14:30:37,045 [INFO] apscheduler.executors.default: Job "Scheduler._broadcast_job (trigger: interval[0:01:00], next run at: 2026-02-03 14:31:37 +05)" executed successfully
2026-02-03 14:30:37,046 [INFO] apscheduler.executors.default: Job "Scheduler._hold_and_overdue_job (trigger: interval[0:01:00], next run at: 2026-02-03 14:31:37 +05)" executed successfully
2026-02-03 14:30:37,266 [INFO] apscheduler.executors.default: Job "Scheduler._check_invoices_job (trigger: interval[0:00:30], next run at: 2026-02-03 14:31:07 +05)" executed successfully
2026-02-03 14:31:07,028 [INFO] apscheduler.executors.default: Running job "Scheduler._check_invoices_job (trigger: interval[0:00:30], next run at: 2026-02-03 14:31:37 +05)" (scheduled at 2026-02-03 14:31:07.017036+05:00)
2026-02-03 14:31:07,240 [INFO] apscheduler.executors.default: Job "Scheduler._check_invoices_job (trigger: interval[0:00:30], next run at: 2026-02-03 14:31:37 +05)" executed successfully
2026-02-03 14:31:37,032 [INFO] apscheduler.executors.default: Running job "Scheduler._check_invoices_job (trigger: interval[0:00:30], next run at: 2026-02-03 14:32:07 +05)" (scheduled at 2026-02-03 14:31:37.017036+05:00)
2026-02-03 14:31:37,033 [INFO] apscheduler.executors.default: Running job "Scheduler._broadcast_job (trigger: interval[0:01:00], next run at: 2026-02-03 14:32:37 +05)" (scheduled at 2026-02-03 14:31:37.018036+05:00)
2026-02-03 14:31:37,033 [INFO] apscheduler.executors.default: Running job "Scheduler._hold_and_overdue_job (trigger: interval[0:01:00], next run at: 2026-02-03 14:32:37 +05)" (scheduled at 2026-02-03 14:31:37.018036+05:00)
2026-02-03 14:31:37,034 [INFO] apscheduler.executors.default: Job "Scheduler._broadcast_job (trigger: interval[0:01:00], next run at: 2026-02-03 14:32:37 +05)" executed successfully
2026-02-03 14:31:37,035 [INFO] apscheduler.executors.default: Job "Scheduler._hold_and_overdue_job (trigger: interval[0:01:00], next run at: 2026-02-03 14:32:37 +05)" executed successfully
2026-02-03 14:31:37,394 [INFO] apscheduler.executors.default: Job "Scheduler._check_invoices_job (trigger: interval[0:00:30], next run at: 2026-02-03 14:32:07 +05)" executed successfully
2026-02-03 14:32:07,029 [INFO] apscheduler.executors.default: Running job "Scheduler._check_invoices_job (trigger: interval[0:00:30], next run at: 2026-02-03 14:32:37 +05)" (scheduled at 2026-02-03 14:32:07.017036+05:00)
2026-02-03 14:32:07,460 [INFO] apscheduler.executors.default: Job "Scheduler._check_invoices_job (trigger: interval[0:00:30], next run at: 2026-02-03 14:32:37 +05)" executed successfully
2026-02-03 14:32:37,028 [INFO] apscheduler.executors.default: Running job "Scheduler._check_invoices_job (trigger: interval[0:00:30], next run at: 2026-02-03 14:33:07 +05)" (scheduled at 2026-02-03 14:32:37.017036+05:00)
2026-02-03 14:32:37,029 [INFO] apscheduler.executors.default: Running job "Scheduler._broadcast_job (trigger: interval[0:01:00], next run at: 2026-02-03 14:33:37 +05)" (scheduled at 2026-02-03 14:32:37.018036+05:00)
2026-02-03 14:32:37,029 [INFO] apscheduler.executors.default: Running job "Scheduler._hold_and_overdue_job (trigger: interval[0:01:00], next run at: 2026-02-03 14:33:37 +05)" (scheduled at 2026-02-03 14:32:37.018036+05:00)
2026-02-03 14:32:37,030 [INFO] apscheduler.executors.default: Job "Scheduler._broadcast_job (trigger: interval[0:01:00], next run at: 2026-02-03 14:33:37 +05)" executed successfully
2026-02-03 14:32:37,031 [INFO] apscheduler.executors.default: Job "Scheduler._hold_and_overdue_job (trigger: interval[0:01:00], next run at: 2026-02-03 14:33:37 +05)" executed successfully
2026-02-03 14:32:37,269 [INFO] apscheduler.executors.default: Job "Scheduler._check_invoices_job (trigger: interval[0:00:30], next run at: 2026-02-03 14:33:07 +05)" executed successfully
2026-02-03 14:33:07,020 [INFO] apscheduler.executors.default: Running job "Scheduler._check_invoices_job (trigger: interval[0:00:30], next run at: 2026-02-03 14:33:37 +05)" (scheduled at 2026-02-03 14:33:07.017036+05:00)
2026-02-03 14:33:07,418 [INFO] apscheduler.executors.default: Job "Scheduler._check_invoices_job (trigger: interval[0:00:30], next run at: 2026-02-03 14:33:37 +05)" executed successfully
2026-02-03 14:33:37,039 [INFO] apscheduler.executors.default: Running job "Scheduler._check_invoices_job (trigger: interval[0:00:30], next run at: 2026-02-03 14:34:07 +05)" (scheduled at 2026-02-03 14:33:37.017036+05:00)
2026-02-03 14:33:37,039 [INFO] apscheduler.executors.default: Running job "Scheduler._broadcast_job (trigger: interval[0:01:00], next run at: 2026-02-03 14:34:37 +05)" (scheduled at 2026-02-03 14:33:37.018036+05:00)
2026-02-03 14:33:37,040 [INFO] apscheduler.executors.default: Running job "Scheduler._hold_and_overdue_job (trigger: interval[0:01:00], next run at: 2026-02-03 14:34:37 +05)" (scheduled at 2026-02-03 14:33:37.018036+05:00)
2026-02-03 14:33:37,041 [INFO] apscheduler.executors.default: Job "Scheduler._broadcast_job (trigger: interval[0:01:00], next run at: 2026-02-03 14:34:37 +05)" executed successfully
2026-02-03 14:33:37,041 [INFO] apscheduler.executors.default: Job "Scheduler._hold_and_overdue_job (trigger: interval[0:01:00], next run at: 2026-02-03 14:34:37 +05)" executed successfully
2026-02-03 14:33:37,451 [INFO] apscheduler.executors.default: Job "Scheduler._check_invoices_job (trigger: interval[0:00:30], next run at: 2026-02-03 14:34:07 +05)" executed successfully
2026-02-03 14:34:07,030 [INFO] apscheduler.executors.default: Running job "Scheduler._check_invoices_job (trigger: interval[0:00:30], next run at: 2026-02-03 14:34:37 +05)" (scheduled at 2026-02-03 14:34:07.017036+05:00)
2026-02-03 14:34:07,287 [INFO] apscheduler.executors.default: Job "Scheduler._check_invoices_job (trigger: interval[0:00:30], next run at: 2026-02-03 14:34:37 +05)" executed successfully
2026-02-03 14:34:37,018 [INFO] apscheduler.executors.default: Running job "Scheduler._check_invoices_job (trigger: interval[0:00:30], next run at: 2026-02-03 14:35:07 +05)" (scheduled at 2026-02-03 14:34:37.017036+05:00)
2026-02-03 14:34:37,019 [INFO] apscheduler.executors.default: Running job "Scheduler._broadcast_job (trigger: interval[0:01:00], next run at: 2026-02-03 14:35:37 +05)" (scheduled at 2026-02-03 14:34:37.018036+05:00)
2026-02-03 14:34:37,019 [INFO] apscheduler.executors.default: Running job "Scheduler._hold_and_overdue_job (trigger: interval[0:01:00], next run at: 2026-02-03 14:35:37 +05)" (scheduled at 2026-02-03 14:34:37.018036+05:00)
2026-02-03 14:34:37,021 [INFO] apscheduler.executors.default: Job "Scheduler._broadcast_job (trigger: interval[0:01:00], next run at: 2026-02-03 14:35:37 +05)" executed successfully
2026-02-03 14:34:37,022 [INFO] apscheduler.executors.default: Job "Scheduler._hold_and_overdue_job (trigger: interval[0:01:00], next run at: 2026-02-03 14:35:37 +05)" executed successfully
2026-02-03 14:34:37,257 [INFO] apscheduler.executors.default: Job "Scheduler._check_invoices_job (trigger: interval[0:00:30], next run at: 2026-02-03 14:35:07 +05)" executed successfully
2026-02-03 14:35:07,026 [INFO] apscheduler.executors.default: Running job "Scheduler._check_invoices_job (trigger: interval[0:00:30], next run at: 2026-02-03 14:35:37 +05)" (scheduled at 2026-02-03 14:35:07.017036+05:00)
2026-02-03 14:35:07,255 [INFO] apscheduler.executors.default: Job "Scheduler._check_invoices_job (trigger: interval[0:00:30], next run at: 2026-02-03 14:35:37 +05)" executed successfully
2026-02-03 14:35:37,025 [INFO] apscheduler.executors.default: Running job "Scheduler._check_invoices_job (trigger: interval[0:00:30], next run at: 2026-02-03 14:36:07 +05)" (scheduled at 2026-02-03 14:35:37.017036+05:00)
2026-02-03 14:35:37,026 [INFO] apscheduler.executors.default: Running job "Scheduler._broadcast_job (trigger: interval[0:01:00], next run at: 2026-02-03 14:36:37 +05)" (scheduled at 2026-02-03 14:35:37.018036+05:00)
2026-02-03 14:35:37,026 [INFO] apscheduler.executors.default: Running job "Scheduler._hold_and_overdue_job (trigger: interval[0:01:00], next run at: 2026-02-03 14:36:37 +05)" (scheduled at 2026-02-03 14:35:37.018036+05:00)
2026-02-03 14:35:37,027 [INFO] apscheduler.executors.default: Job "Scheduler._broadcast_job (trigger: interval[0:01:00], next run at: 2026-02-03 14:36:37 +05)" executed successfully
2026-02-03 14:35:37,028 [INFO] apscheduler.executors.default: Job "Scheduler._hold_and_overdue_job (trigger: interval[0:01:00], next run at: 2026-02-03 14:36:37 +05)" executed successfully
2026-02-03 14:35:37,290 [INFO] apscheduler.executors.default: Job "Scheduler._check_invoices_job (trigger: interval[0:00:30], next run at: 2026-02-03 14:36:07 +05)" executed successfully
2026-02-03 14:36:07,020 [INFO] apscheduler.executors.default: Running job "Scheduler._check_invoices_job (trigger: interval[0:00:30], next run at: 2026-02-03 14:36:37 +05)" (scheduled at 2026-02-03 14:36:07.017036+05:00)
2026-02-03 14:36:07,239 [INFO] apscheduler.executors.default: Job "Scheduler._check_invoices_job (trigger: interval[0:00:30], next run at: 2026-02-03 14:36:37 +05)" executed successfully
2026-02-03 14:36:37,032 [INFO] apscheduler.executors.default: Running job "Scheduler._check_invoices_job (trigger: interval[0:00:30], next run at: 2026-02-03 14:37:07 +05)" (scheduled at 2026-02-03 14:36:37.017036+05:00)
2026-02-03 14:36:37,033 [INFO] apscheduler.executors.default: Running job "Scheduler._broadcast_job (trigger: interval[0:01:00], next run at: 2026-02-03 14:37:37 +05)" (scheduled at 2026-02-03 14:36:37.018036+05:00)
2026-02-03 14:36:37,033 [INFO] apscheduler.executors.default: Running job "Scheduler._hold_and_overdue_job (trigger: interval[0:01:00], next run at: 2026-02-03 14:37:37 +05)" (scheduled at 2026-02-03 14:36:37.018036+05:00)
2026-02-03 14:36:37,034 [INFO] apscheduler.executors.default: Job "Scheduler._broadcast_job (trigger: interval[0:01:00], next run at: 2026-02-03 14:37:37 +05)" executed successfully
2026-02-03 14:36:37,034 [INFO] apscheduler.executors.default: Job "Scheduler._hold_and_overdue_job (trigger: interval[0:01:00], next run at: 2026-02-03 14:37:37 +05)" executed successfully
2026-02-03 14:36:37,406 [INFO] apscheduler.executors.default: Job "Scheduler._check_invoices_job (trigger: interval[0:00:30], next run at: 2026-02-03 14:37:07 +05)" executed successfully
2026-02-03 14:37:07,033 [INFO] apscheduler.executors.default: Running job "Scheduler._check_invoices_job (trigger: interval[0:00:30], next run at: 2026-02-03 14:37:37 +05)" (scheduled at 2026-02-03 14:37:07.017036+05:00)
2026-02-03 14:37:07,273 [INFO] apscheduler.executors.default: Job "Scheduler._check_invoices_job (trigger: interval[0:00:30], next run at: 2026-02-03 14:37:37 +05)" executed successfully
2026-02-03 14:37:37,031 [INFO] apscheduler.executors.default: Running job "Scheduler._check_invoices_job (trigger: interval[0:00:30], next run at: 2026-02-03 14:38:07 +05)" (scheduled at 2026-02-03 14:37:37.017036+05:00)
2026-02-03 14:37:37,032 [INFO] apscheduler.executors.default: Running job "Scheduler._broadcast_job (trigger: interval[0:01:00], next run at: 2026-02-03 14:38:37 +05)" (scheduled at 2026-02-03 14:37:37.018036+05:00)
2026-02-03 14:37:37,032 [INFO] apscheduler.executors.default: Running job "Scheduler._hold_and_overdue_job (trigger: interval[0:01:00], next run at: 2026-02-03 14:38:37 +05)" (scheduled at 2026-02-03 14:37:37.018036+05:00)
2026-02-03 14:37:37,033 [INFO] apscheduler.executors.default: Job "Scheduler._broadcast_job (trigger: interval[0:01:00], next run at: 2026-02-03 14:38:37 +05)" executed successfully
2026-02-03 14:37:37,034 [INFO] apscheduler.executors.default: Job "Scheduler._hold_and_overdue_job (trigger: interval[0:01:00], next run at: 2026-02-03 14:38:37 +05)" executed successfully
2026-02-03 14:37:37,392 [INFO] apscheduler.executors.default: Job "Scheduler._check_invoices_job (trigger: interval[0:00:30], next run at: 2026-02-03 14:38:07 +05)" executed successfully
2026-02-03 14:38:07,026 [INFO] apscheduler.executors.default: Running job "Scheduler._check_invoices_job (trigger: interval[0:00:30], next run at: 2026-02-03 14:38:37 +05)" (scheduled at 2026-02-03 14:38:07.017036+05:00)
2026-02-03 14:38:07,241 [INFO] apscheduler.executors.default: Job "Scheduler._check_invoices_job (trigger: interval[0:00:30], next run at: 2026-02-03 14:38:37 +05)" executed successfully
2026-02-03 14:38:37,022 [INFO] apscheduler.executors.default: Running job "Scheduler._check_invoices_job (trigger: interval[0:00:30], next run at: 2026-02-03 14:39:07 +05)" (scheduled at 2026-02-03 14:38:37.017036+05:00)
2026-02-03 14:38:37,022 [INFO] apscheduler.executors.default: Running job "Scheduler._broadcast_job (trigger: interval[0:01:00], next run at: 2026-02-03 14:39:37 +05)" (scheduled at 2026-02-03 14:38:37.018036+05:00)
2026-02-03 14:38:37,023 [INFO] apscheduler.executors.default: Running job "Scheduler._hold_and_overdue_job (trigger: interval[0:01:00], next run at: 2026-02-03 14:39:37 +05)" (scheduled at 2026-02-03 14:38:37.018036+05:00)
2026-02-03 14:38:37,024 [INFO] apscheduler.executors.default: Job "Scheduler._broadcast_job (trigger: interval[0:01:00], next run at: 2026-02-03 14:39:37 +05)" executed successfully
2026-02-03 14:38:37,024 [INFO] apscheduler.executors.default: Job "Scheduler._hold_and_overdue_job (trigger: interval[0:01:00], next run at: 2026-02-03 14:39:37 +05)" executed successfully
2026-02-03 14:38:37,257 [INFO] apscheduler.executors.default: Job "Scheduler._check_invoices_job (trigger: interval[0:00:30], next run at: 2026-02-03 14:39:07 +05)" executed successfully
2026-02-03 14:39:07,031 [INFO] apscheduler.executors.default: Running job "Scheduler._check_invoices_job (trigger: interval[0:00:30], next run at: 2026-02-03 14:39:37 +05)" (scheduled at 2026-02-03 14:39:07.017036+05:00)
2026-02-03 14:39:07,267 [INFO] apscheduler.executors.default: Job "Scheduler._check_invoices_job (trigger: interval[0:00:30], next run at: 2026-02-03 14:39:37 +05)" executed successfully
2026-02-03 14:39:37,023 [INFO] apscheduler.executors.default: Running job "Scheduler._check_invoices_job (trigger: interval[0:00:30], next run at: 2026-02-03 14:40:07 +05)" (scheduled at 2026-02-03 14:39:37.017036+05:00)
2026-02-03 14:39:37,023 [INFO] apscheduler.executors.default: Running job "Scheduler._broadcast_job (trigger: interval[0:01:00], next run at: 2026-02-03 14:40:37 +05)" (scheduled at 2026-02-03 14:39:37.018036+05:00)
2026-02-03 14:39:37,024 [INFO] apscheduler.executors.default: Running job "Scheduler._hold_and_overdue_job (trigger: interval[0:01:00], next run at: 2026-02-03 14:40:37 +05)" (scheduled at 2026-02-03 14:39:37.018036+05:00)
2026-02-03 14:39:37,025 [INFO] apscheduler.executors.default: Job "Scheduler._broadcast_job (trigger: interval[0:01:00], next run at: 2026-02-03 14:40:37 +05)" executed successfully
2026-02-03 14:39:37,025 [INFO] apscheduler.executors.default: Job "Scheduler._hold_and_overdue_job (trigger: interval[0:01:00], next run at: 2026-02-03 14:40:37 +05)" executed successfully
2026-02-03 14:39:37,544 [INFO] apscheduler.executors.default: Job "Scheduler._check_invoices_job (trigger: interval[0:00:30], next run at: 2026-02-03 14:40:07 +05)" executed successfully
2026-02-03 14:40:07,028 [INFO] apscheduler.executors.default: Running job "Scheduler._check_invoices_job (trigger: interval[0:00:30], next run at: 2026-02-03 14:40:37 +05)" (scheduled at 2026-02-03 14:40:07.017036+05:00)
2026-02-03 14:40:07,330 [INFO] apscheduler.executors.default: Job "Scheduler._check_invoices_job (trigger: interval[0:00:30], next run at: 2026-02-03 14:40:37 +05)" executed successfully
2026-02-03 14:40:37,021 [INFO] apscheduler.executors.default: Running job "Scheduler._check_invoices_job (trigger: interval[0:00:30], next run at: 2026-02-03 14:41:07 +05)" (scheduled at 2026-02-03 14:40:37.017036+05:00)
2026-02-03 14:40:37,022 [INFO] apscheduler.executors.default: Running job "Scheduler._broadcast_job (trigger: interval[0:01:00], next run at: 2026-02-03 14:41:37 +05)" (scheduled at 2026-02-03 14:40:37.018036+05:00)
2026-02-03 14:40:37,022 [INFO] apscheduler.executors.default: Running job "Scheduler._hold_and_overdue_job (trigger: interval[0:01:00], next run at: 2026-02-03 14:41:37 +05)" (scheduled at 2026-02-03 14:40:37.018036+05:00)
2026-02-03 14:40:37,023 [INFO] apscheduler.executors.default: Job "Scheduler._broadcast_job (trigger: interval[0:01:00], next run at: 2026-02-03 14:41:37 +05)" executed successfully
2026-02-03 14:40:37,023 [INFO] apscheduler.executors.default: Job "Scheduler._hold_and_overdue_job (trigger: interval[0:01:00], next run at: 2026-02-03 14:41:37 +05)" executed successfully
2026-02-03 14:40:37,247 [INFO] apscheduler.executors.default: Job "Scheduler._check_invoices_job (trigger: interval[0:00:30], next run at: 2026-02-03 14:41:07 +05)" executed successfully
2026-02-03 14:41:07,027 [INFO] apscheduler.executors.default: Running job "Scheduler._check_invoices_job (trigger: interval[0:00:30], next run at: 2026-02-03 14:41:37 +05)" (scheduled at 2026-02-03 14:41:07.017036+05:00)
2026-02-03 14:41:07,368 [INFO] apscheduler.executors.default: Job "Scheduler._check_invoices_job (trigger: interval[0:00:30], next run at: 2026-02-03 14:41:37 +05)" executed successfully
2026-02-03 14:41:37,036 [INFO] apscheduler.executors.default: Running job "Scheduler._check_invoices_job (trigger: interval[0:00:30], next run at: 2026-02-03 14:42:07 +05)" (scheduled at 2026-02-03 14:41:37.017036+05:00)
2026-02-03 14:41:37,036 [INFO] apscheduler.executors.default: Running job "Scheduler._broadcast_job (trigger: interval[0:01:00], next run at: 2026-02-03 14:42:37 +05)" (scheduled at 2026-02-03 14:41:37.018036+05:00)
2026-02-03 14:41:37,037 [INFO] apscheduler.executors.default: Running job "Scheduler._hold_and_overdue_job (trigger: interval[0:01:00], next run at: 2026-02-03 14:42:37 +05)" (scheduled at 2026-02-03 14:41:37.018036+05:00)
2026-02-03 14:41:37,038 [INFO] apscheduler.executors.default: Job "Scheduler._broadcast_job (trigger: interval[0:01:00], next run at: 2026-02-03 14:42:37 +05)" executed successfully
2026-02-03 14:41:37,038 [INFO] apscheduler.executors.default: Job "Scheduler._hold_and_overdue_job (trigger: interval[0:01:00], next run at: 2026-02-03 14:42:37 +05)" executed successfully
2026-02-03 14:41:37,282 [INFO] apscheduler.executors.default: Job "Scheduler._check_invoices_job (trigger: interval[0:00:30], next run at: 2026-02-03 14:42:07 +05)" executed successfully
2026-02-03 14:42:07,024 [INFO] apscheduler.executors.default: Running job "Scheduler._check_invoices_job (trigger: interval[0:00:30], next run at: 2026-02-03 14:42:37 +05)" (scheduled at 2026-02-03 14:42:07.017036+05:00)
2026-02-03 14:42:07,260 [INFO] apscheduler.executors.default: Job "Scheduler._check_invoices_job (trigger: interval[0:00:30], next run at: 2026-02-03 14:42:37 +05)" executed successfully
2026-02-03 14:42:37,019 [INFO] apscheduler.executors.default: Running job "Scheduler._check_invoices_job (trigger: interval[0:00:30], next run at: 2026-02-03 14:43:07 +05)" (scheduled at 2026-02-03 14:42:37.017036+05:00)
2026-02-03 14:42:37,019 [INFO] apscheduler.executors.default: Running job "Scheduler._broadcast_job (trigger: interval[0:01:00], next run at: 2026-02-03 14:43:37 +05)" (scheduled at 2026-02-03 14:42:37.018036+05:00)
2026-02-03 14:42:37,020 [INFO] apscheduler.executors.default: Running job "Scheduler._hold_and_overdue_job (trigger: interval[0:01:00], next run at: 2026-02-03 14:43:37 +05)" (scheduled at 2026-02-03 14:42:37.018036+05:00)
2026-02-03 14:42:37,021 [INFO] apscheduler.executors.default: Job "Scheduler._broadcast_job (trigger: interval[0:01:00], next run at: 2026-02-03 14:43:37 +05)" executed successfully
2026-02-03 14:42:37,021 [INFO] apscheduler.executors.default: Job "Scheduler._hold_and_overdue_job (trigger: interval[0:01:00], next run at: 2026-02-03 14:43:37 +05)" executed successfully
2026-02-03 14:42:37,431 [INFO] apscheduler.executors.default: Job "Scheduler._check_invoices_job (trigger: interval[0:00:30], next run at: 2026-02-03 14:43:07 +05)" executed successfully
2026-02-03 14:43:07,020 [INFO] apscheduler.executors.default: Running job "Scheduler._check_invoices_job (trigger: interval[0:00:30], next run at: 2026-02-03 14:43:37 +05)" (scheduled at 2026-02-03 14:43:07.017036+05:00)
2026-02-03 14:43:07,282 [INFO] apscheduler.executors.default: Job "Scheduler._check_invoices_job (trigger: interval[0:00:30], next run at: 2026-02-03 14:43:37 +05)" executed successfully
2026-02-03 14:43:37,027 [INFO] apscheduler.executors.default: Running job "Scheduler._check_invoices_job (trigger: interval[0:00:30], next run at: 2026-02-03 14:44:07 +05)" (scheduled at 2026-02-03 14:43:37.017036+05:00)
2026-02-03 14:43:37,028 [INFO] apscheduler.executors.default: Running job "Scheduler._broadcast_job (trigger: interval[0:01:00], next run at: 2026-02-03 14:44:37 +05)" (scheduled at 2026-02-03 14:43:37.018036+05:00)
2026-02-03 14:43:37,028 [INFO] apscheduler.executors.default: Running job "Scheduler._hold_and_overdue_job (trigger: interval[0:01:00], next run at: 2026-02-03 14:44:37 +05)" (scheduled at 2026-02-03 14:43:37.018036+05:00)
2026-02-03 14:43:37,029 [INFO] apscheduler.executors.default: Job "Scheduler._broadcast_job (trigger: interval[0:01:00], next run at: 2026-02-03 14:44:37 +05)" executed successfully
2026-02-03 14:43:37,030 [INFO] apscheduler.executors.default: Job "Scheduler._hold_and_overdue_job (trigger: interval[0:01:00], next run at: 2026-02-03 14:44:37 +05)" executed successfully
2026-02-03 14:43:37,339 [INFO] apscheduler.executors.default: Job "Scheduler._check_invoices_job (trigger: interval[0:00:30], next run at: 2026-02-03 14:44:07 +05)" executed successfully
2026-02-03 14:44:07,019 [INFO] apscheduler.executors.default: Running job "Scheduler._check_invoices_job (trigger: interval[0:00:30], next run at: 2026-02-03 14:44:37 +05)" (scheduled at 2026-02-03 14:44:07.017036+05:00)
2026-02-03 14:44:07,243 [INFO] apscheduler.executors.default: Job "Scheduler._check_invoices_job (trigger: interval[0:00:30], next run at: 2026-02-03 14:44:37 +05)" executed successfully
2026-02-03 14:44:37,035 [INFO] apscheduler.executors.default: Running job "Scheduler._check_invoices_job (trigger: interval[0:00:30], next run at: 2026-02-03 14:45:07 +05)" (scheduled at 2026-02-03 14:44:37.017036+05:00)
2026-02-03 14:44:37,036 [INFO] apscheduler.executors.default: Running job "Scheduler._broadcast_job (trigger: interval[0:01:00], next run at: 2026-02-03 14:45:37 +05)" (scheduled at 2026-02-03 14:44:37.018036+05:00)
2026-02-03 14:44:37,036 [INFO] apscheduler.executors.default: Running job "Scheduler._hold_and_overdue_job (trigger: interval[0:01:00], next run at: 2026-02-03 14:45:37 +05)" (scheduled at 2026-02-03 14:44:37.018036+05:00)
2026-02-03 14:44:37,037 [INFO] apscheduler.executors.default: Job "Scheduler._broadcast_job (trigger: interval[0:01:00], next run at: 2026-02-03 14:45:37 +05)" executed successfully
2026-02-03 14:44:37,038 [INFO] apscheduler.executors.default: Job "Scheduler._hold_and_overdue_job (trigger: interval[0:01:00], next run at: 2026-02-03 14:45:37 +05)" executed successfully
2026-02-03 14:44:37,291 [INFO] apscheduler.executors.default: Job "Scheduler._check_invoices_job (trigger: interval[0:00:30], next run at: 2026-02-03 14:45:07 +05)" executed successfully
2026-02-03 14:45:07,030 [INFO] apscheduler.executors.default: Running job "Scheduler._check_invoices_job (trigger: interval[0:00:30], next run at: 2026-02-03 14:45:37 +05)" (scheduled at 2026-02-03 14:45:07.017036+05:00)
2026-02-03 14:45:07,246 [INFO] apscheduler.executors.default: Job "Scheduler._check_invoices_job (trigger: interval[0:00:30], next run at: 2026-02-03 14:45:37 +05)" executed successfully
2026-02-03 14:45:37,022 [INFO] apscheduler.executors.default: Running job "Scheduler._check_invoices_job (trigger: interval[0:00:30], next run at: 2026-02-03 14:46:07 +05)" (scheduled at 2026-02-03 14:45:37.017036+05:00)
2026-02-03 14:45:37,023 [INFO] apscheduler.executors.default: Running job "Scheduler._broadcast_job (trigger: interval[0:01:00], next run at: 2026-02-03 14:46:37 +05)" (scheduled at 2026-02-03 14:45:37.018036+05:00)
2026-02-03 14:45:37,023 [INFO] apscheduler.executors.default: Running job "Scheduler._hold_and_overdue_job (trigger: interval[0:01:00], next run at: 2026-02-03 14:46:37 +05)" (scheduled at 2026-02-03 14:45:37.018036+05:00)
2026-02-03 14:45:37,024 [INFO] apscheduler.executors.default: Job "Scheduler._broadcast_job (trigger: interval[0:01:00], next run at: 2026-02-03 14:46:37 +05)" executed successfully
2026-02-03 14:45:37,025 [INFO] apscheduler.executors.default: Job "Scheduler._hold_and_overdue_job (trigger: interval[0:01:00], next run at: 2026-02-03 14:46:37 +05)" executed successfully
2026-02-03 14:45:37,311 [INFO] apscheduler.executors.default: Job "Scheduler._check_invoices_job (trigger: interval[0:00:30], next run at: 2026-02-03 14:46:07 +05)" executed successfully
2026-02-03 14:46:07,042 [INFO] apscheduler.executors.default: Running job "Scheduler._check_invoices_job (trigger: interval[0:00:30], next run at: 2026-02-03 14:46:37 +05)" (scheduled at 2026-02-03 14:46:07.017036+05:00)
2026-02-03 14:46:07,281 [INFO] apscheduler.executors.default: Job "Scheduler._check_invoices_job (trigger: interval[0:00:30], next run at: 2026-02-03 14:46:37 +05)" executed successfully
2026-02-03 14:46:37,029 [INFO] apscheduler.executors.default: Running job "Scheduler._check_invoices_job (trigger: interval[0:00:30], next run at: 2026-02-03 14:47:07 +05)" (scheduled at 2026-02-03 14:46:37.017036+05:00)
2026-02-03 14:46:37,029 [INFO] apscheduler.executors.default: Running job "Scheduler._broadcast_job (trigger: interval[0:01:00], next run at: 2026-02-03 14:47:37 +05)" (scheduled at 2026-02-03 14:46:37.018036+05:00)
2026-02-03 14:46:37,030 [INFO] apscheduler.executors.default: Running job "Scheduler._hold_and_overdue_job (trigger: interval[0:01:00], next run at: 2026-02-03 14:47:37 +05)" (scheduled at 2026-02-03 14:46:37.018036+05:00)
2026-02-03 14:46:37,031 [INFO] apscheduler.executors.default: Job "Scheduler._broadcast_job (trigger: interval[0:01:00], next run at: 2026-02-03 14:47:37 +05)" executed successfully
2026-02-03 14:46:37,031 [INFO] apscheduler.executors.default: Job "Scheduler._hold_and_overdue_job (trigger: interval[0:01:00], next run at: 2026-02-03 14:47:37 +05)" executed successfully
2026-02-03 14:46:37,307 [INFO] apscheduler.executors.default: Job "Scheduler._check_invoices_job (trigger: interval[0:00:30], next run at: 2026-02-03 14:47:07 +05)" executed successfully
2026-02-03 14:47:07,023 [INFO] apscheduler.executors.default: Running job "Scheduler._check_invoices_job (trigger: interval[0:00:30], next run at: 2026-02-03 14:47:37 +05)" (scheduled at 2026-02-03 14:47:07.017036+05:00)
2026-02-03 14:47:07,817 [INFO] apscheduler.executors.default: Job "Scheduler._check_invoices_job (trigger: interval[0:00:30], next run at: 2026-02-03 14:47:37 +05)" executed successfully
2026-02-03 14:47:37,041 [INFO] apscheduler.executors.default: Running job "Scheduler._check_invoices_job (trigger: interval[0:00:30], next run at: 2026-02-03 14:48:07 +05)" (scheduled at 2026-02-03 14:47:37.017036+05:00)
2026-02-03 14:47:37,042 [INFO] apscheduler.executors.default: Running job "Scheduler._broadcast_job (trigger: interval[0:01:00], next run at: 2026-02-03 14:48:37 +05)" (scheduled at 2026-02-03 14:47:37.018036+05:00)
2026-02-03 14:47:37,042 [INFO] apscheduler.executors.default: Running job "Scheduler._hold_and_overdue_job (trigger: interval[0:01:00], next run at: 2026-02-03 14:48:37 +05)" (scheduled at 2026-02-03 14:47:37.018036+05:00)
2026-02-03 14:47:37,043 [INFO] apscheduler.executors.default: Job "Scheduler._broadcast_job (trigger: interval[0:01:00], next run at: 2026-02-03 14:48:37 +05)" executed successfully
2026-02-03 14:47:37,044 [INFO] apscheduler.executors.default: Job "Scheduler._hold_and_overdue_job (trigger: interval[0:01:00], next run at: 2026-02-03 14:48:37 +05)" executed successfully
2026-02-03 14:47:37,359 [INFO] apscheduler.executors.default: Job "Scheduler._check_invoices_job (trigger: interval[0:00:30], next run at: 2026-02-03 14:48:07 +05)" executed successfully
2026-02-03 14:48:07,020 [INFO] apscheduler.executors.default: Running job "Scheduler._check_invoices_job (trigger: interval[0:00:30], next run at: 2026-02-03 14:48:37 +05)" (scheduled at 2026-02-03 14:48:07.017036+05:00)
2026-02-03 14:48:07,246 [INFO] apscheduler.executors.default: Job "Scheduler._check_invoices_job (trigger: interval[0:00:30], next run at: 2026-02-03 14:48:37 +05)" executed successfully
2026-02-03 14:48:37,041 [INFO] apscheduler.executors.default: Running job "Scheduler._check_invoices_job (trigger: interval[0:00:30], next run at: 2026-02-03 14:49:07 +05)" (scheduled at 2026-02-03 14:48:37.017036+05:00)
2026-02-03 14:48:37,042 [INFO] apscheduler.executors.default: Running job "Scheduler._broadcast_job (trigger: interval[0:01:00], next run at: 2026-02-03 14:49:37 +05)" (scheduled at 2026-02-03 14:48:37.018036+05:00)
2026-02-03 14:48:37,042 [INFO] apscheduler.executors.default: Running job "Scheduler._hold_and_overdue_job (trigger: interval[0:01:00], next run at: 2026-02-03 14:49:37 +05)" (scheduled at 2026-02-03 14:48:37.018036+05:00)
2026-02-03 14:48:37,043 [INFO] apscheduler.executors.default: Job "Scheduler._broadcast_job (trigger: interval[0:01:00], next run at: 2026-02-03 14:49:37 +05)" executed successfully
2026-02-03 14:48:37,044 [INFO] apscheduler.executors.default: Job "Scheduler._hold_and_overdue_job (trigger: interval[0:01:00], next run at: 2026-02-03 14:49:37 +05)" executed successfully
2026-02-03 14:48:37,252 [INFO] apscheduler.executors.default: Job "Scheduler._check_invoices_job (trigger: interval[0:00:30], next run at: 2026-02-03 14:49:07 +05)" executed successfully
2026-02-03 14:49:07,034 [INFO] apscheduler.executors.default: Running job "Scheduler._check_invoices_job (trigger: interval[0:00:30], next run at: 2026-02-03 14:49:37 +05)" (scheduled at 2026-02-03 14:49:07.017036+05:00)
2026-02-03 14:49:07,273 [INFO] apscheduler.executors.default: Job "Scheduler._check_invoices_job (trigger: interval[0:00:30], next run at: 2026-02-03 14:49:37 +05)" executed successfully
2026-02-03 14:49:37,025 [INFO] apscheduler.executors.default: Running job "Scheduler._check_invoices_job (trigger: interval[0:00:30], next run at: 2026-02-03 14:50:07 +05)" (scheduled at 2026-02-03 14:49:37.017036+05:00)
2026-02-03 14:49:37,025 [INFO] apscheduler.executors.default: Running job "Scheduler._broadcast_job (trigger: interval[0:01:00], next run at: 2026-02-03 14:50:37 +05)" (scheduled at 2026-02-03 14:49:37.018036+05:00)
2026-02-03 14:49:37,026 [INFO] apscheduler.executors.default: Running job "Scheduler._hold_and_overdue_job (trigger: interval[0:01:00], next run at: 2026-02-03 14:50:37 +05)" (scheduled at 2026-02-03 14:49:37.018036+05:00)
2026-02-03 14:49:37,026 [INFO] apscheduler.executors.default: Job "Scheduler._broadcast_job (trigger: interval[0:01:00], next run at: 2026-02-03 14:50:37 +05)" executed successfully
2026-02-03 14:49:37,027 [INFO] apscheduler.executors.default: Job "Scheduler._hold_and_overdue_job (trigger: interval[0:01:00], next run at: 2026-02-03 14:50:37 +05)" executed successfully
2026-02-03 14:49:37,413 [INFO] apscheduler.executors.default: Job "Scheduler._check_invoices_job (trigger: interval[0:00:30], next run at: 2026-02-03 14:50:07 +05)" executed successfully
2026-02-03 14:50:07,029 [INFO] apscheduler.executors.default: Running job "Scheduler._check_invoices_job (trigger: interval[0:00:30], next run at: 2026-02-03 14:50:37 +05)" (scheduled at 2026-02-03 14:50:07.017036+05:00)
2026-02-03 14:50:07,377 [INFO] apscheduler.executors.default: Job "Scheduler._check_invoices_job (trigger: interval[0:00:30], next run at: 2026-02-03 14:50:37 +05)" executed successfully
2026-02-03 14:50:37,026 [INFO] apscheduler.executors.default: Running job "Scheduler._check_invoices_job (trigger: interval[0:00:30], next run at: 2026-02-03 14:51:07 +05)" (scheduled at 2026-02-03 14:50:37.017036+05:00)
2026-02-03 14:50:37,026 [INFO] apscheduler.executors.default: Running job "Scheduler._broadcast_job (trigger: interval[0:01:00], next run at: 2026-02-03 14:51:37 +05)" (scheduled at 2026-02-03 14:50:37.018036+05:00)
2026-02-03 14:50:37,027 [INFO] apscheduler.executors.default: Running job "Scheduler._hold_and_overdue_job (trigger: interval[0:01:00], next run at: 2026-02-03 14:51:37 +05)" (scheduled at 2026-02-03 14:50:37.018036+05:00)
2026-02-03 14:50:37,028 [INFO] apscheduler.executors.default: Job "Scheduler._broadcast_job (trigger: interval[0:01:00], next run at: 2026-02-03 14:51:37 +05)" executed successfully
2026-02-03 14:50:37,028 [INFO] apscheduler.executors.default: Job "Scheduler._hold_and_overdue_job (trigger: interval[0:01:00], next run at: 2026-02-03 14:51:37 +05)" executed successfully
2026-02-03 14:50:37,254 [INFO] apscheduler.executors.default: Job "Scheduler._check_invoices_job (trigger: interval[0:00:30], next run at: 2026-02-03 14:51:07 +05)" executed successfully
2026-02-03 14:51:07,017 [INFO] apscheduler.executors.default: Running job "Scheduler._check_invoices_job (trigger: interval[0:00:30], next run at: 2026-02-03 14:51:37 +05)" (scheduled at 2026-02-03 14:51:07.017036+05:00)
2026-02-03 14:51:07,239 [INFO] apscheduler.executors.default: Job "Scheduler._check_invoices_job (trigger: interval[0:00:30], next run at: 2026-02-03 14:51:37 +05)" executed successfully
2026-02-03 14:51:37,027 [INFO] apscheduler.executors.default: Running job "Scheduler._check_invoices_job (trigger: interval[0:00:30], next run at: 2026-02-03 14:52:07 +05)" (scheduled at 2026-02-03 14:51:37.017036+05:00)
2026-02-03 14:51:37,027 [INFO] apscheduler.executors.default: Running job "Scheduler._broadcast_job (trigger: interval[0:01:00], next run at: 2026-02-03 14:52:37 +05)" (scheduled at 2026-02-03 14:51:37.018036+05:00)
2026-02-03 14:51:37,028 [INFO] apscheduler.executors.default: Running job "Scheduler._hold_and_overdue_job (trigger: interval[0:01:00], next run at: 2026-02-03 14:52:37 +05)" (scheduled at 2026-02-03 14:51:37.018036+05:00)
2026-02-03 14:51:37,029 [INFO] apscheduler.executors.default: Job "Scheduler._broadcast_job (trigger: interval[0:01:00], next run at: 2026-02-03 14:52:37 +05)" executed successfully
2026-02-03 14:51:37,030 [INFO] apscheduler.executors.default: Job "Scheduler._hold_and_overdue_job (trigger: interval[0:01:00], next run at: 2026-02-03 14:52:37 +05)" executed successfully
2026-02-03 14:51:37,263 [INFO] apscheduler.executors.default: Job "Scheduler._check_invoices_job (trigger: interval[0:00:30], next run at: 2026-02-03 14:52:07 +05)" executed successfully
2026-02-03 14:52:07,020 [INFO] apscheduler.executors.default: Running job "Scheduler._check_invoices_job (trigger: interval[0:00:30], next run at: 2026-02-03 14:52:37 +05)" (scheduled at 2026-02-03 14:52:07.017036+05:00)
2026-02-03 14:52:07,280 [INFO] apscheduler.executors.default: Job "Scheduler._check_invoices_job (trigger: interval[0:00:30], next run at: 2026-02-03 14:52:37 +05)" executed successfully
2026-02-03 14:52:37,029 [INFO] apscheduler.executors.default: Running job "Scheduler._check_invoices_job (trigger: interval[0:00:30], next run at: 2026-02-03 14:53:07 +05)" (scheduled at 2026-02-03 14:52:37.017036+05:00)
2026-02-03 14:52:37,029 [INFO] apscheduler.executors.default: Running job "Scheduler._broadcast_job (trigger: interval[0:01:00], next run at: 2026-02-03 14:53:37 +05)" (scheduled at 2026-02-03 14:52:37.018036+05:00)
2026-02-03 14:52:37,030 [INFO] apscheduler.executors.default: Running job "Scheduler._hold_and_overdue_job (trigger: interval[0:01:00], next run at: 2026-02-03 14:53:37 +05)" (scheduled at 2026-02-03 14:52:37.018036+05:00)
2026-02-03 14:52:37,031 [INFO] apscheduler.executors.default: Job "Scheduler._broadcast_job (trigger: interval[0:01:00], next run at: 2026-02-03 14:53:37 +05)" executed successfully
2026-02-03 14:52:37,031 [INFO] apscheduler.executors.default: Job "Scheduler._hold_and_overdue_job (trigger: interval[0:01:00], next run at: 2026-02-03 14:53:37 +05)" executed successfully
2026-02-03 14:52:37,250 [INFO] apscheduler.executors.default: Job "Scheduler._check_invoices_job (trigger: interval[0:00:30], next run at: 2026-02-03 14:53:07 +05)" executed successfully
2026-02-03 14:53:07,026 [INFO] apscheduler.executors.default: Running job "Scheduler._check_invoices_job (trigger: interval[0:00:30], next run at: 2026-02-03 14:53:37 +05)" (scheduled at 2026-02-03 14:53:07.017036+05:00)
2026-02-03 14:53:07,292 [INFO] apscheduler.executors.default: Job "Scheduler._check_invoices_job (trigger: interval[0:00:30], next run at: 2026-02-03 14:53:37 +05)" executed successfully
2026-02-03 14:53:37,031 [INFO] apscheduler.executors.default: Running job "Scheduler._check_invoices_job (trigger: interval[0:00:30], next run at: 2026-02-03 14:54:07 +05)" (scheduled at 2026-02-03 14:53:37.017036+05:00)
2026-02-03 14:53:37,031 [INFO] apscheduler.executors.default: Running job "Scheduler._broadcast_job (trigger: interval[0:01:00], next run at: 2026-02-03 14:54:37 +05)" (scheduled at 2026-02-03 14:53:37.018036+05:00)
2026-02-03 14:53:37,032 [INFO] apscheduler.executors.default: Running job "Scheduler._hold_and_overdue_job (trigger: interval[0:01:00], next run at: 2026-02-03 14:54:37 +05)" (scheduled at 2026-02-03 14:53:37.018036+05:00)
2026-02-03 14:53:37,033 [INFO] apscheduler.executors.default: Job "Scheduler._broadcast_job (trigger: interval[0:01:00], next run at: 2026-02-03 14:54:37 +05)" executed successfully
2026-02-03 14:53:37,033 [INFO] apscheduler.executors.default: Job "Scheduler._hold_and_overdue_job (trigger: interval[0:01:00], next run at: 2026-02-03 14:54:37 +05)" executed successfully
2026-02-03 14:53:37,258 [INFO] apscheduler.executors.default: Job "Scheduler._check_invoices_job (trigger: interval[0:00:30], next run at: 2026-02-03 14:54:07 +05)" executed successfully
2026-02-03 14:54:07,032 [INFO] apscheduler.executors.default: Running job "Scheduler._check_invoices_job (trigger: interval[0:00:30], next run at: 2026-02-03 14:54:37 +05)" (scheduled at 2026-02-03 14:54:07.017036+05:00)
2026-02-03 14:54:07,253 [INFO] apscheduler.executors.default: Job "Scheduler._check_invoices_job (trigger: interval[0:00:30], next run at: 2026-02-03 14:54:37 +05)" executed successfully
2026-02-03 14:54:37,027 [INFO] apscheduler.executors.default: Running job "Scheduler._check_invoices_job (trigger: interval[0:00:30], next run at: 2026-02-03 14:55:07 +05)" (scheduled at 2026-02-03 14:54:37.017036+05:00)
2026-02-03 14:54:37,027 [INFO] apscheduler.executors.default: Running job "Scheduler._broadcast_job (trigger: interval[0:01:00], next run at: 2026-02-03 14:55:37 +05)" (scheduled at 2026-02-03 14:54:37.018036+05:00)
2026-02-03 14:54:37,028 [INFO] apscheduler.executors.default: Running job "Scheduler._hold_and_overdue_job (trigger: interval[0:01:00], next run at: 2026-02-03 14:55:37 +05)" (scheduled at 2026-02-03 14:54:37.018036+05:00)
2026-02-03 14:54:37,029 [INFO] apscheduler.executors.default: Job "Scheduler._broadcast_job (trigger: interval[0:01:00], next run at: 2026-02-03 14:55:37 +05)" executed successfully
2026-02-03 14:54:37,029 [INFO] apscheduler.executors.default: Job "Scheduler._hold_and_overdue_job (trigger: interval[0:01:00], next run at: 2026-02-03 14:55:37 +05)" executed successfully
2026-02-03 14:54:37,264 [INFO] apscheduler.executors.default: Job "Scheduler._check_invoices_job (trigger: interval[0:00:30], next run at: 2026-02-03 14:55:07 +05)" executed successfully
2026-02-03 14:55:07,028 [INFO] apscheduler.executors.default: Running job "Scheduler._check_invoices_job (trigger: interval[0:00:30], next run at: 2026-02-03 14:55:37 +05)" (scheduled at 2026-02-03 14:55:07.017036+05:00)
2026-02-03 14:55:07,263 [INFO] apscheduler.executors.default: Job "Scheduler._check_invoices_job (trigger: interval[0:00:30], next run at: 2026-02-03 14:55:37 +05)" executed successfully
2026-02-03 14:55:37,023 [INFO] apscheduler.executors.default: Running job "Scheduler._check_invoices_job (trigger: interval[0:00:30], next run at: 2026-02-03 14:56:07 +05)" (scheduled at 2026-02-03 14:55:37.017036+05:00)
2026-02-03 14:55:37,023 [INFO] apscheduler.executors.default: Running job "Scheduler._broadcast_job (trigger: interval[0:01:00], next run at: 2026-02-03 14:56:37 +05)" (scheduled at 2026-02-03 14:55:37.018036+05:00)
2026-02-03 14:55:37,024 [INFO] apscheduler.executors.default: Running job "Scheduler._hold_and_overdue_job (trigger: interval[0:01:00], next run at: 2026-02-03 14:56:37 +05)" (scheduled at 2026-02-03 14:55:37.018036+05:00)
2026-02-03 14:55:37,025 [INFO] apscheduler.executors.default: Job "Scheduler._broadcast_job (trigger: interval[0:01:00], next run at: 2026-02-03 14:56:37 +05)" executed successfully
2026-02-03 14:55:37,025 [INFO] apscheduler.executors.default: Job "Scheduler._hold_and_overdue_job (trigger: interval[0:01:00], next run at: 2026-02-03 14:56:37 +05)" executed successfully
2026-02-03 14:55:37,265 [INFO] apscheduler.executors.default: Job "Scheduler._check_invoices_job (trigger: interval[0:00:30], next run at: 2026-02-03 14:56:07 +05)" executed successfully
2026-02-03 14:56:07,030 [INFO] apscheduler.executors.default: Running job "Scheduler._check_invoices_job (trigger: interval[0:00:30], next run at: 2026-02-03 14:56:37 +05)" (scheduled at 2026-02-03 14:56:07.017036+05:00)
2026-02-03 14:56:07,469 [INFO] apscheduler.executors.default: Job "Scheduler._check_invoices_job (trigger: interval[0:00:30], next run at: 2026-02-03 14:56:37 +05)" executed successfully
2026-02-03 14:56:37,031 [INFO] apscheduler.executors.default: Running job "Scheduler._check_invoices_job (trigger: interval[0:00:30], next run at: 2026-02-03 14:57:07 +05)" (scheduled at 2026-02-03 14:56:37.017036+05:00)
2026-02-03 14:56:37,031 [INFO] apscheduler.executors.default: Running job "Scheduler._broadcast_job (trigger: interval[0:01:00], next run at: 2026-02-03 14:57:37 +05)" (scheduled at 2026-02-03 14:56:37.018036+05:00)
2026-02-03 14:56:37,032 [INFO] apscheduler.executors.default: Running job "Scheduler._hold_and_overdue_job (trigger: interval[0:01:00], next run at: 2026-02-03 14:57:37 +05)" (scheduled at 2026-02-03 14:56:37.018036+05:00)
2026-02-03 14:56:37,033 [INFO] apscheduler.executors.default: Job "Scheduler._broadcast_job (trigger: interval[0:01:00], next run at: 2026-02-03 14:57:37 +05)" executed successfully
2026-02-03 14:56:37,033 [INFO] apscheduler.executors.default: Job "Scheduler._hold_and_overdue_job (trigger: interval[0:01:00], next run at: 2026-02-03 14:57:37 +05)" executed successfully
2026-02-03 14:56:37,266 [INFO] apscheduler.executors.default: Job "Scheduler._check_invoices_job (trigger: interval[0:00:30], next run at: 2026-02-03 14:57:07 +05)" executed successfully
2026-02-03 14:57:07,023 [INFO] apscheduler.executors.default: Running job "Scheduler._check_invoices_job (trigger: interval[0:00:30], next run at: 2026-02-03 14:57:37 +05)" (scheduled at 2026-02-03 14:57:07.017036+05:00)
2026-02-03 14:57:07,269 [INFO] apscheduler.executors.default: Job "Scheduler._check_invoices_job (trigger: interval[0:00:30], next run at: 2026-02-03 14:57:37 +05)" executed successfully
2026-02-03 14:57:37,027 [INFO] apscheduler.executors.default: Running job "Scheduler._check_invoices_job (trigger: interval[0:00:30], next run at: 2026-02-03 14:58:07 +05)" (scheduled at 2026-02-03 14:57:37.017036+05:00)
2026-02-03 14:57:37,028 [INFO] apscheduler.executors.default: Running job "Scheduler._broadcast_job (trigger: interval[0:01:00], next run at: 2026-02-03 14:58:37 +05)" (scheduled at 2026-02-03 14:57:37.018036+05:00)
2026-02-03 14:57:37,028 [INFO] apscheduler.executors.default: Running job "Scheduler._hold_and_overdue_job (trigger: interval[0:01:00], next run at: 2026-02-03 14:58:37 +05)" (scheduled at 2026-02-03 14:57:37.018036+05:00)
2026-02-03 14:57:37,029 [INFO] apscheduler.executors.default: Job "Scheduler._broadcast_job (trigger: interval[0:01:00], next run at: 2026-02-03 14:58:37 +05)" executed successfully
2026-02-03 14:57:37,030 [INFO] apscheduler.executors.default: Job "Scheduler._hold_and_overdue_job (trigger: interval[0:01:00], next run at: 2026-02-03 14:58:37 +05)" executed successfully
2026-02-03 14:57:37,254 [INFO] apscheduler.executors.default: Job "Scheduler._check_invoices_job (trigger: interval[0:00:30], next run at: 2026-02-03 14:58:07 +05)" executed successfully
2026-02-03 14:58:07,028 [INFO] apscheduler.executors.default: Running job "Scheduler._check_invoices_job (trigger: interval[0:00:30], next run at: 2026-02-03 14:58:37 +05)" (scheduled at 2026-02-03 14:58:07.017036+05:00)
2026-02-03 14:58:07,304 [INFO] apscheduler.executors.default: Job "Scheduler._check_invoices_job (trigger: interval[0:00:30], next run at: 2026-02-03 14:58:37 +05)" executed successfully
2026-02-03 14:58:37,022 [INFO] apscheduler.executors.default: Running job "Scheduler._check_invoices_job (trigger: interval[0:00:30], next run at: 2026-02-03 14:59:07 +05)" (scheduled at 2026-02-03 14:58:37.017036+05:00)
2026-02-03 14:58:37,023 [INFO] apscheduler.executors.default: Running job "Scheduler._broadcast_job (trigger: interval[0:01:00], next run at: 2026-02-03 14:59:37 +05)" (scheduled at 2026-02-03 14:58:37.018036+05:00)
2026-02-03 14:58:37,023 [INFO] apscheduler.executors.default: Running job "Scheduler._hold_and_overdue_job (trigger: interval[0:01:00], next run at: 2026-02-03 14:59:37 +05)" (scheduled at 2026-02-03 14:58:37.018036+05:00)
2026-02-03 14:58:37,024 [INFO] apscheduler.executors.default: Job "Scheduler._broadcast_job (trigger: interval[0:01:00], next run at: 2026-02-03 14:59:37 +05)" executed successfully
2026-02-03 14:58:37,025 [INFO] apscheduler.executors.default: Job "Scheduler._hold_and_overdue_job (trigger: interval[0:01:00], next run at: 2026-02-03 14:59:37 +05)" executed successfully
2026-02-03 14:58:37,261 [INFO] apscheduler.executors.default: Job "Scheduler._check_invoices_job (trigger: interval[0:00:30], next run at: 2026-02-03 14:59:07 +05)" executed successfully
2026-02-03 14:59:07,026 [INFO] apscheduler.executors.default: Running job "Scheduler._check_invoices_job (trigger: interval[0:00:30], next run at: 2026-02-03 14:59:37 +05)" (scheduled at 2026-02-03 14:59:07.017036+05:00)
2026-02-03 14:59:07,252 [INFO] apscheduler.executors.default: Job "Scheduler._check_invoices_job (trigger: interval[0:00:30], next run at: 2026-02-03 14:59:37 +05)" executed successfully
2026-02-03 14:59:37,030 [INFO] apscheduler.executors.default: Running job "Scheduler._check_invoices_job (trigger: interval[0:00:30], next run at: 2026-02-03 15:00:07 +05)" (scheduled at 2026-02-03 14:59:37.017036+05:00)
2026-02-03 14:59:37,030 [INFO] apscheduler.executors.default: Running job "Scheduler._broadcast_job (trigger: interval[0:01:00], next run at: 2026-02-03 15:00:37 +05)" (scheduled at 2026-02-03 14:59:37.018036+05:00)
2026-02-03 14:59:37,031 [INFO] apscheduler.executors.default: Running job "Scheduler._hold_and_overdue_job (trigger: interval[0:01:00], next run at: 2026-02-03 15:00:37 +05)" (scheduled at 2026-02-03 14:59:37.018036+05:00)
2026-02-03 14:59:37,032 [INFO] apscheduler.executors.default: Job "Scheduler._broadcast_job (trigger: interval[0:01:00], next run at: 2026-02-03 15:00:37 +05)" executed successfully
2026-02-03 14:59:37,032 [INFO] apscheduler.executors.default: Job "Scheduler._hold_and_overdue_job (trigger: interval[0:01:00], next run at: 2026-02-03 15:00:37 +05)" executed successfully
2026-02-03 14:59:37,269 [INFO] apscheduler.executors.default: Job "Scheduler._check_invoices_job (trigger: interval[0:00:30], next run at: 2026-02-03 15:00:07 +05)" executed successfully
2026-02-03 15:00:07,024 [INFO] apscheduler.executors.default: Running job "Scheduler._check_invoices_job (trigger: interval[0:00:30], next run at: 2026-02-03 15:00:37 +05)" (scheduled at 2026-02-03 15:00:07.017036+05:00)
2026-02-03 15:00:07,262 [INFO] apscheduler.executors.default: Job "Scheduler._check_invoices_job (trigger: interval[0:00:30], next run at: 2026-02-03 15:00:37 +05)" executed successfully
2026-02-03 15:00:37,023 [INFO] apscheduler.executors.default: Running job "Scheduler._check_invoices_job (trigger: interval[0:00:30], next run at: 2026-02-03 15:01:07 +05)" (scheduled at 2026-02-03 15:00:37.017036+05:00)
2026-02-03 15:00:37,023 [INFO] apscheduler.executors.default: Running job "Scheduler._broadcast_job (trigger: interval[0:01:00], next run at: 2026-02-03 15:01:37 +05)" (scheduled at 2026-02-03 15:00:37.018036+05:00)
2026-02-03 15:00:37,024 [INFO] apscheduler.executors.default: Running job "Scheduler._hold_and_overdue_job (trigger: interval[0:01:00], next run at: 2026-02-03 15:01:37 +05)" (scheduled at 2026-02-03 15:00:37.018036+05:00)
2026-02-03 15:00:37,025 [INFO] apscheduler.executors.default: Job "Scheduler._broadcast_job (trigger: interval[0:01:00], next run at: 2026-02-03 15:01:37 +05)" executed successfully
2026-02-03 15:00:37,025 [INFO] apscheduler.executors.default: Job "Scheduler._hold_and_overdue_job (trigger: interval[0:01:00], next run at: 2026-02-03 15:01:37 +05)" executed successfully
2026-02-03 15:00:37,345 [INFO] apscheduler.executors.default: Job "Scheduler._check_invoices_job (trigger: interval[0:00:30], next run at: 2026-02-03 15:01:07 +05)" executed successfully
2026-02-03 15:01:07,029 [INFO] apscheduler.executors.default: Running job "Scheduler._check_invoices_job (trigger: interval[0:00:30], next run at: 2026-02-03 15:01:37 +05)" (scheduled at 2026-02-03 15:01:07.017036+05:00)
2026-02-03 15:01:07,245 [INFO] apscheduler.executors.default: Job "Scheduler._check_invoices_job (trigger: interval[0:00:30], next run at: 2026-02-03 15:01:37 +05)" executed successfully
2026-02-03 15:01:37,034 [INFO] apscheduler.executors.default: Running job "Scheduler._check_invoices_job (trigger: interval[0:00:30], next run at: 2026-02-03 15:02:07 +05)" (scheduled at 2026-02-03 15:01:37.017036+05:00)
2026-02-03 15:01:37,034 [INFO] apscheduler.executors.default: Running job "Scheduler._broadcast_job (trigger: interval[0:01:00], next run at: 2026-02-03 15:02:37 +05)" (scheduled at 2026-02-03 15:01:37.018036+05:00)
2026-02-03 15:01:37,035 [INFO] apscheduler.executors.default: Running job "Scheduler._hold_and_overdue_job (trigger: interval[0:01:00], next run at: 2026-02-03 15:02:37 +05)" (scheduled at 2026-02-03 15:01:37.018036+05:00)
2026-02-03 15:01:37,036 [INFO] apscheduler.executors.default: Job "Scheduler._broadcast_job (trigger: interval[0:01:00], next run at: 2026-02-03 15:02:37 +05)" executed successfully
2026-02-03 15:01:37,037 [INFO] apscheduler.executors.default: Job "Scheduler._hold_and_overdue_job (trigger: interval[0:01:00], next run at: 2026-02-03 15:02:37 +05)" executed successfully
2026-02-03 15:01:39,237 [INFO] apscheduler.executors.default: Job "Scheduler._check_invoices_job (trigger: interval[0:00:30], next run at: 2026-02-03 15:02:07 +05)" executed successfully
2026-02-03 15:02:07,027 [INFO] apscheduler.executors.default: Running job "Scheduler._check_invoices_job (trigger: interval[0:00:30], next run at: 2026-02-03 15:02:37 +05)" (scheduled at 2026-02-03 15:02:07.017036+05:00)
2026-02-03 15:02:07,321 [INFO] apscheduler.executors.default: Job "Scheduler._check_invoices_job (trigger: interval[0:00:30], next run at: 2026-02-03 15:02:37 +05)" executed successfully
2026-02-03 15:02:37,018 [INFO] apscheduler.executors.default: Running job "Scheduler._check_invoices_job (trigger: interval[0:00:30], next run at: 2026-02-03 15:03:07 +05)" (scheduled at 2026-02-03 15:02:37.017036+05:00)
2026-02-03 15:02:37,018 [INFO] apscheduler.executors.default: Running job "Scheduler._broadcast_job (trigger: interval[0:01:00], next run at: 2026-02-03 15:03:37 +05)" (scheduled at 2026-02-03 15:02:37.018036+05:00)
2026-02-03 15:02:37,019 [INFO] apscheduler.executors.default: Running job "Scheduler._hold_and_overdue_job (trigger: interval[0:01:00], next run at: 2026-02-03 15:03:37 +05)" (scheduled at 2026-02-03 15:02:37.018036+05:00)
2026-02-03 15:02:37,020 [INFO] apscheduler.executors.default: Job "Scheduler._broadcast_job (trigger: interval[0:01:00], next run at: 2026-02-03 15:03:37 +05)" executed successfully
2026-02-03 15:02:37,021 [INFO] apscheduler.executors.default: Job "Scheduler._hold_and_overdue_job (trigger: interval[0:01:00], next run at: 2026-02-03 15:03:37 +05)" executed successfully
2026-02-03 15:02:37,249 [INFO] apscheduler.executors.default: Job "Scheduler._check_invoices_job (trigger: interval[0:00:30], next run at: 2026-02-03 15:03:07 +05)" executed successfully
2026-02-03 15:03:07,018 [INFO] apscheduler.executors.default: Running job "Scheduler._check_invoices_job (trigger: interval[0:00:30], next run at: 2026-02-03 15:03:37 +05)" (scheduled at 2026-02-03 15:03:07.017036+05:00)
2026-02-03 15:03:07,245 [INFO] apscheduler.executors.default: Job "Scheduler._check_invoices_job (trigger: interval[0:00:30], next run at: 2026-02-03 15:03:37 +05)" executed successfully
2026-02-03 15:03:37,026 [INFO] apscheduler.executors.default: Running job "Scheduler._check_invoices_job (trigger: interval[0:00:30], next run at: 2026-02-03 15:04:07 +05)" (scheduled at 2026-02-03 15:03:37.017036+05:00)
2026-02-03 15:03:37,026 [INFO] apscheduler.executors.default: Running job "Scheduler._broadcast_job (trigger: interval[0:01:00], next run at: 2026-02-03 15:04:37 +05)" (scheduled at 2026-02-03 15:03:37.018036+05:00)
2026-02-03 15:03:37,027 [INFO] apscheduler.executors.default: Running job "Scheduler._hold_and_overdue_job (trigger: interval[0:01:00], next run at: 2026-02-03 15:04:37 +05)" (scheduled at 2026-02-03 15:03:37.018036+05:00)
2026-02-03 15:03:37,028 [INFO] apscheduler.executors.default: Job "Scheduler._broadcast_job (trigger: interval[0:01:00], next run at: 2026-02-03 15:04:37 +05)" executed successfully
2026-02-03 15:03:37,028 [INFO] apscheduler.executors.default: Job "Scheduler._hold_and_overdue_job (trigger: interval[0:01:00], next run at: 2026-02-03 15:04:37 +05)" executed successfully
2026-02-03 15:03:37,251 [INFO] apscheduler.executors.default: Job "Scheduler._check_invoices_job (trigger: interval[0:00:30], next run at: 2026-02-03 15:04:07 +05)" executed successfully
2026-02-03 15:04:07,030 [INFO] apscheduler.executors.default: Running job "Scheduler._check_invoices_job (trigger: interval[0:00:30], next run at: 2026-02-03 15:04:37 +05)" (scheduled at 2026-02-03 15:04:07.017036+05:00)
2026-02-03 15:04:07,331 [INFO] apscheduler.executors.default: Job "Scheduler._check_invoices_job (trigger: interval[0:00:30], next run at: 2026-02-03 15:04:37 +05)" executed successfully
2026-02-03 15:04:37,023 [INFO] apscheduler.executors.default: Running job "Scheduler._check_invoices_job (trigger: interval[0:00:30], next run at: 2026-02-03 15:05:07 +05)" (scheduled at 2026-02-03 15:04:37.017036+05:00)
2026-02-03 15:04:37,024 [INFO] apscheduler.executors.default: Running job "Scheduler._broadcast_job (trigger: interval[0:01:00], next run at: 2026-02-03 15:05:37 +05)" (scheduled at 2026-02-03 15:04:37.018036+05:00)
2026-02-03 15:04:37,024 [INFO] apscheduler.executors.default: Running job "Scheduler._hold_and_overdue_job (trigger: interval[0:01:00], next run at: 2026-02-03 15:05:37 +05)" (scheduled at 2026-02-03 15:04:37.018036+05:00)
2026-02-03 15:04:37,025 [INFO] apscheduler.executors.default: Job "Scheduler._broadcast_job (trigger: interval[0:01:00], next run at: 2026-02-03 15:05:37 +05)" executed successfully
2026-02-03 15:04:37,026 [INFO] apscheduler.executors.default: Job "Scheduler._hold_and_overdue_job (trigger: interval[0:01:00], next run at: 2026-02-03 15:05:37 +05)" executed successfully
2026-02-03 15:04:37,350 [INFO] apscheduler.executors.default: Job "Scheduler._check_invoices_job (trigger: interval[0:00:30], next run at: 2026-02-03 15:05:07 +05)" executed successfully
2026-02-03 15:05:07,038 [INFO] apscheduler.executors.default: Running job "Scheduler._check_invoices_job (trigger: interval[0:00:30], next run at: 2026-02-03 15:05:37 +05)" (scheduled at 2026-02-03 15:05:07.017036+05:00)
2026-02-03 15:05:07,294 [INFO] apscheduler.executors.default: Job "Scheduler._check_invoices_job (trigger: interval[0:00:30], next run at: 2026-02-03 15:05:37 +05)" executed successfully
2026-02-03 15:05:37,030 [INFO] apscheduler.executors.default: Running job "Scheduler._check_invoices_job (trigger: interval[0:00:30], next run at: 2026-02-03 15:06:07 +05)" (scheduled at 2026-02-03 15:05:37.017036+05:00)
2026-02-03 15:05:37,030 [INFO] apscheduler.executors.default: Running job "Scheduler._broadcast_job (trigger: interval[0:01:00], next run at: 2026-02-03 15:06:37 +05)" (scheduled at 2026-02-03 15:05:37.018036+05:00)
2026-02-03 15:05:37,031 [INFO] apscheduler.executors.default: Running job "Scheduler._hold_and_overdue_job (trigger: interval[0:01:00], next run at: 2026-02-03 15:06:37 +05)" (scheduled at 2026-02-03 15:05:37.018036+05:00)
2026-02-03 15:05:37,032 [INFO] apscheduler.executors.default: Job "Scheduler._broadcast_job (trigger: interval[0:01:00], next run at: 2026-02-03 15:06:37 +05)" executed successfully
2026-02-03 15:05:37,032 [INFO] apscheduler.executors.default: Job "Scheduler._hold_and_overdue_job (trigger: interval[0:01:00], next run at: 2026-02-03 15:06:37 +05)" executed successfully
2026-02-03 15:05:37,657 [INFO] apscheduler.executors.default: Job "Scheduler._check_invoices_job (trigger: interval[0:00:30], next run at: 2026-02-03 15:06:07 +05)" executed successfully
2026-02-03 15:06:07,027 [INFO] apscheduler.executors.default: Running job "Scheduler._check_invoices_job (trigger: interval[0:00:30], next run at: 2026-02-03 15:06:37 +05)" (scheduled at 2026-02-03 15:06:07.017036+05:00)
2026-02-03 15:06:07,243 [INFO] apscheduler.executors.default: Job "Scheduler._check_invoices_job (trigger: interval[0:00:30], next run at: 2026-02-03 15:06:37 +05)" executed successfully
2026-02-03 15:06:37,033 [INFO] apscheduler.executors.default: Running job "Scheduler._check_invoices_job (trigger: interval[0:00:30], next run at: 2026-02-03 15:07:07 +05)" (scheduled at 2026-02-03 15:06:37.017036+05:00)
2026-02-03 15:06:37,034 [INFO] apscheduler.executors.default: Running job "Scheduler._broadcast_job (trigger: interval[0:01:00], next run at: 2026-02-03 15:07:37 +05)" (scheduled at 2026-02-03 15:06:37.018036+05:00)
2026-02-03 15:06:37,034 [INFO] apscheduler.executors.default: Running job "Scheduler._hold_and_overdue_job (trigger: interval[0:01:00], next run at: 2026-02-03 15:07:37 +05)" (scheduled at 2026-02-03 15:06:37.018036+05:00)
2026-02-03 15:06:37,035 [INFO] apscheduler.executors.default: Job "Scheduler._broadcast_job (trigger: interval[0:01:00], next run at: 2026-02-03 15:07:37 +05)" executed successfully
2026-02-03 15:06:37,036 [INFO] apscheduler.executors.default: Job "Scheduler._hold_and_overdue_job (trigger: interval[0:01:00], next run at: 2026-02-03 15:07:37 +05)" executed successfully
2026-02-03 15:06:37,450 [INFO] apscheduler.executors.default: Job "Scheduler._check_invoices_job (trigger: interval[0:00:30], next run at: 2026-02-03 15:07:07 +05)" executed successfully
2026-02-03 15:07:07,023 [INFO] apscheduler.executors.default: Running job "Scheduler._check_invoices_job (trigger: interval[0:00:30], next run at: 2026-02-03 15:07:37 +05)" (scheduled at 2026-02-03 15:07:07.017036+05:00)
2026-02-03 15:07:07,328 [INFO] apscheduler.executors.default: Job "Scheduler._check_invoices_job (trigger: interval[0:00:30], next run at: 2026-02-03 15:07:37 +05)" executed successfully
2026-02-03 15:07:37,028 [INFO] apscheduler.executors.default: Running job "Scheduler._check_invoices_job (trigger: interval[0:00:30], next run at: 2026-02-03 15:08:07 +05)" (scheduled at 2026-02-03 15:07:37.017036+05:00)
2026-02-03 15:07:37,028 [INFO] apscheduler.executors.default: Running job "Scheduler._broadcast_job (trigger: interval[0:01:00], next run at: 2026-02-03 15:08:37 +05)" (scheduled at 2026-02-03 15:07:37.018036+05:00)
2026-02-03 15:07:37,029 [INFO] apscheduler.executors.default: Running job "Scheduler._hold_and_overdue_job (trigger: interval[0:01:00], next run at: 2026-02-03 15:08:37 +05)" (scheduled at 2026-02-03 15:07:37.018036+05:00)
2026-02-03 15:07:37,030 [INFO] apscheduler.executors.default: Job "Scheduler._broadcast_job (trigger: interval[0:01:00], next run at: 2026-02-03 15:08:37 +05)" executed successfully
2026-02-03 15:07:37,030 [INFO] apscheduler.executors.default: Job "Scheduler._hold_and_overdue_job (trigger: interval[0:01:00], next run at: 2026-02-03 15:08:37 +05)" executed successfully
2026-02-03 15:07:37,260 [INFO] apscheduler.executors.default: Job "Scheduler._check_invoices_job (trigger: interval[0:00:30], next run at: 2026-02-03 15:08:07 +05)" executed successfully
2026-02-03 15:08:07,024 [INFO] apscheduler.executors.default: Running job "Scheduler._check_invoices_job (trigger: interval[0:00:30], next run at: 2026-02-03 15:08:37 +05)" (scheduled at 2026-02-03 15:08:07.017036+05:00)
2026-02-03 15:08:07,289 [INFO] apscheduler.executors.default: Job "Scheduler._check_invoices_job (trigger: interval[0:00:30], next run at: 2026-02-03 15:08:37 +05)" executed successfully
2026-02-03 15:08:37,034 [INFO] apscheduler.executors.default: Running job "Scheduler._check_invoices_job (trigger: interval[0:00:30], next run at: 2026-02-03 15:09:07 +05)" (scheduled at 2026-02-03 15:08:37.017036+05:00)
2026-02-03 15:08:37,034 [INFO] apscheduler.executors.default: Running job "Scheduler._broadcast_job (trigger: interval[0:01:00], next run at: 2026-02-03 15:09:37 +05)" (scheduled at 2026-02-03 15:08:37.018036+05:00)
2026-02-03 15:08:37,035 [INFO] apscheduler.executors.default: Running job "Scheduler._hold_and_overdue_job (trigger: interval[0:01:00], next run at: 2026-02-03 15:09:37 +05)" (scheduled at 2026-02-03 15:08:37.018036+05:00)
2026-02-03 15:08:37,036 [INFO] apscheduler.executors.default: Job "Scheduler._broadcast_job (trigger: interval[0:01:00], next run at: 2026-02-03 15:09:37 +05)" executed successfully
2026-02-03 15:08:37,036 [INFO] apscheduler.executors.default: Job "Scheduler._hold_and_overdue_job (trigger: interval[0:01:00], next run at: 2026-02-03 15:09:37 +05)" executed successfully
2026-02-03 15:08:37,400 [INFO] apscheduler.executors.default: Job "Scheduler._check_invoices_job (trigger: interval[0:00:30], next run at: 2026-02-03 15:09:07 +05)" executed successfully
2026-02-03 15:09:07,017 [INFO] apscheduler.executors.default: Running job "Scheduler._check_invoices_job (trigger: interval[0:00:30], next run at: 2026-02-03 15:09:37 +05)" (scheduled at 2026-02-03 15:09:07.017036+05:00)
2026-02-03 15:09:07,231 [INFO] apscheduler.executors.default: Job "Scheduler._check_invoices_job (trigger: interval[0:00:30], next run at: 2026-02-03 15:09:37 +05)" executed successfully
2026-02-03 15:09:37,025 [INFO] apscheduler.executors.default: Running job "Scheduler._check_invoices_job (trigger: interval[0:00:30], next run at: 2026-02-03 15:10:07 +05)" (scheduled at 2026-02-03 15:09:37.017036+05:00)
2026-02-03 15:09:37,025 [INFO] apscheduler.executors.default: Running job "Scheduler._broadcast_job (trigger: interval[0:01:00], next run at: 2026-02-03 15:10:37 +05)" (scheduled at 2026-02-03 15:09:37.018036+05:00)
2026-02-03 15:09:37,026 [INFO] apscheduler.executors.default: Running job "Scheduler._hold_and_overdue_job (trigger: interval[0:01:00], next run at: 2026-02-03 15:10:37 +05)" (scheduled at 2026-02-03 15:09:37.018036+05:00)
2026-02-03 15:09:37,026 [INFO] apscheduler.executors.default: Job "Scheduler._broadcast_job (trigger: interval[0:01:00], next run at: 2026-02-03 15:10:37 +05)" executed successfully
2026-02-03 15:09:37,027 [INFO] apscheduler.executors.default: Job "Scheduler._hold_and_overdue_job (trigger: interval[0:01:00], next run at: 2026-02-03 15:10:37 +05)" executed successfully
2026-02-03 15:09:37,282 [INFO] apscheduler.executors.default: Job "Scheduler._check_invoices_job (trigger: interval[0:00:30], next run at: 2026-02-03 15:10:07 +05)" executed successfully
2026-02-03 15:10:07,021 [INFO] apscheduler.executors.default: Running job "Scheduler._check_invoices_job (trigger: interval[0:00:30], next run at: 2026-02-03 15:10:37 +05)" (scheduled at 2026-02-03 15:10:07.017036+05:00)
2026-02-03 15:10:07,379 [INFO] apscheduler.executors.default: Job "Scheduler._check_invoices_job (trigger: interval[0:00:30], next run at: 2026-02-03 15:10:37 +05)" executed successfully
2026-02-03 15:10:37,026 [INFO] apscheduler.executors.default: Running job "Scheduler._check_invoices_job (trigger: interval[0:00:30], next run at: 2026-02-03 15:11:07 +05)" (scheduled at 2026-02-03 15:10:37.017036+05:00)
2026-02-03 15:10:37,026 [INFO] apscheduler.executors.default: Running job "Scheduler._broadcast_job (trigger: interval[0:01:00], next run at: 2026-02-03 15:11:37 +05)" (scheduled at 2026-02-03 15:10:37.018036+05:00)
2026-02-03 15:10:37,027 [INFO] apscheduler.executors.default: Running job "Scheduler._hold_and_overdue_job (trigger: interval[0:01:00], next run at: 2026-02-03 15:11:37 +05)" (scheduled at 2026-02-03 15:10:37.018036+05:00)
2026-02-03 15:10:37,028 [INFO] apscheduler.executors.default: Job "Scheduler._broadcast_job (trigger: interval[0:01:00], next run at: 2026-02-03 15:11:37 +05)" executed successfully
2026-02-03 15:10:37,028 [INFO] apscheduler.executors.default: Job "Scheduler._hold_and_overdue_job (trigger: interval[0:01:00], next run at: 2026-02-03 15:11:37 +05)" executed successfully
2026-02-03 15:10:37,488 [INFO] apscheduler.executors.default: Job "Scheduler._check_invoices_job (trigger: interval[0:00:30], next run at: 2026-02-03 15:11:07 +05)" executed successfully
2026-02-03 15:11:07,024 [INFO] apscheduler.executors.default: Running job "Scheduler._check_invoices_job (trigger: interval[0:00:30], next run at: 2026-02-03 15:11:37 +05)" (scheduled at 2026-02-03 15:11:07.017036+05:00)
2026-02-03 15:11:07,277 [INFO] apscheduler.executors.default: Job "Scheduler._check_invoices_job (trigger: interval[0:00:30], next run at: 2026-02-03 15:11:37 +05)" executed successfully
2026-02-03 15:11:37,030 [INFO] apscheduler.executors.default: Running job "Scheduler._check_invoices_job (trigger: interval[0:00:30], next run at: 2026-02-03 15:12:07 +05)" (scheduled at 2026-02-03 15:11:37.017036+05:00)
2026-02-03 15:11:37,030 [INFO] apscheduler.executors.default: Running job "Scheduler._broadcast_job (trigger: interval[0:01:00], next run at: 2026-02-03 15:12:37 +05)" (scheduled at 2026-02-03 15:11:37.018036+05:00)
2026-02-03 15:11:37,031 [INFO] apscheduler.executors.default: Running job "Scheduler._hold_and_overdue_job (trigger: interval[0:01:00], next run at: 2026-02-03 15:12:37 +05)" (scheduled at 2026-02-03 15:11:37.018036+05:00)
2026-02-03 15:11:37,032 [INFO] apscheduler.executors.default: Job "Scheduler._broadcast_job (trigger: interval[0:01:00], next run at: 2026-02-03 15:12:37 +05)" executed successfully
2026-02-03 15:11:37,032 [INFO] apscheduler.executors.default: Job "Scheduler._hold_and_overdue_job (trigger: interval[0:01:00], next run at: 2026-02-03 15:12:37 +05)" executed successfully
2026-02-03 15:11:37,283 [INFO] apscheduler.executors.default: Job "Scheduler._check_invoices_job (trigger: interval[0:00:30], next run at: 2026-02-03 15:12:07 +05)" executed successfully
2026-02-03 15:12:07,022 [INFO] apscheduler.executors.default: Running job "Scheduler._check_invoices_job (trigger: interval[0:00:30], next run at: 2026-02-03 15:12:37 +05)" (scheduled at 2026-02-03 15:12:07.017036+05:00)
2026-02-03 15:12:07,240 [INFO] apscheduler.executors.default: Job "Scheduler._check_invoices_job (trigger: interval[0:00:30], next run at: 2026-02-03 15:12:37 +05)" executed successfully
2026-02-03 15:12:37,025 [INFO] apscheduler.executors.default: Running job "Scheduler._check_invoices_job (trigger: interval[0:00:30], next run at: 2026-02-03 15:13:07 +05)" (scheduled at 2026-02-03 15:12:37.017036+05:00)
2026-02-03 15:12:37,025 [INFO] apscheduler.executors.default: Running job "Scheduler._broadcast_job (trigger: interval[0:01:00], next run at: 2026-02-03 15:13:37 +05)" (scheduled at 2026-02-03 15:12:37.018036+05:00)
2026-02-03 15:12:37,026 [INFO] apscheduler.executors.default: Running job "Scheduler._hold_and_overdue_job (trigger: interval[0:01:00], next run at: 2026-02-03 15:13:37 +05)" (scheduled at 2026-02-03 15:12:37.018036+05:00)
2026-02-03 15:12:37,027 [INFO] apscheduler.executors.default: Job "Scheduler._broadcast_job (trigger: interval[0:01:00], next run at: 2026-02-03 15:13:37 +05)" executed successfully
2026-02-03 15:12:37,028 [INFO] apscheduler.executors.default: Job "Scheduler._hold_and_overdue_job (trigger: interval[0:01:00], next run at: 2026-02-03 15:13:37 +05)" executed successfully
2026-02-03 15:12:37,243 [INFO] apscheduler.executors.default: Job "Scheduler._check_invoices_job (trigger: interval[0:00:30], next run at: 2026-02-03 15:13:07 +05)" executed successfully
2026-02-03 15:13:07,024 [INFO] apscheduler.executors.default: Running job "Scheduler._check_invoices_job (trigger: interval[0:00:30], next run at: 2026-02-03 15:13:37 +05)" (scheduled at 2026-02-03 15:13:07.017036+05:00)
2026-02-03 15:13:07,248 [INFO] apscheduler.executors.default: Job "Scheduler._check_invoices_job (trigger: interval[0:00:30], next run at: 2026-02-03 15:13:37 +05)" executed successfully
2026-02-03 15:13:37,030 [INFO] apscheduler.executors.default: Running job "Scheduler._check_invoices_job (trigger: interval[0:00:30], next run at: 2026-02-03 15:14:07 +05)" (scheduled at 2026-02-03 15:13:37.017036+05:00)
2026-02-03 15:13:37,031 [INFO] apscheduler.executors.default: Running job "Scheduler._broadcast_job (trigger: interval[0:01:00], next run at: 2026-02-03 15:14:37 +05)" (scheduled at 2026-02-03 15:13:37.018036+05:00)
2026-02-03 15:13:37,031 [INFO] apscheduler.executors.default: Running job "Scheduler._hold_and_overdue_job (trigger: interval[0:01:00], next run at: 2026-02-03 15:14:37 +05)" (scheduled at 2026-02-03 15:13:37.018036+05:00)
2026-02-03 15:13:37,032 [INFO] apscheduler.executors.default: Job "Scheduler._broadcast_job (trigger: interval[0:01:00], next run at: 2026-02-03 15:14:37 +05)" executed successfully
2026-02-03 15:13:37,032 [INFO] apscheduler.executors.default: Job "Scheduler._hold_and_overdue_job (trigger: interval[0:01:00], next run at: 2026-02-03 15:14:37 +05)" executed successfully
2026-02-03 15:13:37,243 [INFO] apscheduler.executors.default: Job "Scheduler._check_invoices_job (trigger: interval[0:00:30], next run at: 2026-02-03 15:14:07 +05)" executed successfully
2026-02-03 15:14:07,028 [INFO] apscheduler.executors.default: Running job "Scheduler._check_invoices_job (trigger: interval[0:00:30], next run at: 2026-02-03 15:14:37 +05)" (scheduled at 2026-02-03 15:14:07.017036+05:00)
2026-02-03 15:14:07,317 [INFO] apscheduler.executors.default: Job "Scheduler._check_invoices_job (trigger: interval[0:00:30], next run at: 2026-02-03 15:14:37 +05)" executed successfully
2026-02-03 15:14:37,029 [INFO] apscheduler.executors.default: Running job "Scheduler._check_invoices_job (trigger: interval[0:00:30], next run at: 2026-02-03 15:15:07 +05)" (scheduled at 2026-02-03 15:14:37.017036+05:00)
2026-02-03 15:14:37,030 [INFO] apscheduler.executors.default: Running job "Scheduler._broadcast_job (trigger: interval[0:01:00], next run at: 2026-02-03 15:15:37 +05)" (scheduled at 2026-02-03 15:14:37.018036+05:00)
2026-02-03 15:14:37,030 [INFO] apscheduler.executors.default: Running job "Scheduler._hold_and_overdue_job (trigger: interval[0:01:00], next run at: 2026-02-03 15:15:37 +05)" (scheduled at 2026-02-03 15:14:37.018036+05:00)
2026-02-03 15:14:37,031 [INFO] apscheduler.executors.default: Job "Scheduler._broadcast_job (trigger: interval[0:01:00], next run at: 2026-02-03 15:15:37 +05)" executed successfully
2026-02-03 15:14:37,032 [INFO] apscheduler.executors.default: Job "Scheduler._hold_and_overdue_job (trigger: interval[0:01:00], next run at: 2026-02-03 15:15:37 +05)" executed successfully
2026-02-03 15:14:37,224 [INFO] apscheduler.executors.default: Job "Scheduler._check_invoices_job (trigger: interval[0:00:30], next run at: 2026-02-03 15:15:07 +05)" executed successfully
2026-02-03 15:15:07,019 [INFO] apscheduler.executors.default: Running job "Scheduler._check_invoices_job (trigger: interval[0:00:30], next run at: 2026-02-03 15:15:37 +05)" (scheduled at 2026-02-03 15:15:07.017036+05:00)
2026-02-03 15:15:07,273 [INFO] apscheduler.executors.default: Job "Scheduler._check_invoices_job (trigger: interval[0:00:30], next run at: 2026-02-03 15:15:37 +05)" executed successfully
2026-02-03 15:15:37,027 [INFO] apscheduler.executors.default: Running job "Scheduler._check_invoices_job (trigger: interval[0:00:30], next run at: 2026-02-03 15:16:07 +05)" (scheduled at 2026-02-03 15:15:37.017036+05:00)
2026-02-03 15:15:37,027 [INFO] apscheduler.executors.default: Running job "Scheduler._broadcast_job (trigger: interval[0:01:00], next run at: 2026-02-03 15:16:37 +05)" (scheduled at 2026-02-03 15:15:37.018036+05:00)
2026-02-03 15:15:37,028 [INFO] apscheduler.executors.default: Running job "Scheduler._hold_and_overdue_job (trigger: interval[0:01:00], next run at: 2026-02-03 15:16:37 +05)" (scheduled at 2026-02-03 15:15:37.018036+05:00)
2026-02-03 15:15:37,029 [INFO] apscheduler.executors.default: Job "Scheduler._broadcast_job (trigger: interval[0:01:00], next run at: 2026-02-03 15:16:37 +05)" executed successfully
2026-02-03 15:15:37,029 [INFO] apscheduler.executors.default: Job "Scheduler._hold_and_overdue_job (trigger: interval[0:01:00], next run at: 2026-02-03 15:16:37 +05)" executed successfully
2026-02-03 15:15:37,295 [INFO] apscheduler.executors.default: Job "Scheduler._check_invoices_job (trigger: interval[0:00:30], next run at: 2026-02-03 15:16:07 +05)" executed successfully
2026-02-03 15:16:07,039 [INFO] apscheduler.executors.default: Running job "Scheduler._check_invoices_job (trigger: interval[0:00:30], next run at: 2026-02-03 15:16:37 +05)" (scheduled at 2026-02-03 15:16:07.017036+05:00)
2026-02-03 15:16:07,261 [INFO] apscheduler.executors.default: Job "Scheduler._check_invoices_job (trigger: interval[0:00:30], next run at: 2026-02-03 15:16:37 +05)" executed successfully
2026-02-03 15:16:37,022 [INFO] apscheduler.executors.default: Running job "Scheduler._check_invoices_job (trigger: interval[0:00:30], next run at: 2026-02-03 15:17:07 +05)" (scheduled at 2026-02-03 15:16:37.017036+05:00)
2026-02-03 15:16:37,022 [INFO] apscheduler.executors.default: Running job "Scheduler._broadcast_job (trigger: interval[0:01:00], next run at: 2026-02-03 15:17:37 +05)" (scheduled at 2026-02-03 15:16:37.018036+05:00)
2026-02-03 15:16:37,023 [INFO] apscheduler.executors.default: Running job "Scheduler._hold_and_overdue_job (trigger: interval[0:01:00], next run at: 2026-02-03 15:17:37 +05)" (scheduled at 2026-02-03 15:16:37.018036+05:00)
2026-02-03 15:16:37,024 [INFO] apscheduler.executors.default: Job "Scheduler._broadcast_job (trigger: interval[0:01:00], next run at: 2026-02-03 15:17:37 +05)" executed successfully
2026-02-03 15:16:37,024 [INFO] apscheduler.executors.default: Job "Scheduler._hold_and_overdue_job (trigger: interval[0:01:00], next run at: 2026-02-03 15:17:37 +05)" executed successfully
2026-02-03 15:16:37,251 [INFO] apscheduler.executors.default: Job "Scheduler._check_invoices_job (trigger: interval[0:00:30], next run at: 2026-02-03 15:17:07 +05)" executed successfully
2026-02-03 15:17:07,023 [INFO] apscheduler.executors.default: Running job "Scheduler._check_invoices_job (trigger: interval[0:00:30], next run at: 2026-02-03 15:17:37 +05)" (scheduled at 2026-02-03 15:17:07.017036+05:00)
2026-02-03 15:17:07,307 [INFO] apscheduler.executors.default: Job "Scheduler._check_invoices_job (trigger: interval[0:00:30], next run at: 2026-02-03 15:17:37 +05)" executed successfully
2026-02-03 15:17:37,035 [INFO] apscheduler.executors.default: Running job "Scheduler._check_invoices_job (trigger: interval[0:00:30], next run at: 2026-02-03 15:18:07 +05)" (scheduled at 2026-02-03 15:17:37.017036+05:00)
2026-02-03 15:17:37,035 [INFO] apscheduler.executors.default: Running job "Scheduler._broadcast_job (trigger: interval[0:01:00], next run at: 2026-02-03 15:18:37 +05)" (scheduled at 2026-02-03 15:17:37.018036+05:00)
2026-02-03 15:17:37,036 [INFO] apscheduler.executors.default: Running job "Scheduler._hold_and_overdue_job (trigger: interval[0:01:00], next run at: 2026-02-03 15:18:37 +05)" (scheduled at 2026-02-03 15:17:37.018036+05:00)
2026-02-03 15:17:37,037 [INFO] apscheduler.executors.default: Job "Scheduler._broadcast_job (trigger: interval[0:01:00], next run at: 2026-02-03 15:18:37 +05)" executed successfully
2026-02-03 15:17:37,037 [INFO] apscheduler.executors.default: Job "Scheduler._hold_and_overdue_job (trigger: interval[0:01:00], next run at: 2026-02-03 15:18:37 +05)" executed successfully
2026-02-03 15:17:37,378 [INFO] apscheduler.executors.default: Job "Scheduler._check_invoices_job (trigger: interval[0:00:30], next run at: 2026-02-03 15:18:07 +05)" executed successfully
2026-02-03 15:18:07,023 [INFO] apscheduler.executors.default: Running job "Scheduler._check_invoices_job (trigger: interval[0:00:30], next run at: 2026-02-03 15:18:37 +05)" (scheduled at 2026-02-03 15:18:07.017036+05:00)
2026-02-03 15:18:07,238 [INFO] apscheduler.executors.default: Job "Scheduler._check_invoices_job (trigger: interval[0:00:30], next run at: 2026-02-03 15:18:37 +05)" executed successfully
2026-02-03 15:18:37,029 [INFO] apscheduler.executors.default: Running job "Scheduler._check_invoices_job (trigger: interval[0:00:30], next run at: 2026-02-03 15:19:07 +05)" (scheduled at 2026-02-03 15:18:37.017036+05:00)
2026-02-03 15:18:37,029 [INFO] apscheduler.executors.default: Running job "Scheduler._broadcast_job (trigger: interval[0:01:00], next run at: 2026-02-03 15:19:37 +05)" (scheduled at 2026-02-03 15:18:37.018036+05:00)
2026-02-03 15:18:37,030 [INFO] apscheduler.executors.default: Running job "Scheduler._hold_and_overdue_job (trigger: interval[0:01:00], next run at: 2026-02-03 15:19:37 +05)" (scheduled at 2026-02-03 15:18:37.018036+05:00)
2026-02-03 15:18:37,031 [INFO] apscheduler.executors.default: Job "Scheduler._broadcast_job (trigger: interval[0:01:00], next run at: 2026-02-03 15:19:37 +05)" executed successfully
2026-02-03 15:18:37,031 [INFO] apscheduler.executors.default: Job "Scheduler._hold_and_overdue_job (trigger: interval[0:01:00], next run at: 2026-02-03 15:19:37 +05)" executed successfully
2026-02-03 15:18:37,230 [INFO] apscheduler.executors.default: Job "Scheduler._check_invoices_job (trigger: interval[0:00:30], next run at: 2026-02-03 15:19:07 +05)" executed successfully
2026-02-03 15:19:07,025 [INFO] apscheduler.executors.default: Running job "Scheduler._check_invoices_job (trigger: interval[0:00:30], next run at: 2026-02-03 15:19:37 +05)" (scheduled at 2026-02-03 15:19:07.017036+05:00)
2026-02-03 15:19:07,253 [INFO] apscheduler.executors.default: Job "Scheduler._check_invoices_job (trigger: interval[0:00:30], next run at: 2026-02-03 15:19:37 +05)" executed successfully
2026-02-03 15:19:37,037 [INFO] apscheduler.executors.default: Running job "Scheduler._check_invoices_job (trigger: interval[0:00:30], next run at: 2026-02-03 15:20:07 +05)" (scheduled at 2026-02-03 15:19:37.017036+05:00)
2026-02-03 15:19:37,037 [INFO] apscheduler.executors.default: Running job "Scheduler._broadcast_job (trigger: interval[0:01:00], next run at: 2026-02-03 15:20:37 +05)" (scheduled at 2026-02-03 15:19:37.018036+05:00)
2026-02-03 15:19:37,038 [INFO] apscheduler.executors.default: Running job "Scheduler._hold_and_overdue_job (trigger: interval[0:01:00], next run at: 2026-02-03 15:20:37 +05)" (scheduled at 2026-02-03 15:19:37.018036+05:00)
2026-02-03 15:19:37,039 [INFO] apscheduler.executors.default: Job "Scheduler._broadcast_job (trigger: interval[0:01:00], next run at: 2026-02-03 15:20:37 +05)" executed successfully
2026-02-03 15:19:37,039 [INFO] apscheduler.executors.default: Job "Scheduler._hold_and_overdue_job (trigger: interval[0:01:00], next run at: 2026-02-03 15:20:37 +05)" executed successfully
2026-02-03 15:19:37,233 [INFO] apscheduler.executors.default: Job "Scheduler._check_invoices_job (trigger: interval[0:00:30], next run at: 2026-02-03 15:20:07 +05)" executed successfully
2026-02-03 15:20:07,037 [INFO] apscheduler.executors.default: Running job "Scheduler._check_invoices_job (trigger: interval[0:00:30], next run at: 2026-02-03 15:20:37 +05)" (scheduled at 2026-02-03 15:20:07.017036+05:00)
2026-02-03 15:20:07,276 [INFO] apscheduler.executors.default: Job "Scheduler._check_invoices_job (trigger: interval[0:00:30], next run at: 2026-02-03 15:20:37 +05)" executed successfully
2026-02-03 15:20:37,029 [INFO] apscheduler.executors.default: Running job "Scheduler._check_invoices_job (trigger: interval[0:00:30], next run at: 2026-02-03 15:21:07 +05)" (scheduled at 2026-02-03 15:20:37.017036+05:00)
2026-02-03 15:20:37,029 [INFO] apscheduler.executors.default: Running job "Scheduler._broadcast_job (trigger: interval[0:01:00], next run at: 2026-02-03 15:21:37 +05)" (scheduled at 2026-02-03 15:20:37.018036+05:00)
2026-02-03 15:20:37,030 [INFO] apscheduler.executors.default: Running job "Scheduler._hold_and_overdue_job (trigger: interval[0:01:00], next run at: 2026-02-03 15:21:37 +05)" (scheduled at 2026-02-03 15:20:37.018036+05:00)
2026-02-03 15:20:37,031 [INFO] apscheduler.executors.default: Job "Scheduler._broadcast_job (trigger: interval[0:01:00], next run at: 2026-02-03 15:21:37 +05)" executed successfully
2026-02-03 15:20:37,031 [INFO] apscheduler.executors.default: Job "Scheduler._hold_and_overdue_job (trigger: interval[0:01:00], next run at: 2026-02-03 15:21:37 +05)" executed successfully
2026-02-03 15:20:37,255 [INFO] apscheduler.executors.default: Job "Scheduler._check_invoices_job (trigger: interval[0:00:30], next run at: 2026-02-03 15:21:07 +05)" executed successfully
2026-02-03 15:21:07,018 [INFO] apscheduler.executors.default: Running job "Scheduler._check_invoices_job (trigger: interval[0:00:30], next run at: 2026-02-03 15:21:37 +05)" (scheduled at 2026-02-03 15:21:07.017036+05:00)
2026-02-03 15:21:07,290 [INFO] apscheduler.executors.default: Job "Scheduler._check_invoices_job (trigger: interval[0:00:30], next run at: 2026-02-03 15:21:37 +05)" executed successfully
2026-02-03 15:21:37,024 [INFO] apscheduler.executors.default: Running job "Scheduler._check_invoices_job (trigger: interval[0:00:30], next run at: 2026-02-03 15:22:07 +05)" (scheduled at 2026-02-03 15:21:37.017036+05:00)
2026-02-03 15:21:37,025 [INFO] apscheduler.executors.default: Running job "Scheduler._broadcast_job (trigger: interval[0:01:00], next run at: 2026-02-03 15:22:37 +05)" (scheduled at 2026-02-03 15:21:37.018036+05:00)
2026-02-03 15:21:37,025 [INFO] apscheduler.executors.default: Running job "Scheduler._hold_and_overdue_job (trigger: interval[0:01:00], next run at: 2026-02-03 15:22:37 +05)" (scheduled at 2026-02-03 15:21:37.018036+05:00)
2026-02-03 15:21:37,026 [INFO] apscheduler.executors.default: Job "Scheduler._broadcast_job (trigger: interval[0:01:00], next run at: 2026-02-03 15:22:37 +05)" executed successfully
2026-02-03 15:21:37,027 [INFO] apscheduler.executors.default: Job "Scheduler._hold_and_overdue_job (trigger: interval[0:01:00], next run at: 2026-02-03 15:22:37 +05)" executed successfully
2026-02-03 15:21:37,417 [INFO] apscheduler.executors.default: Job "Scheduler._check_invoices_job (trigger: interval[0:00:30], next run at: 2026-02-03 15:22:07 +05)" executed successfully
2026-02-03 15:22:07,017 [INFO] apscheduler.executors.default: Running job "Scheduler._check_invoices_job (trigger: interval[0:00:30], next run at: 2026-02-03 15:22:37 +05)" (scheduled at 2026-02-03 15:22:07.017036+05:00)
2026-02-03 15:22:07,221 [INFO] apscheduler.executors.default: Job "Scheduler._check_invoices_job (trigger: interval[0:00:30], next run at: 2026-02-03 15:22:37 +05)" executed successfully
2026-02-03 15:22:37,017 [INFO] apscheduler.executors.default: Running job "Scheduler._check_invoices_job (trigger: interval[0:00:30], next run at: 2026-02-03 15:23:07 +05)" (scheduled at 2026-02-03 15:22:37.017036+05:00)
2026-02-03 15:22:37,018 [INFO] apscheduler.executors.default: Running job "Scheduler._broadcast_job (trigger: interval[0:01:00], next run at: 2026-02-03 15:23:37 +05)" (scheduled at 2026-02-03 15:22:37.018036+05:00)
2026-02-03 15:22:37,018 [INFO] apscheduler.executors.default: Running job "Scheduler._hold_and_overdue_job (trigger: interval[0:01:00], next run at: 2026-02-03 15:23:37 +05)" (scheduled at 2026-02-03 15:22:37.018036+05:00)
2026-02-03 15:22:37,019 [INFO] apscheduler.executors.default: Job "Scheduler._broadcast_job (trigger: interval[0:01:00], next run at: 2026-02-03 15:23:37 +05)" executed successfully
2026-02-03 15:22:37,019 [INFO] apscheduler.executors.default: Job "Scheduler._hold_and_overdue_job (trigger: interval[0:01:00], next run at: 2026-02-03 15:23:37 +05)" executed successfully
2026-02-03 15:22:37,238 [INFO] apscheduler.executors.default: Job "Scheduler._check_invoices_job (trigger: interval[0:00:30], next run at: 2026-02-03 15:23:07 +05)" executed successfully
2026-02-03 15:23:07,024 [INFO] apscheduler.executors.default: Running job "Scheduler._check_invoices_job (trigger: interval[0:00:30], next run at: 2026-02-03 15:23:37 +05)" (scheduled at 2026-02-03 15:23:07.017036+05:00)
2026-02-03 15:23:07,227 [INFO] apscheduler.executors.default: Job "Scheduler._check_invoices_job (trigger: interval[0:00:30], next run at: 2026-02-03 15:23:37 +05)" executed successfully
2026-02-03 15:23:37,032 [INFO] apscheduler.executors.default: Running job "Scheduler._check_invoices_job (trigger: interval[0:00:30], next run at: 2026-02-03 15:24:07 +05)" (scheduled at 2026-02-03 15:23:37.017036+05:00)
2026-02-03 15:23:37,032 [INFO] apscheduler.executors.default: Running job "Scheduler._broadcast_job (trigger: interval[0:01:00], next run at: 2026-02-03 15:24:37 +05)" (scheduled at 2026-02-03 15:23:37.018036+05:00)
2026-02-03 15:23:37,033 [INFO] apscheduler.executors.default: Running job "Scheduler._hold_and_overdue_job (trigger: interval[0:01:00], next run at: 2026-02-03 15:24:37 +05)" (scheduled at 2026-02-03 15:23:37.018036+05:00)
2026-02-03 15:23:37,034 [INFO] apscheduler.executors.default: Job "Scheduler._broadcast_job (trigger: interval[0:01:00], next run at: 2026-02-03 15:24:37 +05)" executed successfully
2026-02-03 15:23:37,034 [INFO] apscheduler.executors.default: Job "Scheduler._hold_and_overdue_job (trigger: interval[0:01:00], next run at: 2026-02-03 15:24:37 +05)" executed successfully
2026-02-03 15:23:37,358 [INFO] apscheduler.executors.default: Job "Scheduler._check_invoices_job (trigger: interval[0:00:30], next run at: 2026-02-03 15:24:07 +05)" executed successfully
2026-02-03 15:24:07,020 [INFO] apscheduler.executors.default: Running job "Scheduler._check_invoices_job (trigger: interval[0:00:30], next run at: 2026-02-03 15:24:37 +05)" (scheduled at 2026-02-03 15:24:07.017036+05:00)
2026-02-03 15:24:07,279 [INFO] apscheduler.executors.default: Job "Scheduler._check_invoices_job (trigger: interval[0:00:30], next run at: 2026-02-03 15:24:37 +05)" executed successfully
2026-02-03 15:24:37,025 [INFO] apscheduler.executors.default: Running job "Scheduler._check_invoices_job (trigger: interval[0:00:30], next run at: 2026-02-03 15:25:07 +05)" (scheduled at 2026-02-03 15:24:37.017036+05:00)
2026-02-03 15:24:37,026 [INFO] apscheduler.executors.default: Running job "Scheduler._broadcast_job (trigger: interval[0:01:00], next run at: 2026-02-03 15:25:37 +05)" (scheduled at 2026-02-03 15:24:37.018036+05:00)
2026-02-03 15:24:37,026 [INFO] apscheduler.executors.default: Running job "Scheduler._hold_and_overdue_job (trigger: interval[0:01:00], next run at: 2026-02-03 15:25:37 +05)" (scheduled at 2026-02-03 15:24:37.018036+05:00)
2026-02-03 15:24:37,027 [INFO] apscheduler.executors.default: Job "Scheduler._broadcast_job (trigger: interval[0:01:00], next run at: 2026-02-03 15:25:37 +05)" executed successfully
2026-02-03 15:24:37,028 [INFO] apscheduler.executors.default: Job "Scheduler._hold_and_overdue_job (trigger: interval[0:01:00], next run at: 2026-02-03 15:25:37 +05)" executed successfully
2026-02-03 15:24:37,271 [INFO] apscheduler.executors.default: Job "Scheduler._check_invoices_job (trigger: interval[0:00:30], next run at: 2026-02-03 15:25:07 +05)" executed successfully
2026-02-03 15:25:07,027 [INFO] apscheduler.executors.default: Running job "Scheduler._check_invoices_job (trigger: interval[0:00:30], next run at: 2026-02-03 15:25:37 +05)" (scheduled at 2026-02-03 15:25:07.017036+05:00)
2026-02-03 15:25:07,244 [INFO] apscheduler.executors.default: Job "Scheduler._check_invoices_job (trigger: interval[0:00:30], next run at: 2026-02-03 15:25:37 +05)" executed successfully
2026-02-03 15:25:37,034 [INFO] apscheduler.executors.default: Running job "Scheduler._check_invoices_job (trigger: interval[0:00:30], next run at: 2026-02-03 15:26:07 +05)" (scheduled at 2026-02-03 15:25:37.017036+05:00)
2026-02-03 15:25:37,034 [INFO] apscheduler.executors.default: Running job "Scheduler._broadcast_job (trigger: interval[0:01:00], next run at: 2026-02-03 15:26:37 +05)" (scheduled at 2026-02-03 15:25:37.018036+05:00)
2026-02-03 15:25:37,035 [INFO] apscheduler.executors.default: Running job "Scheduler._hold_and_overdue_job (trigger: interval[0:01:00], next run at: 2026-02-03 15:26:37 +05)" (scheduled at 2026-02-03 15:25:37.018036+05:00)
2026-02-03 15:25:37,036 [INFO] apscheduler.executors.default: Job "Scheduler._broadcast_job (trigger: interval[0:01:00], next run at: 2026-02-03 15:26:37 +05)" executed successfully
2026-02-03 15:25:37,037 [INFO] apscheduler.executors.default: Job "Scheduler._hold_and_overdue_job (trigger: interval[0:01:00], next run at: 2026-02-03 15:26:37 +05)" executed successfully
2026-02-03 15:25:37,256 [INFO] apscheduler.executors.default: Job "Scheduler._check_invoices_job (trigger: interval[0:00:30], next run at: 2026-02-03 15:26:07 +05)" executed successfully
2026-02-03 15:26:07,019 [INFO] apscheduler.executors.default: Running job "Scheduler._check_invoices_job (trigger: interval[0:00:30], next run at: 2026-02-03 15:26:37 +05)" (scheduled at 2026-02-03 15:26:07.017036+05:00)
2026-02-03 15:26:07,246 [INFO] apscheduler.executors.default: Job "Scheduler._check_invoices_job (trigger: interval[0:00:30], next run at: 2026-02-03 15:26:37 +05)" executed successfully
2026-02-03 15:26:37,028 [INFO] apscheduler.executors.default: Running job "Scheduler._check_invoices_job (trigger: interval[0:00:30], next run at: 2026-02-03 15:27:07 +05)" (scheduled at 2026-02-03 15:26:37.017036+05:00)
2026-02-03 15:26:37,028 [INFO] apscheduler.executors.default: Running job "Scheduler._broadcast_job (trigger: interval[0:01:00], next run at: 2026-02-03 15:27:37 +05)" (scheduled at 2026-02-03 15:26:37.018036+05:00)
2026-02-03 15:26:37,029 [INFO] apscheduler.executors.default: Running job "Scheduler._hold_and_overdue_job (trigger: interval[0:01:00], next run at: 2026-02-03 15:27:37 +05)" (scheduled at 2026-02-03 15:26:37.018036+05:00)
2026-02-03 15:26:37,030 [INFO] apscheduler.executors.default: Job "Scheduler._broadcast_job (trigger: interval[0:01:00], next run at: 2026-02-03 15:27:37 +05)" executed successfully
2026-02-03 15:26:37,030 [INFO] apscheduler.executors.default: Job "Scheduler._hold_and_overdue_job (trigger: interval[0:01:00], next run at: 2026-02-03 15:27:37 +05)" executed successfully
2026-02-03 15:26:37,277 [INFO] apscheduler.executors.default: Job "Scheduler._check_invoices_job (trigger: interval[0:00:30], next run at: 2026-02-03 15:27:07 +05)" executed successfully
2026-02-03 15:27:07,025 [INFO] apscheduler.executors.default: Running job "Scheduler._check_invoices_job (trigger: interval[0:00:30], next run at: 2026-02-03 15:27:37 +05)" (scheduled at 2026-02-03 15:27:07.017036+05:00)
2026-02-03 15:27:07,266 [INFO] apscheduler.executors.default: Job "Scheduler._check_invoices_job (trigger: interval[0:00:30], next run at: 2026-02-03 15:27:37 +05)" executed successfully
2026-02-03 15:27:37,029 [INFO] apscheduler.executors.default: Running job "Scheduler._check_invoices_job (trigger: interval[0:00:30], next run at: 2026-02-03 15:28:07 +05)" (scheduled at 2026-02-03 15:27:37.017036+05:00)
2026-02-03 15:27:37,029 [INFO] apscheduler.executors.default: Running job "Scheduler._broadcast_job (trigger: interval[0:01:00], next run at: 2026-02-03 15:28:37 +05)" (scheduled at 2026-02-03 15:27:37.018036+05:00)
2026-02-03 15:27:37,030 [INFO] apscheduler.executors.default: Running job "Scheduler._hold_and_overdue_job (trigger: interval[0:01:00], next run at: 2026-02-03 15:28:37 +05)" (scheduled at 2026-02-03 15:27:37.018036+05:00)
2026-02-03 15:27:37,030 [INFO] apscheduler.executors.default: Job "Scheduler._broadcast_job (trigger: interval[0:01:00], next run at: 2026-02-03 15:28:37 +05)" executed successfully
2026-02-03 15:27:37,031 [INFO] apscheduler.executors.default: Job "Scheduler._hold_and_overdue_job (trigger: interval[0:01:00], next run at: 2026-02-03 15:28:37 +05)" executed successfully
2026-02-03 15:27:37,233 [INFO] apscheduler.executors.default: Job "Scheduler._check_invoices_job (trigger: interval[0:00:30], next run at: 2026-02-03 15:28:07 +05)" executed successfully
2026-02-03 15:28:07,021 [INFO] apscheduler.executors.default: Running job "Scheduler._check_invoices_job (trigger: interval[0:00:30], next run at: 2026-02-03 15:28:37 +05)" (scheduled at 2026-02-03 15:28:07.017036+05:00)
2026-02-03 15:28:07,219 [INFO] apscheduler.executors.default: Job "Scheduler._check_invoices_job (trigger: interval[0:00:30], next run at: 2026-02-03 15:28:37 +05)" executed successfully
2026-02-03 15:28:37,028 [INFO] apscheduler.executors.default: Running job "Scheduler._check_invoices_job (trigger: interval[0:00:30], next run at: 2026-02-03 15:29:07 +05)" (scheduled at 2026-02-03 15:28:37.017036+05:00)
2026-02-03 15:28:37,028 [INFO] apscheduler.executors.default: Running job "Scheduler._broadcast_job (trigger: interval[0:01:00], next run at: 2026-02-03 15:29:37 +05)" (scheduled at 2026-02-03 15:28:37.018036+05:00)
2026-02-03 15:28:37,029 [INFO] apscheduler.executors.default: Running job "Scheduler._hold_and_overdue_job (trigger: interval[0:01:00], next run at: 2026-02-03 15:29:37 +05)" (scheduled at 2026-02-03 15:28:37.018036+05:00)
2026-02-03 15:28:37,030 [INFO] apscheduler.executors.default: Job "Scheduler._broadcast_job (trigger: interval[0:01:00], next run at: 2026-02-03 15:29:37 +05)" executed successfully
2026-02-03 15:28:37,031 [INFO] apscheduler.executors.default: Job "Scheduler._hold_and_overdue_job (trigger: interval[0:01:00], next run at: 2026-02-03 15:29:37 +05)" executed successfully
2026-02-03 15:28:37,287 [INFO] apscheduler.executors.default: Job "Scheduler._check_invoices_job (trigger: interval[0:00:30], next run at: 2026-02-03 15:29:07 +05)" executed successfully
2026-02-03 15:29:07,030 [INFO] apscheduler.executors.default: Running job "Scheduler._check_invoices_job (trigger: interval[0:00:30], next run at: 2026-02-03 15:29:37 +05)" (scheduled at 2026-02-03 15:29:07.017036+05:00)
2026-02-03 15:29:07,246 [INFO] apscheduler.executors.default: Job "Scheduler._check_invoices_job (trigger: interval[0:00:30], next run at: 2026-02-03 15:29:37 +05)" executed successfully
2026-02-03 15:29:37,022 [INFO] apscheduler.executors.default: Running job "Scheduler._check_invoices_job (trigger: interval[0:00:30], next run at: 2026-02-03 15:30:07 +05)" (scheduled at 2026-02-03 15:29:37.017036+05:00)
2026-02-03 15:29:37,023 [INFO] apscheduler.executors.default: Running job "Scheduler._broadcast_job (trigger: interval[0:01:00], next run at: 2026-02-03 15:30:37 +05)" (scheduled at 2026-02-03 15:29:37.018036+05:00)
2026-02-03 15:29:37,023 [INFO] apscheduler.executors.default: Running job "Scheduler._hold_and_overdue_job (trigger: interval[0:01:00], next run at: 2026-02-03 15:30:37 +05)" (scheduled at 2026-02-03 15:29:37.018036+05:00)
2026-02-03 15:29:37,024 [INFO] apscheduler.executors.default: Job "Scheduler._broadcast_job (trigger: interval[0:01:00], next run at: 2026-02-03 15:30:37 +05)" executed successfully
2026-02-03 15:29:37,026 [INFO] apscheduler.executors.default: Job "Scheduler._hold_and_overdue_job (trigger: interval[0:01:00], next run at: 2026-02-03 15:30:37 +05)" executed successfully
2026-02-03 15:29:37,264 [INFO] apscheduler.executors.default: Job "Scheduler._check_invoices_job (trigger: interval[0:00:30], next run at: 2026-02-03 15:30:07 +05)" executed successfully
2026-02-03 15:30:07,021 [INFO] apscheduler.executors.default: Running job "Scheduler._check_invoices_job (trigger: interval[0:00:30], next run at: 2026-02-03 15:30:37 +05)" (scheduled at 2026-02-03 15:30:07.017036+05:00)
2026-02-03 15:30:07,235 [INFO] apscheduler.executors.default: Job "Scheduler._check_invoices_job (trigger: interval[0:00:30], next run at: 2026-02-03 15:30:37 +05)" executed successfully
2026-02-03 15:30:37,030 [INFO] apscheduler.executors.default: Running job "Scheduler._check_invoices_job (trigger: interval[0:00:30], next run at: 2026-02-03 15:31:07 +05)" (scheduled at 2026-02-03 15:30:37.017036+05:00)
2026-02-03 15:30:37,030 [INFO] apscheduler.executors.default: Running job "Scheduler._broadcast_job (trigger: interval[0:01:00], next run at: 2026-02-03 15:31:37 +05)" (scheduled at 2026-02-03 15:30:37.018036+05:00)
2026-02-03 15:30:37,031 [INFO] apscheduler.executors.default: Running job "Scheduler._hold_and_overdue_job (trigger: interval[0:01:00], next run at: 2026-02-03 15:31:37 +05)" (scheduled at 2026-02-03 15:30:37.018036+05:00)
2026-02-03 15:30:37,032 [INFO] apscheduler.executors.default: Job "Scheduler._broadcast_job (trigger: interval[0:01:00], next run at: 2026-02-03 15:31:37 +05)" executed successfully
2026-02-03 15:30:37,032 [INFO] apscheduler.executors.default: Job "Scheduler._hold_and_overdue_job (trigger: interval[0:01:00], next run at: 2026-02-03 15:31:37 +05)" executed successfully
2026-02-03 15:30:37,253 [INFO] apscheduler.executors.default: Job "Scheduler._check_invoices_job (trigger: interval[0:00:30], next run at: 2026-02-03 15:31:07 +05)" executed successfully
2026-02-03 15:31:07,029 [INFO] apscheduler.executors.default: Running job "Scheduler._check_invoices_job (trigger: interval[0:00:30], next run at: 2026-02-03 15:31:37 +05)" (scheduled at 2026-02-03 15:31:07.017036+05:00)
2026-02-03 15:31:07,252 [INFO] apscheduler.executors.default: Job "Scheduler._check_invoices_job (trigger: interval[0:00:30], next run at: 2026-02-03 15:31:37 +05)" executed successfully
2026-02-03 15:31:37,028 [INFO] apscheduler.executors.default: Running job "Scheduler._check_invoices_job (trigger: interval[0:00:30], next run at: 2026-02-03 15:32:07 +05)" (scheduled at 2026-02-03 15:31:37.017036+05:00)
2026-02-03 15:31:37,028 [INFO] apscheduler.executors.default: Running job "Scheduler._broadcast_job (trigger: interval[0:01:00], next run at: 2026-02-03 15:32:37 +05)" (scheduled at 2026-02-03 15:31:37.018036+05:00)
2026-02-03 15:31:37,029 [INFO] apscheduler.executors.default: Running job "Scheduler._hold_and_overdue_job (trigger: interval[0:01:00], next run at: 2026-02-03 15:32:37 +05)" (scheduled at 2026-02-03 15:31:37.018036+05:00)
2026-02-03 15:31:37,030 [INFO] apscheduler.executors.default: Job "Scheduler._broadcast_job (trigger: interval[0:01:00], next run at: 2026-02-03 15:32:37 +05)" executed successfully
2026-02-03 15:31:37,031 [INFO] apscheduler.executors.default: Job "Scheduler._hold_and_overdue_job (trigger: interval[0:01:00], next run at: 2026-02-03 15:32:37 +05)" executed successfully
2026-02-03 15:31:37,253 [INFO] apscheduler.executors.default: Job "Scheduler._check_invoices_job (trigger: interval[0:00:30], next run at: 2026-02-03 15:32:07 +05)" executed successfully
2026-02-03 15:32:07,030 [INFO] apscheduler.executors.default: Running job "Scheduler._check_invoices_job (trigger: interval[0:00:30], next run at: 2026-02-03 15:32:37 +05)" (scheduled at 2026-02-03 15:32:07.017036+05:00)
2026-02-03 15:32:07,348 [INFO] apscheduler.executors.default: Job "Scheduler._check_invoices_job (trigger: interval[0:00:30], next run at: 2026-02-03 15:32:37 +05)" executed successfully
2026-02-03 15:32:37,025 [INFO] apscheduler.executors.default: Running job "Scheduler._check_invoices_job (trigger: interval[0:00:30], next run at: 2026-02-03 15:33:07 +05)" (scheduled at 2026-02-03 15:32:37.017036+05:00)
2026-02-03 15:32:37,025 [INFO] apscheduler.executors.default: Running job "Scheduler._broadcast_job (trigger: interval[0:01:00], next run at: 2026-02-03 15:33:37 +05)" (scheduled at 2026-02-03 15:32:37.018036+05:00)
2026-02-03 15:32:37,026 [INFO] apscheduler.executors.default: Running job "Scheduler._hold_and_overdue_job (trigger: interval[0:01:00], next run at: 2026-02-03 15:33:37 +05)" (scheduled at 2026-02-03 15:32:37.018036+05:00)
2026-02-03 15:32:37,027 [INFO] apscheduler.executors.default: Job "Scheduler._broadcast_job (trigger: interval[0:01:00], next run at: 2026-02-03 15:33:37 +05)" executed successfully
2026-02-03 15:32:37,027 [INFO] apscheduler.executors.default: Job "Scheduler._hold_and_overdue_job (trigger: interval[0:01:00], next run at: 2026-02-03 15:33:37 +05)" executed successfully
2026-02-03 15:32:37,550 [INFO] apscheduler.executors.default: Job "Scheduler._check_invoices_job (trigger: interval[0:00:30], next run at: 2026-02-03 15:33:07 +05)" executed successfully
2026-02-03 15:33:07,032 [INFO] apscheduler.executors.default: Running job "Scheduler._check_invoices_job (trigger: interval[0:00:30], next run at: 2026-02-03 15:33:37 +05)" (scheduled at 2026-02-03 15:33:07.017036+05:00)
2026-02-03 15:33:07,256 [INFO] apscheduler.executors.default: Job "Scheduler._check_invoices_job (trigger: interval[0:00:30], next run at: 2026-02-03 15:33:37 +05)" executed successfully
2026-02-03 15:33:37,021 [INFO] apscheduler.executors.default: Running job "Scheduler._check_invoices_job (trigger: interval[0:00:30], next run at: 2026-02-03 15:34:07 +05)" (scheduled at 2026-02-03 15:33:37.017036+05:00)
2026-02-03 15:33:37,021 [INFO] apscheduler.executors.default: Running job "Scheduler._broadcast_job (trigger: interval[0:01:00], next run at: 2026-02-03 15:34:37 +05)" (scheduled at 2026-02-03 15:33:37.018036+05:00)
2026-02-03 15:33:37,022 [INFO] apscheduler.executors.default: Running job "Scheduler._hold_and_overdue_job (trigger: interval[0:01:00], next run at: 2026-02-03 15:34:37 +05)" (scheduled at 2026-02-03 15:33:37.018036+05:00)
2026-02-03 15:33:37,023 [INFO] apscheduler.executors.default: Job "Scheduler._broadcast_job (trigger: interval[0:01:00], next run at: 2026-02-03 15:34:37 +05)" executed successfully
2026-02-03 15:33:37,024 [INFO] apscheduler.executors.default: Job "Scheduler._hold_and_overdue_job (trigger: interval[0:01:00], next run at: 2026-02-03 15:34:37 +05)" executed successfully
2026-02-03 15:33:37,255 [INFO] apscheduler.executors.default: Job "Scheduler._check_invoices_job (trigger: interval[0:00:30], next run at: 2026-02-03 15:34:07 +05)" executed successfully
2026-02-03 15:34:07,039 [INFO] apscheduler.executors.default: Running job "Scheduler._check_invoices_job (trigger: interval[0:00:30], next run at: 2026-02-03 15:34:37 +05)" (scheduled at 2026-02-03 15:34:07.017036+05:00)
2026-02-03 15:34:07,249 [INFO] apscheduler.executors.default: Job "Scheduler._check_invoices_job (trigger: interval[0:00:30], next run at: 2026-02-03 15:34:37 +05)" executed successfully
2026-02-03 15:34:37,025 [INFO] apscheduler.executors.default: Running job "Scheduler._check_invoices_job (trigger: interval[0:00:30], next run at: 2026-02-03 15:35:07 +05)" (scheduled at 2026-02-03 15:34:37.017036+05:00)
2026-02-03 15:34:37,025 [INFO] apscheduler.executors.default: Running job "Scheduler._broadcast_job (trigger: interval[0:01:00], next run at: 2026-02-03 15:35:37 +05)" (scheduled at 2026-02-03 15:34:37.018036+05:00)
2026-02-03 15:34:37,026 [INFO] apscheduler.executors.default: Running job "Scheduler._hold_and_overdue_job (trigger: interval[0:01:00], next run at: 2026-02-03 15:35:37 +05)" (scheduled at 2026-02-03 15:34:37.018036+05:00)
2026-02-03 15:34:37,027 [INFO] apscheduler.executors.default: Job "Scheduler._broadcast_job (trigger: interval[0:01:00], next run at: 2026-02-03 15:35:37 +05)" executed successfully
2026-02-03 15:34:37,028 [INFO] apscheduler.executors.default: Job "Scheduler._hold_and_overdue_job (trigger: interval[0:01:00], next run at: 2026-02-03 15:35:37 +05)" executed successfully
2026-02-03 15:34:37,265 [INFO] apscheduler.executors.default: Job "Scheduler._check_invoices_job (trigger: interval[0:00:30], next run at: 2026-02-03 15:35:07 +05)" executed successfully
2026-02-03 15:35:07,031 [INFO] apscheduler.executors.default: Running job "Scheduler._check_invoices_job (trigger: interval[0:00:30], next run at: 2026-02-03 15:35:37 +05)" (scheduled at 2026-02-03 15:35:07.017036+05:00)
2026-02-03 15:35:07,295 [INFO] apscheduler.executors.default: Job "Scheduler._check_invoices_job (trigger: interval[0:00:30], next run at: 2026-02-03 15:35:37 +05)" executed successfully
2026-02-03 15:35:37,027 [INFO] apscheduler.executors.default: Running job "Scheduler._check_invoices_job (trigger: interval[0:00:30], next run at: 2026-02-03 15:36:07 +05)" (scheduled at 2026-02-03 15:35:37.017036+05:00)
2026-02-03 15:35:37,027 [INFO] apscheduler.executors.default: Running job "Scheduler._broadcast_job (trigger: interval[0:01:00], next run at: 2026-02-03 15:36:37 +05)" (scheduled at 2026-02-03 15:35:37.018036+05:00)
2026-02-03 15:35:37,028 [INFO] apscheduler.executors.default: Running job "Scheduler._hold_and_overdue_job (trigger: interval[0:01:00], next run at: 2026-02-03 15:36:37 +05)" (scheduled at 2026-02-03 15:35:37.018036+05:00)
2026-02-03 15:35:37,029 [INFO] apscheduler.executors.default: Job "Scheduler._broadcast_job (trigger: interval[0:01:00], next run at: 2026-02-03 15:36:37 +05)" executed successfully
2026-02-03 15:35:37,030 [INFO] apscheduler.executors.default: Job "Scheduler._hold_and_overdue_job (trigger: interval[0:01:00], next run at: 2026-02-03 15:36:37 +05)" executed successfully
2026-02-03 15:35:37,265 [INFO] apscheduler.executors.default: Job "Scheduler._check_invoices_job (trigger: interval[0:00:30], next run at: 2026-02-03 15:36:07 +05)" executed successfully
2026-02-03 15:36:07,025 [INFO] apscheduler.executors.default: Running job "Scheduler._check_invoices_job (trigger: interval[0:00:30], next run at: 2026-02-03 15:36:37 +05)" (scheduled at 2026-02-03 15:36:07.017036+05:00)
2026-02-03 15:36:07,311 [INFO] apscheduler.executors.default: Job "Scheduler._check_invoices_job (trigger: interval[0:00:30], next run at: 2026-02-03 15:36:37 +05)" executed successfully
2026-02-03 15:36:37,030 [INFO] apscheduler.executors.default: Running job "Scheduler._check_invoices_job (trigger: interval[0:00:30], next run at: 2026-02-03 15:37:07 +05)" (scheduled at 2026-02-03 15:36:37.017036+05:00)
2026-02-03 15:36:37,030 [INFO] apscheduler.executors.default: Running job "Scheduler._broadcast_job (trigger: interval[0:01:00], next run at: 2026-02-03 15:37:37 +05)" (scheduled at 2026-02-03 15:36:37.018036+05:00)
2026-02-03 15:36:37,031 [INFO] apscheduler.executors.default: Running job "Scheduler._hold_and_overdue_job (trigger: interval[0:01:00], next run at: 2026-02-03 15:37:37 +05)" (scheduled at 2026-02-03 15:36:37.018036+05:00)
2026-02-03 15:36:37,032 [INFO] apscheduler.executors.default: Job "Scheduler._broadcast_job (trigger: interval[0:01:00], next run at: 2026-02-03 15:37:37 +05)" executed successfully
2026-02-03 15:36:37,033 [INFO] apscheduler.executors.default: Job "Scheduler._hold_and_overdue_job (trigger: interval[0:01:00], next run at: 2026-02-03 15:37:37 +05)" executed successfully
2026-02-03 15:36:37,290 [INFO] apscheduler.executors.default: Job "Scheduler._check_invoices_job (trigger: interval[0:00:30], next run at: 2026-02-03 15:37:07 +05)" executed successfully
2026-02-03 15:37:07,030 [INFO] apscheduler.executors.default: Running job "Scheduler._check_invoices_job (trigger: interval[0:00:30], next run at: 2026-02-03 15:37:37 +05)" (scheduled at 2026-02-03 15:37:07.017036+05:00)
2026-02-03 15:37:07,254 [INFO] apscheduler.executors.default: Job "Scheduler._check_invoices_job (trigger: interval[0:00:30], next run at: 2026-02-03 15:37:37 +05)" executed successfully
2026-02-03 15:37:37,030 [INFO] apscheduler.executors.default: Running job "Scheduler._check_invoices_job (trigger: interval[0:00:30], next run at: 2026-02-03 15:38:07 +05)" (scheduled at 2026-02-03 15:37:37.017036+05:00)
2026-02-03 15:37:37,030 [INFO] apscheduler.executors.default: Running job "Scheduler._broadcast_job (trigger: interval[0:01:00], next run at: 2026-02-03 15:38:37 +05)" (scheduled at 2026-02-03 15:37:37.018036+05:00)
2026-02-03 15:37:37,031 [INFO] apscheduler.executors.default: Running job "Scheduler._hold_and_overdue_job (trigger: interval[0:01:00], next run at: 2026-02-03 15:38:37 +05)" (scheduled at 2026-02-03 15:37:37.018036+05:00)
2026-02-03 15:37:37,032 [INFO] apscheduler.executors.default: Job "Scheduler._broadcast_job (trigger: interval[0:01:00], next run at: 2026-02-03 15:38:37 +05)" executed successfully
2026-02-03 15:37:37,033 [INFO] apscheduler.executors.default: Job "Scheduler._hold_and_overdue_job (trigger: interval[0:01:00], next run at: 2026-02-03 15:38:37 +05)" executed successfully
2026-02-03 15:37:37,281 [INFO] apscheduler.executors.default: Job "Scheduler._check_invoices_job (trigger: interval[0:00:30], next run at: 2026-02-03 15:38:07 +05)" executed successfully
2026-02-03 15:38:07,028 [INFO] apscheduler.executors.default: Running job "Scheduler._check_invoices_job (trigger: interval[0:00:30], next run at: 2026-02-03 15:38:37 +05)" (scheduled at 2026-02-03 15:38:07.017036+05:00)
2026-02-03 15:38:07,270 [INFO] apscheduler.executors.default: Job "Scheduler._check_invoices_job (trigger: interval[0:00:30], next run at: 2026-02-03 15:38:37 +05)" executed successfully
2026-02-03 15:38:37,019 [INFO] apscheduler.executors.default: Running job "Scheduler._check_invoices_job (trigger: interval[0:00:30], next run at: 2026-02-03 15:39:07 +05)" (scheduled at 2026-02-03 15:38:37.017036+05:00)
2026-02-03 15:38:37,019 [INFO] apscheduler.executors.default: Running job "Scheduler._broadcast_job (trigger: interval[0:01:00], next run at: 2026-02-03 15:39:37 +05)" (scheduled at 2026-02-03 15:38:37.018036+05:00)
2026-02-03 15:38:37,020 [INFO] apscheduler.executors.default: Running job "Scheduler._hold_and_overdue_job (trigger: interval[0:01:00], next run at: 2026-02-03 15:39:37 +05)" (scheduled at 2026-02-03 15:38:37.018036+05:00)
2026-02-03 15:38:37,020 [INFO] apscheduler.executors.default: Job "Scheduler._broadcast_job (trigger: interval[0:01:00], next run at: 2026-02-03 15:39:37 +05)" executed successfully
2026-02-03 15:38:37,021 [INFO] apscheduler.executors.default: Job "Scheduler._hold_and_overdue_job (trigger: interval[0:01:00], next run at: 2026-02-03 15:39:37 +05)" executed successfully
2026-02-03 15:38:37,439 [INFO] apscheduler.executors.default: Job "Scheduler._check_invoices_job (trigger: interval[0:00:30], next run at: 2026-02-03 15:39:07 +05)" executed successfully
2026-02-03 15:39:07,019 [INFO] apscheduler.executors.default: Running job "Scheduler._check_invoices_job (trigger: interval[0:00:30], next run at: 2026-02-03 15:39:37 +05)" (scheduled at 2026-02-03 15:39:07.017036+05:00)
2026-02-03 15:39:07,251 [INFO] apscheduler.executors.default: Job "Scheduler._check_invoices_job (trigger: interval[0:00:30], next run at: 2026-02-03 15:39:37 +05)" executed successfully
2026-02-03 15:39:37,028 [INFO] apscheduler.executors.default: Running job "Scheduler._check_invoices_job (trigger: interval[0:00:30], next run at: 2026-02-03 15:40:07 +05)" (scheduled at 2026-02-03 15:39:37.017036+05:00)
2026-02-03 15:39:37,028 [INFO] apscheduler.executors.default: Running job "Scheduler._broadcast_job (trigger: interval[0:01:00], next run at: 2026-02-03 15:40:37 +05)" (scheduled at 2026-02-03 15:39:37.018036+05:00)
2026-02-03 15:39:37,029 [INFO] apscheduler.executors.default: Running job "Scheduler._hold_and_overdue_job (trigger: interval[0:01:00], next run at: 2026-02-03 15:40:37 +05)" (scheduled at 2026-02-03 15:39:37.018036+05:00)
2026-02-03 15:39:37,030 [INFO] apscheduler.executors.default: Job "Scheduler._broadcast_job (trigger: interval[0:01:00], next run at: 2026-02-03 15:40:37 +05)" executed successfully
2026-02-03 15:39:37,030 [INFO] apscheduler.executors.default: Job "Scheduler._hold_and_overdue_job (trigger: interval[0:01:00], next run at: 2026-02-03 15:40:37 +05)" executed successfully
2026-02-03 15:39:37,278 [INFO] apscheduler.executors.default: Job "Scheduler._check_invoices_job (trigger: interval[0:00:30], next run at: 2026-02-03 15:40:07 +05)" executed successfully
2026-02-03 15:40:07,022 [INFO] apscheduler.executors.default: Running job "Scheduler._check_invoices_job (trigger: interval[0:00:30], next run at: 2026-02-03 15:40:37 +05)" (scheduled at 2026-02-03 15:40:07.017036+05:00)
2026-02-03 15:40:07,507 [INFO] apscheduler.executors.default: Job "Scheduler._check_invoices_job (trigger: interval[0:00:30], next run at: 2026-02-03 15:40:37 +05)" executed successfully
2026-02-03 15:40:37,022 [INFO] apscheduler.executors.default: Running job "Scheduler._check_invoices_job (trigger: interval[0:00:30], next run at: 2026-02-03 15:41:07 +05)" (scheduled at 2026-02-03 15:40:37.017036+05:00)
2026-02-03 15:40:37,022 [INFO] apscheduler.executors.default: Running job "Scheduler._broadcast_job (trigger: interval[0:01:00], next run at: 2026-02-03 15:41:37 +05)" (scheduled at 2026-02-03 15:40:37.018036+05:00)
2026-02-03 15:40:37,023 [INFO] apscheduler.executors.default: Running job "Scheduler._hold_and_overdue_job (trigger: interval[0:01:00], next run at: 2026-02-03 15:41:37 +05)" (scheduled at 2026-02-03 15:40:37.018036+05:00)
2026-02-03 15:40:37,024 [INFO] apscheduler.executors.default: Job "Scheduler._broadcast_job (trigger: interval[0:01:00], next run at: 2026-02-03 15:41:37 +05)" executed successfully
2026-02-03 15:40:37,024 [INFO] apscheduler.executors.default: Job "Scheduler._hold_and_overdue_job (trigger: interval[0:01:00], next run at: 2026-02-03 15:41:37 +05)" executed successfully
2026-02-03 15:40:37,418 [INFO] apscheduler.executors.default: Job "Scheduler._check_invoices_job (trigger: interval[0:00:30], next run at: 2026-02-03 15:41:07 +05)" executed successfully
2026-02-03 15:41:07,029 [INFO] apscheduler.executors.default: Running job "Scheduler._check_invoices_job (trigger: interval[0:00:30], next run at: 2026-02-03 15:41:37 +05)" (scheduled at 2026-02-03 15:41:07.017036+05:00)
2026-02-03 15:41:07,234 [INFO] apscheduler.executors.default: Job "Scheduler._check_invoices_job (trigger: interval[0:00:30], next run at: 2026-02-03 15:41:37 +05)" executed successfully
2026-02-03 15:41:37,029 [INFO] apscheduler.executors.default: Running job "Scheduler._check_invoices_job (trigger: interval[0:00:30], next run at: 2026-02-03 15:42:07 +05)" (scheduled at 2026-02-03 15:41:37.017036+05:00)
2026-02-03 15:41:37,030 [INFO] apscheduler.executors.default: Running job "Scheduler._broadcast_job (trigger: interval[0:01:00], next run at: 2026-02-03 15:42:37 +05)" (scheduled at 2026-02-03 15:41:37.018036+05:00)
2026-02-03 15:41:37,030 [INFO] apscheduler.executors.default: Running job "Scheduler._hold_and_overdue_job (trigger: interval[0:01:00], next run at: 2026-02-03 15:42:37 +05)" (scheduled at 2026-02-03 15:41:37.018036+05:00)
2026-02-03 15:41:37,031 [INFO] apscheduler.executors.default: Job "Scheduler._broadcast_job (trigger: interval[0:01:00], next run at: 2026-02-03 15:42:37 +05)" executed successfully
2026-02-03 15:41:37,032 [INFO] apscheduler.executors.default: Job "Scheduler._hold_and_overdue_job (trigger: interval[0:01:00], next run at: 2026-02-03 15:42:37 +05)" executed successfully
2026-02-03 15:41:37,239 [INFO] apscheduler.executors.default: Job "Scheduler._check_invoices_job (trigger: interval[0:00:30], next run at: 2026-02-03 15:42:07 +05)" executed successfully
2026-02-03 15:42:07,022 [INFO] apscheduler.executors.default: Running job "Scheduler._check_invoices_job (trigger: interval[0:00:30], next run at: 2026-02-03 15:42:37 +05)" (scheduled at 2026-02-03 15:42:07.017036+05:00)
2026-02-03 15:42:07,251 [INFO] apscheduler.executors.default: Job "Scheduler._check_invoices_job (trigger: interval[0:00:30], next run at: 2026-02-03 15:42:37 +05)" executed successfully
2026-02-03 15:42:37,028 [INFO] apscheduler.executors.default: Running job "Scheduler._check_invoices_job (trigger: interval[0:00:30], next run at: 2026-02-03 15:43:07 +05)" (scheduled at 2026-02-03 15:42:37.017036+05:00)
2026-02-03 15:42:37,028 [INFO] apscheduler.executors.default: Running job "Scheduler._broadcast_job (trigger: interval[0:01:00], next run at: 2026-02-03 15:43:37 +05)" (scheduled at 2026-02-03 15:42:37.018036+05:00)
2026-02-03 15:42:37,029 [INFO] apscheduler.executors.default: Running job "Scheduler._hold_and_overdue_job (trigger: interval[0:01:00], next run at: 2026-02-03 15:43:37 +05)" (scheduled at 2026-02-03 15:42:37.018036+05:00)
2026-02-03 15:42:37,030 [INFO] apscheduler.executors.default: Job "Scheduler._broadcast_job (trigger: interval[0:01:00], next run at: 2026-02-03 15:43:37 +05)" executed successfully
2026-02-03 15:42:37,030 [INFO] apscheduler.executors.default: Job "Scheduler._hold_and_overdue_job (trigger: interval[0:01:00], next run at: 2026-02-03 15:43:37 +05)" executed successfully
2026-02-03 15:42:37,427 [INFO] apscheduler.executors.default: Job "Scheduler._check_invoices_job (trigger: interval[0:00:30], next run at: 2026-02-03 15:43:07 +05)" executed successfully
2026-02-03 15:43:07,019 [INFO] apscheduler.executors.default: Running job "Scheduler._check_invoices_job (trigger: interval[0:00:30], next run at: 2026-02-03 15:43:37 +05)" (scheduled at 2026-02-03 15:43:07.017036+05:00)
2026-02-03 15:43:07,245 [INFO] apscheduler.executors.default: Job "Scheduler._check_invoices_job (trigger: interval[0:00:30], next run at: 2026-02-03 15:43:37 +05)" executed successfully
2026-02-03 15:43:37,029 [INFO] apscheduler.executors.default: Running job "Scheduler._check_invoices_job (trigger: interval[0:00:30], next run at: 2026-02-03 15:44:07 +05)" (scheduled at 2026-02-03 15:43:37.017036+05:00)
2026-02-03 15:43:37,029 [INFO] apscheduler.executors.default: Running job "Scheduler._broadcast_job (trigger: interval[0:01:00], next run at: 2026-02-03 15:44:37 +05)" (scheduled at 2026-02-03 15:43:37.018036+05:00)
2026-02-03 15:43:37,030 [INFO] apscheduler.executors.default: Running job "Scheduler._hold_and_overdue_job (trigger: interval[0:01:00], next run at: 2026-02-03 15:44:37 +05)" (scheduled at 2026-02-03 15:43:37.018036+05:00)
2026-02-03 15:43:37,030 [INFO] apscheduler.executors.default: Job "Scheduler._broadcast_job (trigger: interval[0:01:00], next run at: 2026-02-03 15:44:37 +05)" executed successfully
2026-02-03 15:43:37,031 [INFO] apscheduler.executors.default: Job "Scheduler._hold_and_overdue_job (trigger: interval[0:01:00], next run at: 2026-02-03 15:44:37 +05)" executed successfully
2026-02-03 15:43:37,247 [INFO] apscheduler.executors.default: Job "Scheduler._check_invoices_job (trigger: interval[0:00:30], next run at: 2026-02-03 15:44:07 +05)" executed successfully
2026-02-03 15:44:07,027 [INFO] apscheduler.executors.default: Running job "Scheduler._check_invoices_job (trigger: interval[0:00:30], next run at: 2026-02-03 15:44:37 +05)" (scheduled at 2026-02-03 15:44:07.017036+05:00)
2026-02-03 15:44:07,258 [INFO] apscheduler.executors.default: Job "Scheduler._check_invoices_job (trigger: interval[0:00:30], next run at: 2026-02-03 15:44:37 +05)" executed successfully
2026-02-03 15:44:37,024 [INFO] apscheduler.executors.default: Running job "Scheduler._check_invoices_job (trigger: interval[0:00:30], next run at: 2026-02-03 15:45:07 +05)" (scheduled at 2026-02-03 15:44:37.017036+05:00)
2026-02-03 15:44:37,025 [INFO] apscheduler.executors.default: Running job "Scheduler._broadcast_job (trigger: interval[0:01:00], next run at: 2026-02-03 15:45:37 +05)" (scheduled at 2026-02-03 15:44:37.018036+05:00)
2026-02-03 15:44:37,025 [INFO] apscheduler.executors.default: Running job "Scheduler._hold_and_overdue_job (trigger: interval[0:01:00], next run at: 2026-02-03 15:45:37 +05)" (scheduled at 2026-02-03 15:44:37.018036+05:00)
2026-02-03 15:44:37,026 [INFO] apscheduler.executors.default: Job "Scheduler._broadcast_job (trigger: interval[0:01:00], next run at: 2026-02-03 15:45:37 +05)" executed successfully
2026-02-03 15:44:37,026 [INFO] apscheduler.executors.default: Job "Scheduler._hold_and_overdue_job (trigger: interval[0:01:00], next run at: 2026-02-03 15:45:37 +05)" executed successfully
2026-02-03 15:44:37,271 [INFO] apscheduler.executors.default: Job "Scheduler._check_invoices_job (trigger: interval[0:00:30], next run at: 2026-02-03 15:45:07 +05)" executed successfully
2026-02-03 15:45:07,031 [INFO] apscheduler.executors.default: Running job "Scheduler._check_invoices_job (trigger: interval[0:00:30], next run at: 2026-02-03 15:45:37 +05)" (scheduled at 2026-02-03 15:45:07.017036+05:00)
2026-02-03 15:45:07,303 [INFO] apscheduler.executors.default: Job "Scheduler._check_invoices_job (trigger: interval[0:00:30], next run at: 2026-02-03 15:45:37 +05)" executed successfully
2026-02-03 15:45:37,029 [INFO] apscheduler.executors.default: Running job "Scheduler._check_invoices_job (trigger: interval[0:00:30], next run at: 2026-02-03 15:46:07 +05)" (scheduled at 2026-02-03 15:45:37.017036+05:00)
2026-02-03 15:45:37,030 [INFO] apscheduler.executors.default: Running job "Scheduler._broadcast_job (trigger: interval[0:01:00], next run at: 2026-02-03 15:46:37 +05)" (scheduled at 2026-02-03 15:45:37.018036+05:00)
2026-02-03 15:45:37,030 [INFO] apscheduler.executors.default: Running job "Scheduler._hold_and_overdue_job (trigger: interval[0:01:00], next run at: 2026-02-03 15:46:37 +05)" (scheduled at 2026-02-03 15:45:37.018036+05:00)
2026-02-03 15:45:37,031 [INFO] apscheduler.executors.default: Job "Scheduler._broadcast_job (trigger: interval[0:01:00], next run at: 2026-02-03 15:46:37 +05)" executed successfully
2026-02-03 15:45:37,031 [INFO] apscheduler.executors.default: Job "Scheduler._hold_and_overdue_job (trigger: interval[0:01:00], next run at: 2026-02-03 15:46:37 +05)" executed successfully
2026-02-03 15:45:37,283 [INFO] apscheduler.executors.default: Job "Scheduler._check_invoices_job (trigger: interval[0:00:30], next run at: 2026-02-03 15:46:07 +05)" executed successfully
2026-02-03 15:46:07,025 [INFO] apscheduler.executors.default: Running job "Scheduler._check_invoices_job (trigger: interval[0:00:30], next run at: 2026-02-03 15:46:37 +05)" (scheduled at 2026-02-03 15:46:07.017036+05:00)
2026-02-03 15:46:07,224 [INFO] apscheduler.executors.default: Job "Scheduler._check_invoices_job (trigger: interval[0:00:30], next run at: 2026-02-03 15:46:37 +05)" executed successfully
2026-02-03 15:46:37,035 [INFO] apscheduler.executors.default: Running job "Scheduler._check_invoices_job (trigger: interval[0:00:30], next run at: 2026-02-03 15:47:07 +05)" (scheduled at 2026-02-03 15:46:37.017036+05:00)
2026-02-03 15:46:37,035 [INFO] apscheduler.executors.default: Running job "Scheduler._broadcast_job (trigger: interval[0:01:00], next run at: 2026-02-03 15:47:37 +05)" (scheduled at 2026-02-03 15:46:37.018036+05:00)
2026-02-03 15:46:37,036 [INFO] apscheduler.executors.default: Running job "Scheduler._hold_and_overdue_job (trigger: interval[0:01:00], next run at: 2026-02-03 15:47:37 +05)" (scheduled at 2026-02-03 15:46:37.018036+05:00)
2026-02-03 15:46:37,036 [INFO] apscheduler.executors.default: Job "Scheduler._broadcast_job (trigger: interval[0:01:00], next run at: 2026-02-03 15:47:37 +05)" executed successfully
2026-02-03 15:46:37,037 [INFO] apscheduler.executors.default: Job "Scheduler._hold_and_overdue_job (trigger: interval[0:01:00], next run at: 2026-02-03 15:47:37 +05)" executed successfully
2026-02-03 15:46:37,253 [INFO] apscheduler.executors.default: Job "Scheduler._check_invoices_job (trigger: interval[0:00:30], next run at: 2026-02-03 15:47:07 +05)" executed successfully
2026-02-03 15:47:07,035 [INFO] apscheduler.executors.default: Running job "Scheduler._check_invoices_job (trigger: interval[0:00:30], next run at: 2026-02-03 15:47:37 +05)" (scheduled at 2026-02-03 15:47:07.017036+05:00)
2026-02-03 15:47:07,349 [INFO] apscheduler.executors.default: Job "Scheduler._check_invoices_job (trigger: interval[0:00:30], next run at: 2026-02-03 15:47:37 +05)" executed successfully
2026-02-03 15:47:37,030 [INFO] apscheduler.executors.default: Running job "Scheduler._check_invoices_job (trigger: interval[0:00:30], next run at: 2026-02-03 15:48:07 +05)" (scheduled at 2026-02-03 15:47:37.017036+05:00)
2026-02-03 15:47:37,031 [INFO] apscheduler.executors.default: Running job "Scheduler._broadcast_job (trigger: interval[0:01:00], next run at: 2026-02-03 15:48:37 +05)" (scheduled at 2026-02-03 15:47:37.018036+05:00)
2026-02-03 15:47:37,031 [INFO] apscheduler.executors.default: Running job "Scheduler._hold_and_overdue_job (trigger: interval[0:01:00], next run at: 2026-02-03 15:48:37 +05)" (scheduled at 2026-02-03 15:47:37.018036+05:00)
2026-02-03 15:47:37,032 [INFO] apscheduler.executors.default: Job "Scheduler._broadcast_job (trigger: interval[0:01:00], next run at: 2026-02-03 15:48:37 +05)" executed successfully
2026-02-03 15:47:37,034 [INFO] apscheduler.executors.default: Job "Scheduler._hold_and_overdue_job (trigger: interval[0:01:00], next run at: 2026-02-03 15:48:37 +05)" executed successfully
2026-02-03 15:47:37,428 [INFO] apscheduler.executors.default: Job "Scheduler._check_invoices_job (trigger: interval[0:00:30], next run at: 2026-02-03 15:48:07 +05)" executed successfully
2026-02-03 15:48:07,018 [INFO] apscheduler.executors.default: Running job "Scheduler._check_invoices_job (trigger: interval[0:00:30], next run at: 2026-02-03 15:48:37 +05)" (scheduled at 2026-02-03 15:48:07.017036+05:00)
2026-02-03 15:48:07,606 [INFO] apscheduler.executors.default: Job "Scheduler._check_invoices_job (trigger: interval[0:00:30], next run at: 2026-02-03 15:48:37 +05)" executed successfully
2026-02-03 15:48:37,030 [INFO] apscheduler.executors.default: Running job "Scheduler._check_invoices_job (trigger: interval[0:00:30], next run at: 2026-02-03 15:49:07 +05)" (scheduled at 2026-02-03 15:48:37.017036+05:00)
2026-02-03 15:48:37,030 [INFO] apscheduler.executors.default: Running job "Scheduler._broadcast_job (trigger: interval[0:01:00], next run at: 2026-02-03 15:49:37 +05)" (scheduled at 2026-02-03 15:48:37.018036+05:00)
2026-02-03 15:48:37,030 [INFO] apscheduler.executors.default: Running job "Scheduler._hold_and_overdue_job (trigger: interval[0:01:00], next run at: 2026-02-03 15:49:37 +05)" (scheduled at 2026-02-03 15:48:37.018036+05:00)
2026-02-03 15:48:37,031 [INFO] apscheduler.executors.default: Job "Scheduler._broadcast_job (trigger: interval[0:01:00], next run at: 2026-02-03 15:49:37 +05)" executed successfully
2026-02-03 15:48:37,031 [INFO] apscheduler.executors.default: Job "Scheduler._hold_and_overdue_job (trigger: interval[0:01:00], next run at: 2026-02-03 15:49:37 +05)" executed successfully
2026-02-03 15:48:37,258 [INFO] apscheduler.executors.default: Job "Scheduler._check_invoices_job (trigger: interval[0:00:30], next run at: 2026-02-03 15:49:07 +05)" executed successfully
2026-02-03 15:49:07,022 [INFO] apscheduler.executors.default: Running job "Scheduler._check_invoices_job (trigger: interval[0:00:30], next run at: 2026-02-03 15:49:37 +05)" (scheduled at 2026-02-03 15:49:07.017036+05:00)
2026-02-03 15:49:07,773 [INFO] apscheduler.executors.default: Job "Scheduler._check_invoices_job (trigger: interval[0:00:30], next run at: 2026-02-03 15:49:37 +05)" executed successfully
2026-02-03 15:49:37,034 [INFO] apscheduler.executors.default: Running job "Scheduler._check_invoices_job (trigger: interval[0:00:30], next run at: 2026-02-03 15:50:07 +05)" (scheduled at 2026-02-03 15:49:37.017036+05:00)
2026-02-03 15:49:37,034 [INFO] apscheduler.executors.default: Running job "Scheduler._broadcast_job (trigger: interval[0:01:00], next run at: 2026-02-03 15:50:37 +05)" (scheduled at 2026-02-03 15:49:37.018036+05:00)
2026-02-03 15:49:37,035 [INFO] apscheduler.executors.default: Running job "Scheduler._hold_and_overdue_job (trigger: interval[0:01:00], next run at: 2026-02-03 15:50:37 +05)" (scheduled at 2026-02-03 15:49:37.018036+05:00)
2026-02-03 15:49:37,036 [INFO] apscheduler.executors.default: Job "Scheduler._broadcast_job (trigger: interval[0:01:00], next run at: 2026-02-03 15:50:37 +05)" executed successfully
2026-02-03 15:49:37,036 [INFO] apscheduler.executors.default: Job "Scheduler._hold_and_overdue_job (trigger: interval[0:01:00], next run at: 2026-02-03 15:50:37 +05)" executed successfully
2026-02-03 15:49:37,259 [INFO] apscheduler.executors.default: Job "Scheduler._check_invoices_job (trigger: interval[0:00:30], next run at: 2026-02-03 15:50:07 +05)" executed successfully
2026-02-03 15:50:07,023 [INFO] apscheduler.executors.default: Running job "Scheduler._check_invoices_job (trigger: interval[0:00:30], next run at: 2026-02-03 15:50:37 +05)" (scheduled at 2026-02-03 15:50:07.017036+05:00)
2026-02-03 15:50:07,902 [INFO] apscheduler.executors.default: Job "Scheduler._check_invoices_job (trigger: interval[0:00:30], next run at: 2026-02-03 15:50:37 +05)" executed successfully
2026-02-03 15:50:37,040 [INFO] apscheduler.executors.default: Running job "Scheduler._check_invoices_job (trigger: interval[0:00:30], next run at: 2026-02-03 15:51:07 +05)" (scheduled at 2026-02-03 15:50:37.017036+05:00)
2026-02-03 15:50:37,041 [INFO] apscheduler.executors.default: Running job "Scheduler._broadcast_job (trigger: interval[0:01:00], next run at: 2026-02-03 15:51:37 +05)" (scheduled at 2026-02-03 15:50:37.018036+05:00)
2026-02-03 15:50:37,041 [INFO] apscheduler.executors.default: Running job "Scheduler._hold_and_overdue_job (trigger: interval[0:01:00], next run at: 2026-02-03 15:51:37 +05)" (scheduled at 2026-02-03 15:50:37.018036+05:00)
2026-02-03 15:50:37,042 [INFO] apscheduler.executors.default: Job "Scheduler._broadcast_job (trigger: interval[0:01:00], next run at: 2026-02-03 15:51:37 +05)" executed successfully
2026-02-03 15:50:37,042 [INFO] apscheduler.executors.default: Job "Scheduler._hold_and_overdue_job (trigger: interval[0:01:00], next run at: 2026-02-03 15:51:37 +05)" executed successfully
2026-02-03 15:50:37,323 [INFO] apscheduler.executors.default: Job "Scheduler._check_invoices_job (trigger: interval[0:00:30], next run at: 2026-02-03 15:51:07 +05)" executed successfully
2026-02-03 15:51:07,019 [INFO] apscheduler.executors.default: Running job "Scheduler._check_invoices_job (trigger: interval[0:00:30], next run at: 2026-02-03 15:51:37 +05)" (scheduled at 2026-02-03 15:51:07.017036+05:00)
2026-02-03 15:51:07,233 [INFO] apscheduler.executors.default: Job "Scheduler._check_invoices_job (trigger: interval[0:00:30], next run at: 2026-02-03 15:51:37 +05)" executed successfully
2026-02-03 15:51:37,028 [INFO] apscheduler.executors.default: Running job "Scheduler._check_invoices_job (trigger: interval[0:00:30], next run at: 2026-02-03 15:52:07 +05)" (scheduled at 2026-02-03 15:51:37.017036+05:00)
2026-02-03 15:51:37,028 [INFO] apscheduler.executors.default: Running job "Scheduler._broadcast_job (trigger: interval[0:01:00], next run at: 2026-02-03 15:52:37 +05)" (scheduled at 2026-02-03 15:51:37.018036+05:00)
2026-02-03 15:51:37,029 [INFO] apscheduler.executors.default: Running job "Scheduler._hold_and_overdue_job (trigger: interval[0:01:00], next run at: 2026-02-03 15:52:37 +05)" (scheduled at 2026-02-03 15:51:37.018036+05:00)
2026-02-03 15:51:37,030 [INFO] apscheduler.executors.default: Job "Scheduler._broadcast_job (trigger: interval[0:01:00], next run at: 2026-02-03 15:52:37 +05)" executed successfully
2026-02-03 15:51:37,031 [INFO] apscheduler.executors.default: Job "Scheduler._hold_and_overdue_job (trigger: interval[0:01:00], next run at: 2026-02-03 15:52:37 +05)" executed successfully
2026-02-03 15:51:37,318 [INFO] apscheduler.executors.default: Job "Scheduler._check_invoices_job (trigger: interval[0:00:30], next run at: 2026-02-03 15:52:07 +05)" executed successfully
2026-02-03 15:52:07,024 [INFO] apscheduler.executors.default: Running job "Scheduler._check_invoices_job (trigger: interval[0:00:30], next run at: 2026-02-03 15:52:37 +05)" (scheduled at 2026-02-03 15:52:07.017036+05:00)
2026-02-03 15:52:07,295 [INFO] apscheduler.executors.default: Job "Scheduler._check_invoices_job (trigger: interval[0:00:30], next run at: 2026-02-03 15:52:37 +05)" executed successfully
2026-02-03 15:52:37,028 [INFO] apscheduler.executors.default: Running job "Scheduler._check_invoices_job (trigger: interval[0:00:30], next run at: 2026-02-03 15:53:07 +05)" (scheduled at 2026-02-03 15:52:37.017036+05:00)
2026-02-03 15:52:37,028 [INFO] apscheduler.executors.default: Running job "Scheduler._broadcast_job (trigger: interval[0:01:00], next run at: 2026-02-03 15:53:37 +05)" (scheduled at 2026-02-03 15:52:37.018036+05:00)
2026-02-03 15:52:37,029 [INFO] apscheduler.executors.default: Running job "Scheduler._hold_and_overdue_job (trigger: interval[0:01:00], next run at: 2026-02-03 15:53:37 +05)" (scheduled at 2026-02-03 15:52:37.018036+05:00)
2026-02-03 15:52:37,030 [INFO] apscheduler.executors.default: Job "Scheduler._broadcast_job (trigger: interval[0:01:00], next run at: 2026-02-03 15:53:37 +05)" executed successfully
2026-02-03 15:52:37,030 [INFO] apscheduler.executors.default: Job "Scheduler._hold_and_overdue_job (trigger: interval[0:01:00], next run at: 2026-02-03 15:53:37 +05)" executed successfully
2026-02-03 15:52:37,373 [INFO] apscheduler.executors.default: Job "Scheduler._check_invoices_job (trigger: interval[0:00:30], next run at: 2026-02-03 15:53:07 +05)" executed successfully
2026-02-03 15:53:07,028 [INFO] apscheduler.executors.default: Running job "Scheduler._check_invoices_job (trigger: interval[0:00:30], next run at: 2026-02-03 15:53:37 +05)" (scheduled at 2026-02-03 15:53:07.017036+05:00)
2026-02-03 15:53:07,253 [INFO] apscheduler.executors.default: Job "Scheduler._check_invoices_job (trigger: interval[0:00:30], next run at: 2026-02-03 15:53:37 +05)" executed successfully
2026-02-03 15:53:37,029 [INFO] apscheduler.executors.default: Running job "Scheduler._check_invoices_job (trigger: interval[0:00:30], next run at: 2026-02-03 15:54:07 +05)" (scheduled at 2026-02-03 15:53:37.017036+05:00)
2026-02-03 15:53:37,029 [INFO] apscheduler.executors.default: Running job "Scheduler._broadcast_job (trigger: interval[0:01:00], next run at: 2026-02-03 15:54:37 +05)" (scheduled at 2026-02-03 15:53:37.018036+05:00)
2026-02-03 15:53:37,030 [INFO] apscheduler.executors.default: Running job "Scheduler._hold_and_overdue_job (trigger: interval[0:01:00], next run at: 2026-02-03 15:54:37 +05)" (scheduled at 2026-02-03 15:53:37.018036+05:00)
2026-02-03 15:53:37,031 [INFO] apscheduler.executors.default: Job "Scheduler._broadcast_job (trigger: interval[0:01:00], next run at: 2026-02-03 15:54:37 +05)" executed successfully
2026-02-03 15:53:37,031 [INFO] apscheduler.executors.default: Job "Scheduler._hold_and_overdue_job (trigger: interval[0:01:00], next run at: 2026-02-03 15:54:37 +05)" executed successfully
2026-02-03 15:53:37,259 [INFO] apscheduler.executors.default: Job "Scheduler._check_invoices_job (trigger: interval[0:00:30], next run at: 2026-02-03 15:54:07 +05)" executed successfully
2026-02-03 15:54:07,025 [INFO] apscheduler.executors.default: Running job "Scheduler._check_invoices_job (trigger: interval[0:00:30], next run at: 2026-02-03 15:54:37 +05)" (scheduled at 2026-02-03 15:54:07.017036+05:00)
2026-02-03 15:54:07,291 [INFO] apscheduler.executors.default: Job "Scheduler._check_invoices_job (trigger: interval[0:00:30], next run at: 2026-02-03 15:54:37 +05)" executed successfully
2026-02-03 15:54:37,026 [INFO] apscheduler.executors.default: Running job "Scheduler._check_invoices_job (trigger: interval[0:00:30], next run at: 2026-02-03 15:55:07 +05)" (scheduled at 2026-02-03 15:54:37.017036+05:00)
2026-02-03 15:54:37,026 [INFO] apscheduler.executors.default: Running job "Scheduler._broadcast_job (trigger: interval[0:01:00], next run at: 2026-02-03 15:55:37 +05)" (scheduled at 2026-02-03 15:54:37.018036+05:00)
2026-02-03 15:54:37,027 [INFO] apscheduler.executors.default: Running job "Scheduler._hold_and_overdue_job (trigger: interval[0:01:00], next run at: 2026-02-03 15:55:37 +05)" (scheduled at 2026-02-03 15:54:37.018036+05:00)
2026-02-03 15:54:37,028 [INFO] apscheduler.executors.default: Job "Scheduler._broadcast_job (trigger: interval[0:01:00], next run at: 2026-02-03 15:55:37 +05)" executed successfully
2026-02-03 15:54:37,028 [INFO] apscheduler.executors.default: Job "Scheduler._hold_and_overdue_job (trigger: interval[0:01:00], next run at: 2026-02-03 15:55:37 +05)" executed successfully
2026-02-03 15:54:37,275 [INFO] apscheduler.executors.default: Job "Scheduler._check_invoices_job (trigger: interval[0:00:30], next run at: 2026-02-03 15:55:07 +05)" executed successfully
2026-02-03 15:55:07,025 [INFO] apscheduler.executors.default: Running job "Scheduler._check_invoices_job (trigger: interval[0:00:30], next run at: 2026-02-03 15:55:37 +05)" (scheduled at 2026-02-03 15:55:07.017036+05:00)
2026-02-03 15:55:07,614 [INFO] apscheduler.executors.default: Job "Scheduler._check_invoices_job (trigger: interval[0:00:30], next run at: 2026-02-03 15:55:37 +05)" executed successfully
2026-02-03 15:55:37,025 [INFO] apscheduler.executors.default: Running job "Scheduler._check_invoices_job (trigger: interval[0:00:30], next run at: 2026-02-03 15:56:07 +05)" (scheduled at 2026-02-03 15:55:37.017036+05:00)
2026-02-03 15:55:37,026 [INFO] apscheduler.executors.default: Running job "Scheduler._broadcast_job (trigger: interval[0:01:00], next run at: 2026-02-03 15:56:37 +05)" (scheduled at 2026-02-03 15:55:37.018036+05:00)
2026-02-03 15:55:37,026 [INFO] apscheduler.executors.default: Running job "Scheduler._hold_and_overdue_job (trigger: interval[0:01:00], next run at: 2026-02-03 15:56:37 +05)" (scheduled at 2026-02-03 15:55:37.018036+05:00)
2026-02-03 15:55:37,027 [INFO] apscheduler.executors.default: Job "Scheduler._broadcast_job (trigger: interval[0:01:00], next run at: 2026-02-03 15:56:37 +05)" executed successfully
2026-02-03 15:55:37,028 [INFO] apscheduler.executors.default: Job "Scheduler._hold_and_overdue_job (trigger: interval[0:01:00], next run at: 2026-02-03 15:56:37 +05)" executed successfully
2026-02-03 15:55:37,272 [INFO] apscheduler.executors.default: Job "Scheduler._check_invoices_job (trigger: interval[0:00:30], next run at: 2026-02-03 15:56:07 +05)" executed successfully
2026-02-03 15:55:42,477 [INFO] aiogram.event: Update id=514790799 is handled. Duration 328 ms by bot id=8510295030
2026-02-03 15:55:45,565 [INFO] aiogram.dispatcher: Polling stopped
2026-02-03 15:55:45,566 [ERROR] aiogram.dispatcher: Failed to fetch updates - TelegramNetworkError: HTTP Client says - ServerDisconnectedError: Server disconnected
2026-02-03 15:55:45,566 [WARNING] aiogram.dispatcher: Sleep for 1.000000 seconds and try again... (tryings = 0, bot id = 8510295030)
2026-02-03 15:55:45,818 [INFO] core.scheduler: Scheduler stopped
2026-02-03 15:55:45,818 [INFO] apscheduler.scheduler: Scheduler has been shut down
2026-02-03 15:55:45,828 [INFO] aiogram.dispatcher: Polling stopped for bot @sosybuchybot id=8510295030 - 'otsos y buchy'
